id,event_uuid,event_type,liquidity_side,symbol,trigger_price,tv_time,trigger_ts,trigger_time_text,observation_seconds,upper_target,lower_target,first_hit_side,outcome_label,hit_price,hit_ts,hit_latency_seconds,flow_until_hit_buy,flow_until_hit_sell,flow_until_hit_delta,flow_until_hit_trades,flow_1h_buy,flow_1h_sell,flow_1h_delta,flow_1h_trades,created_at
1,5f023917-aea3-4aa8-bb69-7d0917146a3a,liquidity_sweep,buy,ETHUSDT,2652.651502,2026-02-04T14:13:53Z,1770214433,2026/2/4 14:13,60,2668.35014,2640.400356,up,continuation,2668.35014,1770214475,42,351147.9825,134387.7917,216760.1908,1448,801909.7997,979007.8122,-177098.0125,4818,2026/2/4 14:13
2,32b66b97-7d2e-4322-ac05-fefded4e362b,liquidity_sweep,sell,ETHUSDT,3710.434247,2026-02-04T14:46:45Z,1770216405,2026/2/4 14:46,60,3723.044206,3690.11969,down,continuation,3690.11969,1770216448,43,194515.6776,452086.718,-257571.0404,503,806825.3673,361408.9586,445416.4087,786,2026/2/4 14:46
3,b9eca68e-fd55-4cc4-ab93-2dc0a93a1d45,liquidity_sweep,sell,BTCUSDT,98486.2273,2026-02-04T23:19:40Z,1770247180,2026/2/4 23:19,3600,98725.20879,98279.93322,up,reversal,98725.20879,1770250603,3423,321914.0688,395857.7753,-73943.7065,2075,505360.1452,351352.967,154007.1782,803,2026/2/4 23:19
4,4d34d44a-7faf-4f29-93ed-9fceac2232d1,liquidity_sweep,buy,ETHUSDT,4468.942565,2026-02-05T02:17:18Z,1770257838,2026/2/5 02:17,300,4483.348074,4456.187696,down,reversal,4456.187696,1770258069,231,404158.7623,274886.0911,129272.6712,460,396766.8459,427548.683,-30781.8371,7962,2026/2/5 02:17
5,395ce20b-f846-41f3-ac2c-c773e3db4c2e,liquidity_sweep,sell,ETHUSDT,4102.570417,2026-02-05T03:00:30Z,1770260430,2026/2/5 03:00,3600,4118.235159,4097.354453,down,continuation,4097.354453,1770263227,2797,128897.4826,187394.9639,-58497.4812,832,263289.3935,380594.5032,-117305.1096,7999,2026/2/5 03:00
6,9e194429-5e42-4495-81c8-0975b4e30ec0,liquidity_sweep,buy,ETHUSDT,4947.2521,2026-02-05T10:29:02Z,1770287342,2026/2/5 10:29,3600,4962.360353,4928.209987,down,reversal,4928.209987,1770290513,3171,243744.6543,470120.533,-226375.8787,2686,570258.7036,301648.8619,268609.8417,3807,2026/2/5 10:29
7,72bf3807-9a6f-4b01-a417-30f8a2d2b902,liquidity_sweep,sell,ETHUSDT,2925.958642,2026-02-05T11:11:54Z,1770289914,2026/2/5 11:11,60,2930.414384,2919.105258,up,reversal,2930.414384,1770289953,39,306810.1297,206544.2013,100265.9284,740,623864.8877,643184.9267,-19320.0391,6892,2026/2/5 11:11
8,f0da6831-a5ce-4823-aa15-8e55f85c277e,liquidity_sweep,buy,ETHUSDT,2946.528883,2026-02-05T18:12:49Z,1770315169,2026/2/5 18:12,3600,2955.67221,2940.635455,down,reversal,2940.635455,1770315824,655,364862.2293,169140.863,195721.3663,1752,134084.2869,704872.5012,-570788.2143,3762,2026/2/5 18:12
9,98ee9636-2b71-466c-b1a8-a09c2fe9f1e4,liquidity_sweep,sell,ETHUSDT,4639.410851,2026-02-05T19:56:53Z,1770321413,2026/2/5 19:56,900,4652.716563,4619.256614,up,reversal,4652.716563,1770322019,606,72521.5364,469989.1519,-397467.6155,592,728047.7556,311105.6629,416942.0928,9787,2026/2/5 19:56
10,ef7d171b-43d8-4498-91aa-081747a87e86,liquidity_sweep,sell,ETHUSDT,3481.791399,2026-02-06T09:29:52Z,1770370192,2026/2/6 09:29,3600,3494.484655,3469.290974,down,continuation,3469.290974,1770372513,2321,215877.0571,470691.7516,-254814.6945,1797,862416.5911,344363.4998,518053.0913,5807,2026/2/6 09:29
11,43f68575-5b57-4806-8d8e-164a2fdcec9c,liquidity_sweep,buy,ETHUSDT,3338.176689,2026-02-06T10:26:40Z,1770373600,2026/2/6 10:26,60,3357.873036,3318.782662,up,continuation,3357.873036,1770373623,23,413534.2495,157327.5673,256206.6822,774,464878.8312,691652.1425,-226773.3113,3521,2026/2/6 10:26
12,42c0f833-33b0-45da-a03b-6227a457ba9a,liquidity_sweep,buy,BTCUSDT,87252.38556,2026-02-06T20:52:30Z,1770411150,2026/2/6 20:52,3600,87731.34947,86958.5606,up,continuation,87731.34947,1770411677,527,485035.1803,134533.2932,350501.8872,2536,836832.611,343972.9944,492859.6166,5671,2026/2/6 20:52
13,037e65c8-d7fa-4e5f-a95f-93390387832c,liquidity_sweep,buy,BTCUSDT,100983.5971,2026-02-06T21:43:15Z,1770414195,2026/2/6 21:43,60,101239.8987,100608.5586,up,continuation,101239.8987,1770414209,14,243538.2706,219377.6205,24160.6501,1669,357334.9074,502366.4195,-145031.5121,9273,2026/2/6 21:43
14,d099fbe9-0676-49e7-879c-a2c39adcb07f,liquidity_sweep,buy,BTCUSDT,101889.0529,2026-02-07T00:31:50Z,1770424310,2026/2/7 00:31,60,102164.5044,101319.5082,up,continuation,102164.5044,1770424329,19,265094.0492,476036.1698,-210942.1206,2848,781495.7718,745591.9542,35903.8176,4943,2026/2/7 00:31
15,180e3a6c-0390-431a-9b26-9f40fc9e2935,liquidity_sweep,buy,ETHUSDT,3341.04264,2026-02-07T01:20:18Z,1770427218,2026/2/7 01:20,900,3347.48618,3334.854461,up,continuation,3347.48618,1770427524,306,472494.3196,264649.5862,207844.7333,2608,694042.9509,744098.7441,-50055.7932,1494,2026/2/7 01:20
16,9eb272cb-ebbb-43d8-9f02-25741fe51eb5,liquidity_sweep,sell,ETHUSDT,5088.679456,2026-02-07T02:29:43Z,1770431383,2026/2/7 02:29,3600,5102.445029,5074.786202,up,reversal,5102.445029,1770433654,2271,65902.0036,478388.7401,-412486.7365,244,344957.7802,763190.014,-418232.2339,9529,2026/2/7 02:29
17,7da2f271-a30d-4e8b-a09f-94f27237f40b,liquidity_sweep,buy,BTCUSDT,100872.393,2026-02-07T10:14:14Z,1770459254,2026/2/7 10:14,3600,101134.3151,100400.1621,up,continuation,101134.3151,1770459887,633,52287.9577,452960.8695,-400672.9118,1576,646394.9601,118968.7583,527426.2018,1952,2026/2/7 10:14
18,0ae92e62-ed32-40fc-82e1-040ff679a238,liquidity_sweep,sell,ETHUSDT,2359.087037,2026-02-07T14:48:43Z,1770475723,2026/2/7 14:48,3600,2367.831998,2355.110537,up,reversal,2367.831998,1770477456,1733,421517.3001,259949.0548,161568.2453,349,848924.738,353090.4229,495834.3151,664,2026/2/7 14:48
19,dbff7621-9394-40dd-bf5a-20f3f1cd66ca,liquidity_sweep,buy,ETHUSDT,3898.111233,2026-02-07T18:34:27Z,1770489267,2026/2/7 18:34,3600,3909.632664,3880.068239,up,continuation,3909.632664,1770489779,512,313420.717,169616.1847,143804.5322,381,458305.614,238606.719,219698.895,6885,2026/2/7 18:34
20,86aa5ec7-a768-4c5a-94bf-c419b7610e1d,liquidity_sweep,sell,BTCUSDT,91174.81957,2026-02-07T18:44:44Z,1770489884,2026/2/7 18:44,300,91441.10414,90733.84701,up,reversal,91441.10414,1770490096,212,288608.8115,399365.0606,-110756.2491,674,383322.0397,651237.6944,-267915.6547,2274,2026/2/7 18:44
21,5d003a30-d702-4de9-b048-34a2b3e8c7e5,liquidity_sweep,sell,ETHUSDT,4027.031492,2026-02-08T00:48:30Z,1770511710,2026/2/8 00:48,60,4037.547485,4013.425826,down,continuation,4013.425826,1770511731,21,288959.2255,478508.0205,-189548.795,985,113577.1757,597779.9128,-484202.737,5366,2026/2/8 00:48
22,b18e0060-51cb-47a8-8d72-f4102c0f6313,liquidity_sweep,buy,ETHUSDT,4107.415156,2026-02-08T01:39:21Z,1770514761,2026/2/8 01:39,60,4115.296783,4092.365526,up,continuation,4115.296783,1770514794,33,496578.1379,348695.1323,147883.0056,1567,532012.934,388402.5362,143610.3978,7289,2026/2/8 01:39
23,8a987f52-0847-46b0-9a21-e32465189ace,liquidity_sweep,buy,BTCUSDT,101510.1442,2026-02-08T03:27:14Z,1770521234,2026/2/8 03:27,60,101845.2821,100971.6112,up,continuation,101845.2821,1770521265,31,499001.4981,297786.8432,201214.6549,626,251150.9727,358985.1119,-107834.1392,8524,2026/2/8 03:27
24,a9058e16-9825-4e5c-afbe-33de0c4ec3f5,liquidity_sweep,sell,ETHUSDT,4633.423811,2026-02-08T05:56:21Z,1770530181,2026/2/8 05:56,900,4643.468165,4607.179105,up,reversal,4643.468165,1770530839,658,329796.976,386226.056,-56429.0801,1384,907391.3085,628895.5317,278495.7768,9688,2026/2/8 05:56
25,551a9ffa-16f2-4d77-9fa1-eddeed4c4f19,liquidity_sweep,buy,BTCUSDT,90526.55217,2026-02-08T08:32:42Z,1770539562,2026/2/8 08:32,3600,91069.21046,89987.10952,up,continuation,91069.21046,1770540927,1365,117461.6132,350701.7706,-233240.1574,2325,219720.5986,302018.5201,-82297.9215,1569,2026/2/8 08:32
26,8aa9f6f6-bed0-4045-aa39-290cb5d1b203,liquidity_sweep,sell,ETHUSDT,3043.527197,2026-02-08T12:33:32Z,1770554012,2026/2/8 12:33,60,3050.076979,3038.272188,up,reversal,3050.076979,1770554062,50,189933.2671,287083.9649,-97150.6978,236,738092.5237,596882.7861,141209.7377,7628,2026/2/8 12:33
27,97c7c21c-2b58-459f-b233-0a97f89e4308,liquidity_sweep,sell,ETHUSDT,3953.349421,2026-02-08T19:36:21Z,1770579381,2026/2/8 19:36,3600,3975.246118,3944.68821,up,reversal,3975.246118,1770581367,1986,449365.3674,155768.9762,293596.3913,1260,377736.8374,460356.1376,-82619.3003,9749,2026/2/8 19:36
28,a9be2084-87d4-4d23-8bb2-ba37d9f91b41,liquidity_sweep,sell,BTCUSDT,98403.31859,2026-02-09T04:32:47Z,1770611567,2026/2/9 04:32,900,98832.27897,97905.60234,up,reversal,98832.27897,1770612004,437,181774.2413,122448.7237,59325.5176,1044,598726.7719,678061.8319,-79335.0599,3390,2026/2/9 04:32
29,400ad22d-335a-4443-84b0-b379eea14979,liquidity_sweep,sell,ETHUSDT,2271.266172,2026-02-09T05:17:52Z,1770614272,2026/2/9 05:17,300,2277.386391,2260.007149,up,reversal,2277.386391,1770614439,167,64632.6826,480055.4704,-415422.7878,1724,282126.8647,118563.0435,163563.8211,3627,2026/2/9 05:17
30,55662d0d-ce75-4b9f-8388-9dd978474b41,liquidity_sweep,sell,BTCUSDT,95474.4519,2026-02-09T08:17:57Z,1770625077,2026/2/9 08:17,60,96002.67805,95236.05158,up,reversal,96002.67805,1770625127,50,495374.7176,237196.076,258178.6416,761,176456.0542,740307.8477,-563851.7935,8385,2026/2/9 08:17
31,519ed4c6-9f55-4ac2-992c-c6b6c857a0a1,liquidity_sweep,buy,BTCUSDT,103555.0489,2026-02-09T08:21:25Z,1770625285,2026/2/9 08:21,60,104046.4378,102941.6584,up,continuation,104046.4378,1770625329,44,368077.738,385391.0888,-17313.3508,2014,230668.8273,429453.9693,-198785.142,3417,2026/2/9 08:21
32,ccf20ef8-fa15-4c39-937e-b67e998c8983,liquidity_sweep,sell,ETHUSDT,4391.964215,2026-02-09T10:56:13Z,1770634573,2026/2/9 10:56,3600,4405.471276,4367.336041,up,reversal,4405.471276,1770638101,3528,340530.8581,214227.8889,126302.9693,1341,271223.7226,962237.0019,-691013.2793,1038,2026/2/9 10:56
33,df61fb5d-9aa2-4147-817e-712d2cf591be,liquidity_sweep,sell,BTCUSDT,104407.0815,2026-02-09T16:06:09Z,1770653169,2026/2/9 16:06,3600,104834.9649,103849.8751,down,continuation,103849.8751,1770654181,1012,460791.8367,82040.4199,378751.4168,2493,744548.8329,181003.77,563545.063,2266,2026/2/9 16:06
34,7f2c97f0-8b89-4f81-ae5f-679618eed4b1,liquidity_sweep,sell,ETHUSDT,4329.024557,2026-02-09T16:54:24Z,1770656064,2026/2/9 16:54,60,4344.240833,4303.616479,down,continuation,4303.616479,1770656114,50,201823.4637,157518.6752,44304.7885,2770,103289.2094,745750.1926,-642460.9831,6046,2026/2/9 16:54
35,69e69a42-2c1d-4f62-9d6d-7d2492416aeb,liquidity_sweep,sell,ETHUSDT,3945.123056,2026-02-09T20:17:26Z,1770668246,2026/2/9 20:17,3600,3961.431904,3932.200662,up,reversal,3961.431904,1770671125,2879,347326.7334,310524.3375,36802.3959,2366,290679.3102,642973.1665,-352293.8563,6515,2026/2/9 20:17
36,f5a7b550-1c50-4b0a-a541-403a8dc9f26f,liquidity_sweep,buy,ETHUSDT,4602.218771,2026-02-09T21:26:47Z,1770672407,2026/2/9 21:26,300,4611.369361,4594.979735,down,reversal,4594.979735,1770672441,34,100493.9722,432706.9268,-332212.9546,2913,384128.4615,873503.9265,-489375.465,3113,2026/2/9 21:26
37,70f968d8-81c0-49d5-bb9f-20db76fbe5e4,liquidity_sweep,buy,BTCUSDT,91555.19248,2026-02-10T02:59:36Z,1770692376,2026/2/10 02:59,3600,91748.08883,91173.75812,down,reversal,91173.75812,1770695383,3007,78979.0004,328430.9792,-249451.9788,1949,511479.0165,936895.021,-425416.0045,599,2026/2/10 02:59
38,4b1a590a-0103-414a-8ad5-3b87dd7f7334,liquidity_sweep,buy,BTCUSDT,85012.31138,2026-02-10T05:04:14Z,1770699854,2026/2/10 05:04,3600,85455.53685,84784.60588,up,continuation,85455.53685,1770700941,1087,262048.6232,112804.4372,149244.186,2277,666909.0423,652262.1482,14646.8941,8157,2026/2/10 05:04
39,f3513e02-ebee-41cd-ac62-c2c567893de1,liquidity_sweep,buy,ETHUSDT,4672.918773,2026-02-10T07:18:04Z,1770707884,2026/2/10 07:18,300,4697.717273,4659.86807,down,reversal,4659.86807,1770707959,75,66663.9752,249499.8326,-182835.8574,1063,834382.204,424076.8883,410305.3157,4466,2026/2/10 07:18
40,e84c75db-e214-442f-b9a7-75c3eddc7851,liquidity_sweep,buy,ETHUSDT,4820.188882,2026-02-10T10:58:07Z,1770721087,2026/2/10 10:58,3600,4846.373609,4793.087674,up,continuation,4846.373609,1770721443,356,478940.987,281846.3991,197094.5879,2156,483439.8547,722348.8475,-238908.9929,7493,2026/2/10 10:58
41,f6d312ea-2f57-49ab-958a-47b3f318f457,liquidity_sweep,buy,ETHUSDT,3655.386376,2026-02-11T05:01:01Z,1770786061,2026/2/11 05:01,900,3664.198277,3636.559304,up,continuation,3664.198277,1770786573,512,284985.0781,322598.9452,-37613.8671,1197,628919.6029,455598.0558,173321.5471,2513,2026/2/11 05:01
42,5a0a27e0-17ec-49cc-a98a-6e006410ede8,liquidity_sweep,sell,ETHUSDT,4745.289187,2026-02-11T08:15:15Z,1770797715,2026/2/11 08:15,3600,4771.547615,4723.596884,down,continuation,4723.596884,1770800853,3138,392239.9541,465159.8379,-72919.8839,479,262793.8038,231402.1559,31391.648,4270,2026/2/11 08:15
43,31ebfa9d-4e26-4a2f-86f2-584b22c0db3a,liquidity_sweep,sell,ETHUSDT,4304.698797,2026-02-11T17:00:16Z,1770829216,2026/2/11 17:00,60,4323.980448,4278.90771,down,continuation,4278.90771,1770829249,33,123012.268,182194.4387,-59182.1707,941,416629.6484,269395.4685,147234.1799,6954,2026/2/11 17:00
44,1a205810-b415-4055-9dfd-8cccbfdc628c,liquidity_sweep,sell,BTCUSDT,99219.83536,2026-02-11T19:29:25Z,1770838165,2026/2/11 19:29,900,99465.67328,98933.29231,down,continuation,98933.29231,1770838895,730,458235.6198,113762.1735,344473.4464,755,886169.5476,634997.276,251172.2716,6254,2026/2/11 19:29
45,e7c06f4a-c716-4af7-bcdf-a27374d49d96,liquidity_sweep,buy,ETHUSDT,5038.777673,2026-02-11T21:51:12Z,1770846672,2026/2/11 21:51,3600,5045.833759,5023.022276,up,continuation,5045.833759,1770849820,3148,178443.3188,68731.5777,109711.7411,2587,888581.3695,580477.8597,308103.5098,2587,2026/2/11 21:51
46,8b20f5ab-3347-45e7-b0a7-604277b663be,liquidity_sweep,sell,BTCUSDT,100145.7376,2026-02-12T03:00:57Z,1770865257,2026/2/12 03:00,60,100316.2613,99568.0828,up,reversal,100316.2613,1770865292,35,385177.4356,321832.5642,63344.8714,2248,396587.6172,880311.9404,-483724.3231,9887,2026/2/12 03:00
47,e90997d2-b9e6-4bd5-97de-4a12e6376027,liquidity_sweep,buy,BTCUSDT,87060.21887,2026-02-12T03:40:57Z,1770867657,2026/2/12 03:40,60,87556.24681,86839.92078,down,reversal,86839.92078,1770867676,19,160787.6212,82091.3109,78696.3103,1271,497126.8736,662888.8605,-165761.9869,8221,2026/2/12 03:40
48,1c0df602-7bd0-43c8-a89e-f613e496adea,liquidity_sweep,buy,ETHUSDT,3786.723053,2026-02-12T04:08:34Z,1770869314,2026/2/12 04:08,60,3795.580141,3765.751644,up,continuation,3795.580141,1770869364,50,409118.2095,435492.6824,-26374.4729,1269,319805.9105,100293.8966,219512.0139,2000,2026/2/12 04:08
49,eba11095-d293-4a88-8bd5-75d4dd627cdc,liquidity_sweep,buy,ETHUSDT,5037.511498,2026-02-12T04:28:38Z,1770870518,2026/2/12 04:28,900,5050.830444,5025.008004,down,reversal,5025.008004,1770871203,685,312595.4601,320532.578,-7937.1179,665,207687.3741,480819.4589,-273132.0848,1156,2026/2/12 04:28
50,e14db356-36b9-4ff2-ab41-d18d4920c137,liquidity_sweep,sell,BTCUSDT,92138.22417,2026-02-12T06:43:16Z,1770878596,2026/2/12 06:43,300,92507.68232,91753.81083,up,reversal,92507.68232,1770878662,66,322931.2772,390327.8379,-67396.5607,1744,932483.2663,645690.0633,286793.203,6968,2026/2/12 06:43
51,f4b2682a-7a40-465f-b4dd-31c62fefe9fb,liquidity_sweep,buy,ETHUSDT,4437.487589,2026-02-12T12:41:26Z,1770900086,2026/2/12 12:41,900,4457.926745,4421.007782,up,continuation,4457.926745,1770900847,761,480076.1852,170111.092,309965.0932,2875,667675.6536,855572.6645,-187897.0109,5054,2026/2/12 12:41
52,568f3e4c-b182-4bc0-8aeb-add791f5b98e,liquidity_sweep,sell,ETHUSDT,3555.20093,2026-02-12T13:39:19Z,1770903559,2026/2/12 13:39,300,3560.239663,3541.064195,up,reversal,3560.239663,1770903761,202,91620.4633,220987.1367,-129366.6734,718,348024.9169,210353.9736,137670.9433,2843,2026/2/12 13:39
53,e718006c-ed29-4143-a507-95de713dc077,liquidity_sweep,sell,BTCUSDT,92346.42675,2026-02-12T16:22:23Z,1770913343,2026/2/12 16:22,3600,92757.91699,92191.5388,up,reversal,92757.91699,1770915953,2610,131258.7184,391770.5207,-260511.8023,1403,302053.9129,932660.0423,-630606.1294,7790,2026/2/12 16:22
54,8be30445-8336-4353-b9f0-fc6e9a21db23,liquidity_sweep,sell,ETHUSDT,2702.275461,2026-02-12T16:30:08Z,1770913808,2026/2/12 16:30,900,2709.978808,2692.596322,down,continuation,2692.596322,1770914012,204,345617.7259,91535.5714,254082.1545,1055,333510.9311,902756.7582,-569245.8272,6864,2026/2/12 16:30
55,11a839d3-1342-487d-b36b-59b6bb539e29,liquidity_sweep,buy,BTCUSDT,88940.0284,2026-02-12T19:50:20Z,1770925820,2026/2/12 19:50,900,89066.29277,88757.07858,down,reversal,88757.07858,1770926480,660,227997.2794,225724.8214,2272.458,134,150389.1986,352498.8795,-202109.6809,621,2026/2/12 19:50
56,fba5437f-2447-4ef9-8142-7aec1fbed318,liquidity_sweep,buy,ETHUSDT,3112.853451,2026-02-12T19:57:25Z,1770926245,2026/2/12 19:57,900,3117.92553,3108.246571,up,continuation,3117.92553,1770926379,134,459271.5336,210349.7467,248921.787,292,133145.0989,785242.9533,-652097.8544,997,2026/2/12 19:57
57,c2ce3e05-2227-4a87-9d13-36105493f70e,liquidity_sweep,sell,ETHUSDT,5184.976947,2026-02-13T03:01:54Z,1770951714,2026/2/13 03:01,3600,5214.496654,5158.139407,down,continuation,5158.139407,1770954512,2798,72370.0168,303096.0309,-230726.014,1220,315658.8328,433481.3946,-117822.5617,6247,2026/2/13 03:01
58,89dc3f5b-ce23-4aed-9090-b42eabf30af7,liquidity_sweep,sell,BTCUSDT,90791.07366,2026-02-13T06:51:42Z,1770965502,2026/2/13 06:51,3600,91190.77649,90469.24792,up,reversal,91190.77649,1770966746,1244,486434.0692,343472.5399,142961.5293,2266,172709.8535,357520.0685,-184810.215,4830,2026/2/13 06:51
59,9fadc05e-5c61-4ff4-adca-d086d1555290,liquidity_sweep,buy,ETHUSDT,4180.090689,2026-02-13T15:01:42Z,1770994902,2026/2/13 15:01,60,4194.332403,4169.907425,up,continuation,4194.332403,1770994935,33,450015.1443,368912.536,81102.6083,1789,539841.249,466661.5163,73179.7327,2949,2026/2/13 15:01
60,f3de8c00-735e-4009-a4c6-4aefa28b5aba,liquidity_sweep,sell,ETHUSDT,2814.724234,2026-02-13T16:50:35Z,1771001435,2026/2/13 16:50,3600,2830.09713,2810.077636,down,continuation,2810.077636,1771001673,238,215144.7198,370706.713,-155561.9932,2540,293328.3704,821017.571,-527689.2006,6170,2026/2/13 16:50
61,acf03af0-c74a-4c6f-953b-5ae2571230c2,liquidity_sweep,buy,BTCUSDT,87322.29233,2026-02-13T19:56:47Z,1771012607,2026/2/13 19:56,900,87480.56602,87157.30284,up,continuation,87480.56602,1771012945,338,325659.5175,340816.4381,-15156.9205,2710,482827.4692,579547.2169,-96719.7477,3821,2026/2/13 19:56
62,b663e2ae-0a6f-47c7-9326-027d18aa0ebf,liquidity_sweep,buy,ETHUSDT,3163.240085,2026-02-14T03:38:41Z,1771040321,2026/2/14 03:38,60,3171.808918,3144.879336,down,reversal,3144.879336,1771040368,47,154021.9858,330020.7234,-175998.7375,2742,658594.4987,598156.4832,60438.0156,5963,2026/2/14 03:38
63,19b3cef5-5d73-4118-8d8a-eb5b8d624d1b,liquidity_sweep,sell,BTCUSDT,96087.09036,2026-02-14T07:15:15Z,1771053315,2026/2/14 07:15,900,96333.89367,95875.73675,up,reversal,96333.89367,1771053392,77,466484.8053,131525.4194,334959.3859,1447,556491.811,959882.9437,-403391.1327,799,2026/2/14 07:15
64,2f981c10-cce6-499b-b90a-100a4cd6e075,liquidity_sweep,sell,BTCUSDT,91963.54358,2026-02-14T12:54:39Z,1771073679,2026/2/14 12:54,900,92339.65497,91561.15507,up,reversal,92339.65497,1771074553,874,459356.1464,272500.899,186855.2475,182,323959.7932,443227.8504,-119268.0573,2428,2026/2/14 12:54
65,20896df4-2400-4f23-81b2-6a74bd839c16,liquidity_sweep,sell,ETHUSDT,4530.671451,2026-02-14T13:23:45Z,1771075425,2026/2/14 13:23,3600,4556.288495,4512.806565,up,reversal,4556.288495,1771076060,635,188594.9764,266848.6675,-78253.6911,320,942982.7596,771896.6226,171086.137,4741,2026/2/14 13:23
66,c6b8956a-3eca-4a1b-ae6e-af2dec6cded4,liquidity_sweep,buy,ETHUSDT,4715.86188,2026-02-14T14:47:34Z,1771080454,2026/2/14 14:47,300,4739.678368,4704.881103,down,reversal,4704.881103,1771080637,183,446074.5162,125655.1544,320419.3618,1632,432710.0556,649138.8739,-216428.8183,7627,2026/2/14 14:47
67,3f508d8a-e7fd-4706-9653-5064b6e62f96,liquidity_sweep,sell,BTCUSDT,102886.1829,2026-02-14T16:31:02Z,1771086662,2026/2/14 16:31,3600,103063.4843,102313.1878,up,reversal,103063.4843,1771089217,2555,341376.2171,214133.8829,127242.3341,587,566036.0098,217950.4458,348085.564,3625,2026/2/14 16:31
68,0bb75468-46cd-4b8e-bab5-9ca711052831,liquidity_sweep,buy,ETHUSDT,4677.867998,2026-02-14T19:10:29Z,1771096229,2026/2/14 19:10,900,4704.028153,4657.712535,up,continuation,4704.028153,1771096466,237,413637.9861,429076.3544,-15438.3683,483,448406.7224,577707.8497,-129301.1273,3313,2026/2/14 19:10
69,bd72347c-4fb9-4747-86d7-6b0aa09b28a1,liquidity_sweep,buy,ETHUSDT,4899.916718,2026-02-14T20:40:08Z,1771101608,2026/2/14 20:40,60,4922.966463,4881.558035,down,reversal,4881.558035,1771101621,13,150655.0863,183583.6912,-32928.6049,1074,704256.4052,415128.0932,289128.3121,7882,2026/2/14 20:40
70,82b38442-e740-43b3-8059-2fa05d381a1f,liquidity_sweep,sell,BTCUSDT,92132.74701,2026-02-15T02:33:23Z,1771122803,2026/2/15 02:33,300,92285.07252,91968.03915,up,reversal,92285.07252,1771123065,262,304751.7784,63995.283,240756.4953,1459,577762.5727,124889.8952,452872.6774,663,2026/2/15 02:33
71,806f5f75-7017-4b67-b8c2-b6fc8e223488,liquidity_sweep,buy,BTCUSDT,95908.85381,2026-02-15T03:17:42Z,1771125462,2026/2/15 03:17,3600,96063.2544,95603.88599,up,continuation,96063.2544,1771127828,2366,97575.4339,255243.5466,-157668.1126,2980,491045.8884,343438.8348,147607.0536,8991,2026/2/15 03:17
72,e9590d00-8fb1-4f41-b38c-a6241c56f171,liquidity_sweep,sell,ETHUSDT,3974.433049,2026-02-15T06:10:15Z,1771135815,2026/2/15 06:10,3600,3994.699347,3962.490569,down,continuation,3962.490569,1771137157,1342,216956.7527,399964.4542,-183007.7016,176,430103.6853,191236.6899,238866.9954,9495,2026/2/15 06:10
73,973c1f13-3b23-4e24-b050-faddc1cde641,liquidity_sweep,buy,BTCUSDT,99668.28849,2026-02-15T07:36:00Z,1771140960,2026/2/15 07:36,3600,100035.3666,99439.72567,down,reversal,99439.72567,1771141288,328,93373.7838,173529.1207,-80155.3369,758,481675.8211,504691.7699,-23015.9488,6419,2026/2/15 07:36
74,78e30500-0c10-42b7-ab5d-35f313542620,liquidity_sweep,buy,ETHUSDT,3038.779707,2026-02-15T13:34:42Z,1771162482,2026/2/15 13:34,900,3043.669139,3027.720774,down,reversal,3027.720774,1771163117,635,395433.596,340019.1364,55414.4597,1822,535489.1552,799475.8184,-263986.6631,4229,2026/2/15 13:34
75,7f01214c-97fd-4ed5-80ad-54a5f2e00073,liquidity_sweep,buy,BTCUSDT,100955.4559,2026-02-15T14:34:08Z,1771166048,2026/2/15 14:34,900,101262.5463,100673.7981,down,reversal,100673.7981,1771166597,549,202700.951,237918.1157,-35217.1647,999,680267.8156,416656.0782,263611.7375,3025,2026/2/15 14:34
76,2d191a36-261e-404d-8341-5a2668c22724,liquidity_sweep,sell,BTCUSDT,86975.13387,2026-02-15T17:18:31Z,1771175911,2026/2/15 17:18,3600,87248.66194,86559.6811,down,continuation,86559.6811,1771178001,2090,199495.2356,343794.559,-144299.3234,1979,883147.8088,404696.1278,478451.6811,992,2026/2/15 17:18
77,7b725063-8936-423a-8f1c-7a691dc820cc,liquidity_sweep,buy,ETHUSDT,3618.912663,2026-02-15T22:47:41Z,1771195661,2026/2/15 22:47,300,3637.656119,3613.46691,up,continuation,3637.656119,1771195820,159,308462.5393,380448.1814,-71985.6421,423,872919.7342,240034.8288,632884.9054,8715,2026/2/15 22:47
78,36716bb0-c7f4-4267-8a39-a0764a2a7c91,liquidity_sweep,sell,ETHUSDT,3319.089122,2026-02-15T23:08:02Z,1771196882,2026/2/15 23:08,900,3337.051181,3304.008379,up,reversal,3337.051181,1771197024,142,86640.6458,289492.2176,-202851.5718,1215,339598.6132,212197.1047,127401.5085,7307,2026/2/15 23:08
79,c4396f3b-61fd-4d16-b223-777e43e2aab0,liquidity_sweep,buy,BTCUSDT,96015.60997,2026-02-16T04:34:47Z,1771216487,2026/2/16 04:34,900,96286.81616,95639.2615,up,continuation,96286.81616,1771216837,350,278111.0094,194911.8934,83199.1159,2047,932691.4229,222672.6329,710018.79,1564,2026/2/16 04:34
80,98f92e58-d0f6-4035-a83a-f6ce576f30b1,liquidity_sweep,buy,ETHUSDT,4561.506071,2026-02-16T07:22:07Z,1771226527,2026/2/16 07:22,900,4573.955522,4555.910759,down,reversal,4555.910759,1771226908,381,456234.3302,375735.2023,80499.1278,785,195019.4769,724718.6763,-529699.1994,1640,2026/2/16 07:22
81,776da2b9-25cc-4aa7-b627-8c217bdea9ff,liquidity_sweep,sell,BTCUSDT,104864.0716,2026-02-16T09:48:40Z,1771235320,2026/2/16 09:48,60,105066.7307,104235.1818,up,reversal,105066.7307,1771235358,38,122213.0988,91296.8418,30916.257,130,598168.4527,558348.7957,39819.657,7589,2026/2/16 09:48
82,88fc1077-f932-462b-a990-03c952390d06,liquidity_sweep,sell,BTCUSDT,96316.89049,2026-02-16T10:41:58Z,1771238518,2026/2/16 10:41,60,96488.36243,95953.33223,up,reversal,96488.36243,1771238544,26,58936.8328,451933.222,-392996.3891,1438,207903.8839,860344.2009,-652440.317,5353,2026/2/16 10:41
83,692b9d3b-575b-4b21-bd2a-8a73bdd3d677,liquidity_sweep,buy,BTCUSDT,97419.93925,2026-02-16T14:41:01Z,1771252861,2026/2/16 14:41,60,97642.54361,96986.7286,down,reversal,96986.7286,1771252892,31,75341.0011,474429.9898,-399088.9888,2388,448825.5688,685897.4838,-237071.915,618,2026/2/16 14:41
84,e08457e7-e6d3-4b0e-9c4f-4beceb9053d2,liquidity_sweep,buy,BTCUSDT,91147.14198,2026-02-16T18:26:49Z,1771266409,2026/2/16 18:26,60,91638.42896,90955.42535,down,reversal,90955.42535,1771266423,14,143489.8538,192012.5885,-48522.7347,254,263898.6911,343058.79,-79160.0989,1481,2026/2/16 18:26
85,96be4dc2-5c69-4178-8992-14e8035868ae,liquidity_sweep,buy,ETHUSDT,4218.674756,2026-02-16T23:25:10Z,1771284310,2026/2/16 23:25,300,4231.484255,4197.140165,down,reversal,4197.140165,1771284320,10,172330.5412,426952.3287,-254621.7874,660,464166.1588,412118.8142,52047.3447,6005,2026/2/16 23:25
86,915e0ce1-5e90-4f87-8c90-88354fbc248c,liquidity_sweep,sell,BTCUSDT,87101.00591,2026-02-17T01:46:20Z,1771292780,2026/2/17 01:46,300,87570.00664,86714.65773,up,reversal,87570.00664,1771292984,204,362211.3107,248023.2131,114188.0976,2976,922371.7907,889863.1584,32508.6323,3418,2026/2/17 01:46
87,c0f6e2b7-e71a-40da-931a-61a45593b20b,liquidity_sweep,buy,ETHUSDT,4933.532679,2026-02-17T02:35:42Z,1771295742,2026/2/17 02:35,300,4952.963653,4916.80813,up,continuation,4952.963653,1771296025,283,149030.4609,60984.4854,88045.9755,2842,178475.8528,204167.801,-25691.9483,2993,2026/2/17 02:35
88,a7645626-eb10-4bdd-8b6f-48f12a673b73,liquidity_sweep,buy,ETHUSDT,3389.525097,2026-02-17T05:08:22Z,1771304902,2026/2/17 05:08,900,3408.746907,3382.084923,down,reversal,3382.084923,1771305525,623,262687.3536,165717.3271,96970.0265,343,968299.1941,424046.1356,544253.0584,4892,2026/2/17 05:08
89,94b009a3-8c3d-45cd-8b8b-a9d14a22e243,liquidity_sweep,buy,BTCUSDT,98910.5076,2026-02-17T20:42:00Z,1771360920,2026/2/17 20:42,3600,99226.80657,98710.36919,down,reversal,98710.36919,1771363433,2513,167787.9782,265335.994,-97548.0158,2096,800558.8543,665340.5716,135218.2827,7025,2026/2/17 20:42
90,bae2a7c9-7f4a-45a6-8132-a9fc27393eb3,liquidity_sweep,buy,BTCUSDT,102570.7282,2026-02-17T22:13:20Z,1771366400,2026/2/17 22:13,300,103167.1834,102337.6841,up,continuation,103167.1834,1771366493,93,90679.7796,313394.3713,-222714.5917,2339,472587.2724,682050.4932,-209463.2208,7358,2026/2/17 22:13
91,83dff24e-d47c-4f9a-8b8e-3019e559d99c,liquidity_sweep,sell,BTCUSDT,104393.2631,2026-02-17T23:13:31Z,1771370011,2026/2/17 23:13,300,104525.6607,104195.8347,up,reversal,104525.6607,1771370132,121,244684.3431,181010.8841,63673.4589,1475,858355.7268,121109.6705,737246.0563,5781,2026/2/17 23:13
92,c15a9987-d4c8-4b10-83f3-a0631adc30ae,liquidity_sweep,sell,BTCUSDT,87282.26475,2026-02-18T00:40:56Z,1771375256,2026/2/18 00:40,3600,87712.72621,86870.86689,up,reversal,87712.72621,1771378064,2808,414660.9277,134852.3685,279808.5592,1842,470478.1044,167240.6221,303237.4823,3495,2026/2/18 00:40
93,719082da-de80-4b3d-905b-8b300e1d9a7f,liquidity_sweep,sell,BTCUSDT,93169.59856,2026-02-18T03:30:42Z,1771385442,2026/2/18 03:30,900,93628.25182,92991.54582,up,reversal,93628.25182,1771386144,702,241550.9732,428548.5259,-186997.5528,2736,555868.923,720682.3256,-164813.4027,5277,2026/2/18 03:30
94,e6eea19b-beb7-4b7c-ac2b-9267135239f3,liquidity_sweep,sell,ETHUSDT,3690.963329,2026-02-18T09:04:41Z,1771405481,2026/2/18 09:04,60,3699.665649,3672.619076,down,continuation,3672.619076,1771405508,27,105448.0001,178682.3886,-73234.3885,1579,567886.0674,271609.9478,296276.1196,2872,2026/2/18 09:04
95,cff0406c-abf3-4976-ac2a-b618bb13328c,liquidity_sweep,buy,ETHUSDT,5088.177843,2026-02-18T10:46:17Z,1771411577,2026/2/18 10:46,300,5106.36917,5082.704686,down,reversal,5082.704686,1771411768,191,415788.8071,369680.8222,46107.9849,2654,722754.1193,550957.3135,171796.8059,8399,2026/2/18 10:46
96,2eaecc77-a708-42fe-bec9-52c8640643c0,liquidity_sweep,buy,ETHUSDT,4721.478024,2026-02-18T17:45:46Z,1771436746,2026/2/18 17:45,300,4732.005275,4702.440614,down,reversal,4702.440614,1771437033,287,138318.3992,92804.9168,45513.4825,2043,254840.3358,669279.6306,-414439.2948,3072,2026/2/18 17:45
97,a618a3fc-2b38-43b8-8e6f-22560ff1ecfd,liquidity_sweep,sell,BTCUSDT,89487.11558,2026-02-18T19:49:04Z,1771444144,2026/2/18 19:49,900,89835.42739,89251.57505,down,continuation,89251.57505,1771444875,731,98019.6027,394509.1794,-296489.5767,1659,688473.3326,366768.2638,321705.0687,9929,2026/2/18 19:49
98,2ebf910c-15d0-4a3d-bae6-ac6e8baa0c65,liquidity_sweep,sell,ETHUSDT,5008.434783,2026-02-18T19:49:29Z,1771444169,2026/2/18 19:49,60,5027.774639,4995.139347,down,continuation,4995.139347,1771444215,46,287657.8081,312356.4638,-24698.6557,2601,114406.7364,441358.1609,-326951.4245,2448,2026/2/18 19:49
99,de762183-c456-425b-ac11-69cebf30a43c,liquidity_sweep,sell,ETHUSDT,2583.980017,2026-02-18T20:50:55Z,1771447855,2026/2/18 20:50,3600,2598.377157,2572.418988,up,reversal,2598.377157,1771450774,2919,349128.6826,110227.1984,238901.4842,2543,352424.6018,196427.9685,155996.6333,4936,2026/2/18 20:50
100,c93379f2-b072-41ba-b253-560fb2cd4282,liquidity_sweep,buy,ETHUSDT,3716.02091,2026-02-18T22:04:02Z,1771452242,2026/2/18 22:04,60,3730.393766,3693.897126,down,reversal,3693.897126,1771452266,24,329783.6491,458611.1859,-128827.5368,1056,829138.8006,435088.8296,394049.971,1182,2026/2/18 22:04
101,f8fe05dc-9d81-4a9f-8603-0c89648ddba7,liquidity_sweep,sell,BTCUSDT,104667.7723,2026-02-19T10:43:07Z,1771497787,2026/2/19 10:43,3600,105270.4513,104146.0228,down,continuation,104146.0228,1771498546,759,69086.0631,274446.7811,-205360.718,2357,497171.4037,117799.4864,379371.9173,4520,2026/2/19 10:43
102,0d80ca8f-880a-444a-b2cb-f688a4e0a5fc,liquidity_sweep,sell,BTCUSDT,100781.8102,2026-02-19T13:59:51Z,1771509591,2026/2/19 13:59,60,101284.2145,100288.2384,up,reversal,101284.2145,1771509602,11,71428.4671,469320.0639,-397891.5968,1559,878938.4622,753510.184,125428.2782,9920,2026/2/19 13:59
103,65fd94dc-89b3-4c1b-bc02-0935663b1041,liquidity_sweep,sell,BTCUSDT,89641.42531,2026-02-19T18:32:48Z,1771525968,2026/2/19 18:32,3600,90046.07,89439.58338,up,reversal,90046.07,1771527706,1738,186303.5221,440663.3558,-254359.8337,2611,812672.255,767911.0353,44761.2197,1521,2026/2/19 18:32
104,0a0ad20d-7662-4c8e-a06e-962e4240d6c4,liquidity_sweep,buy,BTCUSDT,104246.8564,2026-02-19T20:55:44Z,1771534544,2026/2/19 20:55,60,104393.4277,103661.0164,up,continuation,104393.4277,1771534575,31,191332.3224,455044.0997,-263711.7772,2656,595350.4857,584639.5031,10710.9826,5200,2026/2/19 20:55
105,139b0dc5-dcb1-45a4-b541-4fbc8468055e,liquidity_sweep,buy,BTCUSDT,87173.48582,2026-02-20T02:36:24Z,1771554984,2026/2/20 02:36,900,87298.71191,87042.39523,up,continuation,87298.71191,1771555307,323,55965.2572,451425.6951,-395460.438,2258,302602.2747,532005.6472,-229403.3724,7719,2026/2/20 02:36
106,c9334037-0634-4282-90b0-cad16f8882a1,liquidity_sweep,sell,ETHUSDT,4517.429118,2026-02-20T04:38:22Z,1771562302,2026/2/20 04:38,3600,4527.237641,4495.664225,up,reversal,4527.237641,1771563536,1234,328875.0686,160568.0289,168307.0397,2425,259521.2382,657445.3066,-397924.0685,2406,2026/2/20 04:38
107,aa0f11f7-221a-422f-969b-4e357a48a2d8,liquidity_sweep,sell,BTCUSDT,88092.61471,2026-02-20T05:32:33Z,1771565553,2026/2/20 05:32,60,88315.2144,87578.18541,down,continuation,87578.18541,1771565600,47,77761.165,253734.1145,-175972.9495,289,399053.9392,814372.7462,-415318.8069,1463,2026/2/20 05:32
108,d98ff7bb-8039-4213-8583-6860c802bc2d,liquidity_sweep,buy,ETHUSDT,4239.976954,2026-02-20T18:39:28Z,1771612768,2026/2/20 18:39,300,4256.11774,4220.581168,down,reversal,4220.581168,1771613025,257,204817.8635,137265.8297,67552.0338,559,559411.0787,326895.1916,232515.8871,8145,2026/2/20 18:39
109,4da584f3-da72-4611-8136-4cc092f1d41a,liquidity_sweep,buy,BTCUSDT,96962.46095,2026-02-21T01:50:09Z,1771638609,2026/2/21 01:50,900,97315.29383,96796.69355,up,continuation,97315.29383,1771638768,159,248848.0672,77877.144,170970.9232,1046,424406.5605,685948.5431,-261541.9826,3738,2026/2/21 01:50
110,409699cd-ede1-4d15-9270-9d5cb6783165,liquidity_sweep,sell,ETHUSDT,3783.78553,2026-02-21T01:52:46Z,1771638766,2026/2/21 01:52,300,3791.907077,3774.986428,down,continuation,3774.986428,1771639014,248,322670.7839,116659.405,206011.3789,1108,964295.104,881287.4335,83007.6705,7304,2026/2/21 01:52
111,ff19b46d-df91-4872-9f6d-eacf8bb7c32e,liquidity_sweep,buy,ETHUSDT,2886.360849,2026-02-21T03:37:38Z,1771645058,2026/2/21 03:37,60,2895.039886,2873.090414,up,continuation,2895.039886,1771645110,52,356823.614,153527.6504,203295.9636,1426,523264.4646,702936.6851,-179672.2205,4434,2026/2/21 03:37
112,b1651ca6-b99a-4843-8785-491b8addcae6,liquidity_sweep,buy,ETHUSDT,3329.255112,2026-02-21T06:37:34Z,1771655854,2026/2/21 06:37,3600,3335.329706,3316.438536,down,reversal,3316.438536,1771657276,1422,312660.0696,476646.6459,-163986.5763,1925,155309.7848,352556.6496,-197246.8649,2534,2026/2/21 06:37
113,e6b810bf-e77d-4f17-b369-3d963764ad5a,liquidity_sweep,sell,BTCUSDT,103569.8589,2026-02-21T07:16:50Z,1771658210,2026/2/21 07:16,900,103796.5129,103031.149,down,continuation,103031.149,1771658969,759,227772.4887,61119.2157,166653.2729,2904,825786.7443,486845.0569,338941.6873,8078,2026/2/21 07:16
114,17ad51c1-25cb-47d7-abe0-5b86c8c5aa6c,liquidity_sweep,sell,BTCUSDT,90776.17882,2026-02-21T13:02:41Z,1771678961,2026/2/21 13:02,60,91110.38339,90256.50237,up,reversal,91110.38339,1771678982,21,438724.68,475448.6448,-36723.9648,1813,767645.7804,566997.9528,200647.8276,746,2026/2/21 13:02
115,03981587-1cbb-42d3-8a36-14753cac2482,liquidity_sweep,buy,ETHUSDT,4380.945243,2026-02-21T13:59:37Z,1771682377,2026/2/21 13:59,60,4405.670714,4371.85224,up,continuation,4405.670714,1771682436,59,247753.75,76127.9984,171625.7516,297,832878.9188,135296.4359,697582.4828,4623,2026/2/21 13:59
116,e604846f-7b18-4c58-9e3f-e6b9c632ac10,liquidity_sweep,buy,ETHUSDT,3766.351307,2026-02-21T15:49:51Z,1771688991,2026/2/21 15:49,900,3771.250891,3761.049267,up,continuation,3771.250891,1771689614,623,497133.8492,184221.8273,312912.0219,817,827996.557,864142.8301,-36146.2732,5797,2026/2/21 15:49
117,15911cb4-d786-4b9c-937e-5344d49f4d59,liquidity_sweep,sell,BTCUSDT,85727.18415,2026-02-21T17:39:46Z,1771695586,2026/2/21 17:39,3600,85965.30267,85388.79613,up,reversal,85965.30267,1771696535,949,322183.4461,156962.6252,165220.8209,857,322547.8372,836142.7359,-513594.8986,2158,2026/2/21 17:39
118,516d43b0-6de5-4396-a5ce-2952227d0c12,liquidity_sweep,sell,ETHUSDT,3009.955863,2026-02-21T18:51:02Z,1771699862,2026/2/21 18:51,300,3023.712075,2993.039068,up,reversal,3023.712075,1771699893,31,446468.2178,106821.0867,339647.1311,769,422231.8306,425996.7527,-3764.9221,2112,2026/2/21 18:51
119,fe32dbb2-417a-4799-8f4a-54b7fd6c2d13,liquidity_sweep,buy,BTCUSDT,95132.35994,2026-02-22T11:47:12Z,1771760832,2026/2/22 11:47,3600,95438.60824,94841.3961,down,reversal,94841.3961,1771762689,1857,114271.4339,248652.3314,-134380.8974,2084,264981.0683,105104.1465,159876.9218,1276,2026/2/22 11:47
120,2ce2ae24-8845-4105-af34-08790d3be946,liquidity_sweep,buy,BTCUSDT,91138.55177,2026-02-22T12:36:23Z,1771763783,2026/2/22 12:36,300,91276.30658,90707.64081,up,continuation,91276.30658,1771763918,135,384317.554,359776.8985,24540.6555,1315,516445.7934,342645.8036,173799.9897,7660,2026/2/22 12:36
121,e21682b6-81e0-4218-8a95-c57ba16238f8,liquidity_sweep,buy,BTCUSDT,96508.17711,2026-02-22T22:33:51Z,1771799631,2026/2/22 22:33,60,96976.00545,95934.63393,up,continuation,96976.00545,1771799667,36,60188.1465,63107.6371,-2919.4907,2225,880943.6713,629651.04,251292.6313,3560,2026/2/22 22:33
122,b0ed2ca0-47f3-42a7-9fe4-5b567fd424bb,liquidity_sweep,buy,ETHUSDT,4858.877115,2026-02-23T04:27:15Z,1771820835,2026/2/23 04:27,300,4887.519665,4843.672539,up,continuation,4887.519665,1771820905,70,318263.7768,338432.1391,-20168.3623,1500,578147.2768,611643.5831,-33496.3062,3095,2026/2/23 04:27
123,b4e5f0a1-cfd3-4f2a-ad99-a3a94914cd52,liquidity_sweep,sell,BTCUSDT,93560.83588,2026-02-23T08:49:23Z,1771836563,2026/2/23 08:49,300,93681.77781,93135.73509,down,continuation,93135.73509,1771836752,189,398554.5829,401851.6165,-3297.0335,940,384273.135,172520.5756,211752.5594,3032,2026/2/23 08:49
124,58090ae4-834b-4903-8691-d7ded73fc86c,liquidity_sweep,sell,BTCUSDT,97991.75782,2026-02-23T10:48:42Z,1771843722,2026/2/23 10:48,300,98334.0453,97877.61038,up,reversal,98334.0453,1771843824,102,145903.1401,175902.7278,-29999.5876,399,422443.0457,617031.3171,-194588.2714,5432,2026/2/23 10:48
125,83ed7c7a-c09d-494e-87d1-d5818fb7df74,liquidity_sweep,buy,ETHUSDT,2215.937947,2026-02-23T11:06:12Z,1771844772,2026/2/23 11:06,900,2222.490088,2203.055533,down,reversal,2203.055533,1771844796,24,52108.0701,482096.2995,-429988.2294,1646,355473.7929,286341.0503,69132.7426,7716,2026/2/23 11:06
126,f00dde7e-6511-49ce-8473-a46441fb0686,liquidity_sweep,buy,BTCUSDT,88656.4021,2026-02-23T11:56:13Z,1771847773,2026/2/23 11:56,60,89040.94501,88346.98489,up,continuation,89040.94501,1771847810,37,123248.6234,138192.3846,-14943.7611,727,271754.9,868769.4641,-597014.5641,4280,2026/2/23 11:56
127,55d85f9c-93c0-47e3-a0e8-b34cd6547059,liquidity_sweep,buy,BTCUSDT,92879.38972,2026-02-23T15:06:18Z,1771859178,2026/2/23 15:06,3600,93232.02136,92591.44607,down,reversal,92591.44607,1771860904,1726,440259.262,305667.0769,134592.1852,323,956963.6318,205443.4027,751520.2292,9359,2026/2/23 15:06
128,e857ca18-7e0f-4a19-a55a-b340a2211ac8,liquidity_sweep,buy,BTCUSDT,95790.5667,2026-02-23T23:58:55Z,1771891135,2026/2/23 23:58,3600,96144.53992,95620.94564,up,continuation,96144.53992,1771892943,1808,327766.6294,77649.6006,250117.0287,2631,438598.482,156170.4335,282428.0485,8776,2026/2/23 23:58
129,ab88743e-4941-4c3b-b56d-4c45a824fdf2,liquidity_sweep,sell,BTCUSDT,85811.03889,2026-02-24T09:09:47Z,1771924187,2026/2/24 09:09,900,86016.82826,85366.35762,down,continuation,85366.35762,1771924803,616,146090.2722,153606.5708,-7516.2986,1792,812639.531,521303.039,291336.492,7873,2026/2/24 09:09
130,22ff251f-fbac-4eff-b8cd-b4132ef90df8,liquidity_sweep,buy,BTCUSDT,92886.73631,2026-02-24T12:47:32Z,1771937252,2026/2/24 12:47,3600,93173.55955,92595.06512,down,reversal,92595.06512,1771940740,3488,86283.9337,276790.8592,-190506.9255,1283,727161.6641,692146.7715,35014.8926,7995,2026/2/24 12:47
131,8d054ad6-6c62-491a-9eea-7fa7dcfd5c56,liquidity_sweep,sell,ETHUSDT,2243.495174,2026-02-24T23:56:01Z,1771977361,2026/2/24 23:56,60,2256.058596,2236.773354,up,reversal,2256.058596,1771977385,24,175862.7449,77319.5122,98543.2328,727,590184.1122,805006.0302,-214821.918,8630,2026/2/24 23:56
132,e0d65bb1-2741-474c-8505-82907d42cd93,liquidity_sweep,sell,BTCUSDT,98586.21113,2026-02-25T00:29:37Z,1771979377,2026/2/25 00:29,300,98745.35484,98249.3983,down,continuation,98249.3983,1771979617,240,350803.7657,440004.0532,-89200.2875,1626,948981.0723,443500.2852,505480.787,5103,2026/2/25 00:29
133,768caec4-defd-433c-b49d-1d0a3366ee62,liquidity_sweep,buy,ETHUSDT,2273.202435,2026-02-25T08:35:51Z,1772008551,2026/2/25 08:35,300,2284.428223,2269.254392,down,reversal,2269.254392,1772008599,48,317059.4311,334673.8141,-17614.383,347,501898.8154,794781.8143,-292882.9989,2379,2026/2/25 08:35
134,f9b97e6f-b4ed-4cf8-b1b0-7f6d6af3a06b,liquidity_sweep,sell,BTCUSDT,91646.34092,2026-02-25T14:00:43Z,1772028043,2026/2/25 14:00,300,91959.32758,91250.19425,up,reversal,91959.32758,1772028078,35,297219.7269,402881.4024,-105661.6754,2517,114941.275,571621.2704,-456679.9954,6101,2026/2/25 14:00
135,42ae9b3f-46b7-49b4-96a4-80f16b7671a5,liquidity_sweep,buy,BTCUSDT,97522.26357,2026-02-25T21:09:49Z,1772053789,2026/2/25 21:09,900,97667.23034,97313.84078,up,continuation,97667.23034,1772053965,176,325341.5415,202706.8355,122634.7059,1555,965913.9554,832652.4888,133261.4666,2145,2026/2/25 21:09
136,2a335ce0-b1a0-41f4-8f05-5da068fcb946,liquidity_sweep,sell,BTCUSDT,100269.5522,2026-02-25T21:36:28Z,1772055388,2026/2/25 21:36,900,100496.6595,99960.79349,up,reversal,100496.6595,1772055954,566,62292.7563,52702.692,9590.0644,770,326231.2676,740685.0484,-414453.7808,3541,2026/2/25 21:36
137,11fefa28-1b83-407d-935d-b422efbc684e,liquidity_sweep,sell,ETHUSDT,2493.301992,2026-02-26T03:06:55Z,1772075215,2026/2/26 03:06,60,2502.404163,2486.916464,down,continuation,2486.916464,1772075254,39,362756.9246,111805.859,250951.0655,2638,798301.7543,208569.6754,589732.0789,8684,2026/2/26 03:06
138,ef85a532-7c6c-43c0-9d9b-e99b646cff82,liquidity_sweep,buy,ETHUSDT,5192.22175,2026-02-26T13:54:27Z,1772114067,2026/2/26 13:54,900,5214.873861,5166.859655,up,continuation,5214.873861,1772114456,389,67384.2432,52487.6097,14896.6335,2201,181892.7311,243191.3308,-61298.5997,1615,2026/2/26 13:54
139,5393d785-9fd1-4a2f-811a-64f3078bd331,liquidity_sweep,sell,BTCUSDT,103822.9568,2026-02-26T19:35:44Z,1772134544,2026/2/26 19:35,3600,103941.532,103387.1402,down,continuation,103387.1402,1772137052,2508,270108.7664,110022.7558,160086.0106,2841,935340.719,924204.9163,11135.8026,2718,2026/2/26 19:35
140,0408b55c-76ab-4900-80ea-1ebd892b68c8,liquidity_sweep,sell,ETHUSDT,4566.994705,2026-02-26T23:20:08Z,1772148008,2026/2/26 23:20,3600,4593.617653,4553.754257,down,continuation,4553.754257,1772150137,2129,330131.4896,467989.2301,-137857.7405,851,669269.8413,477610.1491,191659.6922,4191,2026/2/26 23:20
141,59ddd751-3536-46a0-8db5-7475da2fc92d,liquidity_sweep,buy,ETHUSDT,3956.194769,2026-02-27T00:26:19Z,1772151979,2026/2/27 00:26,3600,3973.797806,3950.180554,up,continuation,3973.797806,1772155569,3590,68050.2876,82049.0633,-13998.7757,546,827598.6104,974022.6148,-146424.0044,5340,2026/2/27 00:26
142,e6ed5a13-b04e-4941-940d-2cbc6fbf9293,liquidity_sweep,buy,ETHUSDT,3721.838324,2026-02-27T05:54:14Z,1772171654,2026/2/27 05:54,3600,3728.585112,3701.136304,down,reversal,3701.136304,1772175227,3573,201900.096,300444.6962,-98544.6002,503,943655.9155,310387.5214,633268.3942,8476,2026/2/27 05:54
143,d80b586f-ff3e-41fb-b351-fd1f3dd5af05,liquidity_sweep,sell,ETHUSDT,3329.709438,2026-02-27T08:42:12Z,1772181732,2026/2/27 08:42,300,3334.746932,3326.313324,up,reversal,3334.746932,1772181906,174,496894.8613,386623.0728,110271.7885,282,600634.7695,395670.8796,204963.8899,8034,2026/2/27 08:42
144,02897daf-ec8d-46a1-8981-e1d6c0c1b74b,liquidity_sweep,buy,BTCUSDT,93877.21032,2026-02-27T15:46:14Z,1772207174,2026/2/27 15:46,300,94385.53519,93714.31601,down,reversal,93714.31601,1772207271,97,339611.7358,167653.4607,171958.275,2289,462629.4166,304226.9095,158402.507,9975,2026/2/27 15:46
145,2054ca25-c3b5-4cfd-997f-62092fccc36b,liquidity_sweep,buy,BTCUSDT,100610.9165,2026-02-27T16:26:08Z,1772209568,2026/2/27 16:26,60,101075.6806,100291.2537,down,reversal,100291.2537,1772209584,16,323678.7929,75068.759,248610.0338,2261,592727.1643,963684.5795,-370957.4152,1503,2026/2/27 16:26
146,985e55e0-2fcf-4ea7-87ab-5c16e8a57140,liquidity_sweep,sell,ETHUSDT,3967.443513,2026-02-27T16:33:02Z,1772209982,2026/2/27 16:33,900,3990.609383,3947.9283,up,reversal,3990.609383,1772210738,756,458056.4324,385561.1151,72495.3173,2289,916737.7273,502965.468,413772.2592,7297,2026/2/27 16:33
147,50a77bb3-75dd-478a-8eb9-9d9d28b85fe0,liquidity_sweep,buy,BTCUSDT,93327.33307,2026-02-27T17:21:09Z,1772212869,2026/2/27 17:21,300,93517.41228,92929.15207,down,reversal,92929.15207,1772213150,281,128139.327,308148.8595,-180009.5324,2529,303387.5851,299716.0259,3671.5592,7053,2026/2/27 17:21
148,1c649623-29a3-4353-8099-4cdf6bfdd1c6,liquidity_sweep,sell,ETHUSDT,3604.597123,2026-02-27T18:04:31Z,1772215471,2026/2/27 18:04,3600,3613.987054,3600.534771,up,reversal,3613.987054,1772217570,2099,274121.4926,434311.8959,-160190.4033,1475,953663.3949,920899.1709,32764.224,4384,2026/2/27 18:04
149,81eabbea-202d-4e1e-9ee7-a651ecc3b1c4,liquidity_sweep,sell,BTCUSDT,101594.1821,2026-02-27T18:58:33Z,1772218713,2026/2/27 18:58,3600,101849.2755,101093.5081,down,continuation,101093.5081,1772219295,582,357146.0779,307890.1469,49255.931,2182,969406.577,335656.2489,633750.3281,4564,2026/2/27 18:58
150,ebecd36c-2ae4-4dde-98fc-feca7085e77a,liquidity_sweep,sell,BTCUSDT,95814.60834,2026-02-28T05:07:17Z,1772255237,2026/2/28 05:07,900,96235.37178,95477.38365,up,reversal,96235.37178,1772255861,624,384983.0132,116434.7005,268548.3127,289,124875.748,263883.89,-139008.142,5972,2026/2/28 05:07
151,640cff02-949b-4686-a652-8d259a4b1e59,liquidity_sweep,sell,BTCUSDT,92219.60905,2026-02-28T13:10:59Z,1772284259,2026/2/28 13:10,3600,92710.02748,91846.95887,up,reversal,92710.02748,1772286562,2303,191852.2477,111200.9637,80651.2839,1906,371588.2358,340478.808,31109.4278,1088,2026/2/28 13:10
152,ecfed016-d2b5-415a-b38b-e7d8a2d9943d,liquidity_sweep,sell,BTCUSDT,88591.72118,2026-03-01T01:47:06Z,1772329626,2026/3/1 01:47,300,88932.63189,88243.61571,down,continuation,88243.61571,1772329696,70,201589.4282,373410.7333,-171821.3051,340,507008.931,445702.7982,61306.1328,9510,2026/3/1 01:47
153,ce96677c-3b45-4b6c-b043-67cc1c01660e,liquidity_sweep,sell,ETHUSDT,3877.678775,2026-03-01T03:06:51Z,1772334411,2026/3/1 03:06,60,3887.577187,3871.049522,down,continuation,3871.049522,1772334426,15,328295.6616,447313.0999,-119017.4383,1613,893714.1926,359393.5412,534320.6514,4451,2026/3/1 03:06
154,0af469c1-e704-419a-8c3d-365f3e317f87,liquidity_sweep,buy,ETHUSDT,5146.4473,2026-03-01T06:07:23Z,1772345243,2026/3/1 06:07,900,5172.554208,5123.689391,down,reversal,5123.689391,1772346075,832,186898.3741,401896.3729,-214997.9989,2263,181634.8417,760503.2281,-578868.3864,7803,2026/3/1 06:07
155,3bb7930e-f07b-46f7-a907-b07cb6c0646a,liquidity_sweep,sell,ETHUSDT,3072.501473,2026-03-01T07:21:36Z,1772349696,2026/3/1 07:21,900,3088.527855,3058.989644,up,reversal,3088.527855,1772350032,336,113547.3479,165080.4007,-51533.0528,2190,900660.63,349924.3174,550736.3126,4512,2026/3/1 07:21
156,b6e934c8-42c6-4d37-bde7-1afb3df8deaa,liquidity_sweep,buy,ETHUSDT,3068.966483,2026-03-01T08:49:44Z,1772354984,2026/3/1 08:49,60,3079.322177,3063.559495,down,reversal,3063.559495,1772354998,14,363440.4968,325489.26,37951.2368,369,464623.847,547871.0592,-83247.2123,8985,2026/3/1 08:49
157,65192d00-e25e-4052-83d0-3fd2d4a3b902,liquidity_sweep,buy,BTCUSDT,86713.75799,2026-03-01T09:03:24Z,1772355804,2026/3/1 09:03,60,86870.27722,86359.0557,down,reversal,86359.0557,1772355862,58,442876.1106,486712.6438,-43836.5332,2467,611662.7507,629283.8428,-17621.0921,8941,2026/3/1 09:03
158,e77274d7-648f-4b2b-9944-25ec06bdf31b,liquidity_sweep,buy,BTCUSDT,93511.1802,2026-03-01T18:56:23Z,1772391383,2026/3/1 18:56,900,93994.51172,93095.41955,down,reversal,93095.41955,1772392085,702,84095.4523,287026.4617,-202931.0094,2024,592885.785,357073.8017,235811.9833,7651,2026/3/1 18:56
159,d3d98802-ec06-4fb2-9a1b-6e8afddaa098,liquidity_sweep,buy,ETHUSDT,3005.208891,2026-03-02T01:11:34Z,1772413894,2026/3/2 01:11,300,3012.988995,2989.408902,down,reversal,2989.408902,1772414039,145,331696.5441,448942.3213,-117245.7772,699,851860.3471,908727.2562,-56866.9091,7392,2026/3/2 01:11
160,e52476fc-7be0-4f61-b78e-b57141433d6e,liquidity_sweep,sell,ETHUSDT,5197.590126,2026-03-02T01:48:06Z,1772416086,2026/3/2 01:48,300,5228.447636,5167.829599,up,reversal,5228.447636,1772416168,82,253338.9611,305885.6312,-52546.67,601,332437.5104,156358.8351,176078.6753,739,2026/3/2 01:48
161,5e75c5c1-e979-47d4-8df4-1639b0e632ab,liquidity_sweep,buy,BTCUSDT,85624.3366,2026-03-02T02:34:10Z,1772418850,2026/3/2 02:34,900,85944.81309,85210.68588,down,reversal,85210.68588,1772419154,304,285201.7721,248937.3693,36264.4028,456,773602.2034,482500.0474,291102.156,9614,2026/3/2 02:34
162,38c7fdc6-6aee-4907-8c64-b962a49a9be7,liquidity_sweep,sell,ETHUSDT,2794.16336,2026-03-02T05:59:33Z,1772431173,2026/3/2 05:59,60,2806.12445,2783.773522,down,continuation,2783.773522,1772431200,27,454699.8139,487190.5549,-32490.7411,1791,443434.3708,712067.5661,-268633.1953,7912,2026/3/2 05:59
163,2230279f-2d28-44c0-b109-22b29af879ab,liquidity_sweep,buy,ETHUSDT,3782.930966,2026-03-02T11:29:44Z,1772450984,2026/3/2 11:29,300,3794.224017,3767.427121,down,reversal,3767.427121,1772451235,251,123811.8637,409293.4101,-285481.5464,1483,507673.1036,839894.8212,-332221.7175,2752,2026/3/2 11:29
164,f4bbc719-f5ed-4e95-a3fc-542014d27657,liquidity_sweep,sell,ETHUSDT,5037.101972,2026-03-02T15:39:22Z,1772465962,2026/3/2 15:39,300,5046.269674,5022.769028,up,reversal,5046.269674,1772466127,165,111168.9355,475543.3675,-364374.432,1907,744991.9011,926716.271,-181724.3699,6872,2026/3/2 15:39
165,49a8a1c8-4959-466c-9fc0-61fdab7a8e77,liquidity_sweep,sell,BTCUSDT,99371.29277,2026-03-02T17:05:54Z,1772471154,2026/3/2 17:05,3600,99716.32761,99068.77647,down,continuation,99068.77647,1772472175,1021,299918.5696,161486.8797,138431.69,558,355785.6755,279252.2135,76533.462,8845,2026/3/2 17:05
166,c98f6e26-dc62-4420-9a19-33e76e29a432,liquidity_sweep,buy,BTCUSDT,87017.67703,2026-03-02T23:19:22Z,1772493562,2026/3/2 23:19,3600,87188.29853,86579.00719,down,reversal,86579.00719,1772496141,2579,148056.2332,437100.6664,-289044.4332,904,954124.6623,978599.1917,-24474.5294,9549,2026/3/2 23:19
167,cd3f62e8-5689-4313-ac5e-5148e45e2d2a,liquidity_sweep,buy,BTCUSDT,98927.27502,2026-03-03T02:40:47Z,1772505647,2026/3/3 02:40,900,99204.50818,98772.35935,up,continuation,99204.50818,1772506315,668,313118.469,57171.1842,255947.2848,1592,319283.0213,848702.0916,-529419.0703,6084,2026/3/3 02:40
168,a19b94a5-db30-4a42-a79e-bc7fa39c22f4,liquidity_sweep,buy,ETHUSDT,4731.060763,2026-03-03T02:44:00Z,1772505840,2026/3/3 02:44,300,4744.798807,4704.435356,down,reversal,4704.435356,1772505868,28,392007.9221,260377.0878,131630.8343,2826,908607.8042,484358.4357,424249.3685,5164,2026/3/3 02:44
169,ff348fe7-2263-4f12-ae3e-af8907b97450,liquidity_sweep,buy,BTCUSDT,97055.63924,2026-03-03T04:19:18Z,1772511558,2026/3/3 04:19,3600,97269.59642,96646.88278,down,reversal,96646.88278,1772512539,981,67240.9042,220694.7432,-153453.8389,272,611023.1618,613808.4428,-2785.281,7197,2026/3/3 04:19
170,89040dcb-5ff3-4e0b-815e-4976f8d33189,liquidity_sweep,buy,BTCUSDT,96325.06802,2026-03-03T06:33:57Z,1772519637,2026/3/3 06:33,900,96893.60198,95967.04667,up,continuation,96893.60198,1772520438,801,264750.0476,165383.7256,99366.322,907,822596.3403,901846.0028,-79249.6625,1956,2026/3/3 06:33
171,6e930841-c6b7-420b-9b92-e1b626e92bf8,liquidity_sweep,sell,ETHUSDT,3700.978813,2026-03-03T09:42:13Z,1772530933,2026/3/3 09:42,3600,3715.711291,3679.378962,down,continuation,3679.378962,1772531646,713,407372.6228,181632.2436,225740.3792,837,273518.2557,849408.9031,-575890.6474,5924,2026/3/3 09:42
172,1673d993-a2ab-4eb9-9dba-239abe083ae4,liquidity_sweep,sell,BTCUSDT,89293.93936,2026-03-03T10:45:09Z,1772534709,2026/3/3 10:45,300,89686.02503,89053.41102,down,continuation,89053.41102,1772534917,208,114948.6986,396292.7811,-281344.0826,1493,423637.603,686038.1302,-262400.5272,9087,2026/3/3 10:45
173,9e5b6c46-c075-44e8-817b-b893b97f9f37,liquidity_sweep,buy,BTCUSDT,93277.21079,2026-03-03T14:02:49Z,1772546569,2026/3/3 14:02,300,93636.04871,93180.37882,down,reversal,93180.37882,1772546846,277,105272.1727,90369.8383,14902.3344,451,268869.5297,975595.0934,-706725.5637,8684,2026/3/3 14:02
174,aebdff5f-60db-45ec-97ac-40cf69dbea4d,liquidity_sweep,sell,BTCUSDT,87974.24438,2026-03-03T14:28:04Z,1772548084,2026/3/3 14:28,3600,88128.10357,87824.85158,up,reversal,88128.10357,1772548392,308,250693.2482,62136.7529,188556.4953,1934,325877.4931,911056.1778,-585178.6846,758,2026/3/3 14:28
175,6c67523b-5971-4f3c-b5d2-2439ba2e3234,liquidity_sweep,sell,BTCUSDT,97612.72684,2026-03-03T14:35:02Z,1772548502,2026/3/3 14:35,60,98127.46032,97239.4207,up,reversal,98127.46032,1772548537,35,250707.1424,266864.7524,-16157.61,2869,236091.6167,738889.6653,-502798.0486,2974,2026/3/3 14:35
176,233ad7de-50cf-43cf-aeb9-47d8f96aa8b8,liquidity_sweep,sell,ETHUSDT,3770.762451,2026-03-03T15:10:51Z,1772550651,2026/3/3 15:10,3600,3784.261322,3749.993516,down,continuation,3749.993516,1772553625,2974,478737.1424,201969.7654,276767.377,149,111001.3916,700344.9293,-589343.5376,3269,2026/3/3 15:10
177,4e888ecb-0bd7-45fc-9a99-0fb017d84cd0,liquidity_sweep,buy,BTCUSDT,95151.03395,2026-03-03T19:27:45Z,1772566065,2026/3/3 19:27,3600,95696.90051,94949.86368,up,continuation,95696.90051,1772569317,3252,477558.7392,383882.6568,93676.0824,977,170298.9867,173130.7745,-2831.7878,2923,2026/3/3 19:27
178,a8c9897c-eee8-4afa-be31-041e82d906e8,liquidity_sweep,sell,BTCUSDT,91782.67724,2026-03-03T23:49:11Z,1772581751,2026/3/3 23:49,3600,92210.43762,91559.66244,up,reversal,92210.43762,1772583663,1912,269427.5654,336345.4649,-66917.8995,2629,852086.5945,281186.256,570900.3385,9163,2026/3/3 23:49
179,65af8956-42ba-464d-9976-6291f3306b49,liquidity_sweep,buy,ETHUSDT,2570.900088,2026-03-04T02:21:59Z,1772590919,2026/3/4 02:21,60,2576.34526,2555.75311,down,reversal,2555.75311,1772590932,13,68735.746,354463.5291,-285727.7831,2313,148398.8695,734446.0906,-586047.2212,2520,2026/3/4 02:21
180,b71d66ae-72f5-40bc-a77f-e1a6bf654adf,liquidity_sweep,buy,ETHUSDT,3388.617095,2026-03-04T07:17:21Z,1772608641,2026/3/4 07:17,900,3397.638076,3374.320662,down,reversal,3374.320662,1772609363,722,367074.3959,303645.5393,63428.8566,746,905088.4804,447404.3479,457684.1325,6496,2026/3/4 07:17
181,a6ec55bc-176d-441e-903b-8267cd33f243,liquidity_sweep,sell,BTCUSDT,86896.87686,2026-03-04T08:03:51Z,1772611431,2026/3/4 08:03,3600,87139.22908,86704.00714,up,reversal,87139.22908,1772613716,2285,445354.5792,354447.9924,90906.5868,2166,415943.9256,543294.858,-127350.9323,2757,2026/3/4 08:03
182,6b9802cc-1f58-4630-9eb7-05baf30e0dbe,liquidity_sweep,sell,BTCUSDT,98143.92642,2026-03-04T08:44:27Z,1772613867,2026/3/4 08:44,60,98498.58572,97870.7372,down,continuation,97870.7372,1772613924,57,152588.5442,475916.0004,-323327.4562,1707,602872.2956,507860.7894,95011.5062,6017,2026/3/4 08:44
183,632140df-7f38-47fd-985c-0385df6cd212,liquidity_sweep,buy,BTCUSDT,100086.9234,2026-03-04T14:13:01Z,1772633581,2026/3/4 14:13,60,100603.3048,99734.15574,up,continuation,100603.3048,1772633639,58,259887.9138,154594.3447,105293.5691,573,776870.5111,555636.2587,221234.2524,6316,2026/3/4 14:13
184,04c9055b-cd4a-40d7-84b6-787ddbf00ee0,liquidity_sweep,buy,ETHUSDT,4981.165102,2026-03-04T17:01:55Z,1772643715,2026/3/4 17:01,3600,5009.625687,4975.400909,down,reversal,4975.400909,1772646770,3055,172282.6393,481829.0493,-309546.41,946,696161.6644,726955.2938,-30793.6294,7050,2026/3/4 17:01
185,664e66b8-1bb2-4ba3-bf51-c376d39760c7,liquidity_sweep,buy,ETHUSDT,2863.680809,2026-03-04T17:42:40Z,1772646160,2026/3/4 17:42,60,2867.660067,2853.038076,down,reversal,2853.038076,1772646197,37,424703.5083,396935.1532,27768.3551,564,951899.0016,243940.982,707958.0196,6918,2026/3/4 17:42
186,13540e8b-c8a1-41a7-994f-4c000652280b,liquidity_sweep,sell,ETHUSDT,4144.684661,2026-03-04T20:14:58Z,1772655298,2026/3/4 20:14,3600,4167.111032,4136.957862,up,reversal,4167.111032,1772656951,1653,222460.2617,66024.3679,156435.8938,141,946432.8088,243150.2519,703282.5569,4701,2026/3/4 20:14
187,1f664fe3-ff03-4f92-a603-ece02f7b1e84,liquidity_sweep,buy,ETHUSDT,4922.089371,2026-03-04T22:34:12Z,1772663652,2026/3/4 22:34,900,4945.98621,4894.235353,up,continuation,4945.98621,1772663736,84,207450.9247,102813.1869,104637.7378,1549,464349.5368,853764.0133,-389414.4765,9423,2026/3/4 22:34
188,63cd30a1-80dd-4124-8e61-e81abd347075,liquidity_sweep,buy,BTCUSDT,87960.27999,2026-03-04T22:48:28Z,1772664508,2026/3/4 22:48,3600,88333.46038,87443.42373,down,reversal,87443.42373,1772665619,1111,305285.0589,181222.3911,124062.6678,2685,571101.1897,636917.0476,-65815.8578,7212,2026/3/4 22:48
189,0925137b-7652-47ee-8f46-59f469852641,liquidity_sweep,buy,BTCUSDT,90647.29228,2026-03-05T04:04:04Z,1772683444,2026/3/5 04:04,900,90986.36801,90145.93147,up,continuation,90986.36801,1772684076,632,467255.3954,224516.1203,242739.2751,635,599482.0868,561230.4614,38251.6254,5466,2026/3/5 04:04
190,a3d561ff-d79a-4fb3-950b-38f15457e782,liquidity_sweep,sell,ETHUSDT,4493.047806,2026-03-05T04:49:15Z,1772686155,2026/3/5 04:49,60,4518.336554,4487.904917,up,reversal,4518.336554,1772686166,11,216159.274,88301.5249,127857.7491,1880,758828.85,700463.8854,58364.9646,874,2026/3/5 04:49
191,44eabea2-5f25-4fa7-adfb-c47b3a6b5bfd,liquidity_sweep,sell,BTCUSDT,97833.56813,2026-03-05T05:19:43Z,1772687983,2026/3/5 05:19,60,98210.28044,97374.62393,up,reversal,98210.28044,1772688041,58,336428.7748,224987.2311,111441.5437,867,997861.426,372120.9099,625740.5161,5343,2026/3/5 05:19
192,2489f693-41ec-4259-a7df-e5f9d9faabea,liquidity_sweep,buy,ETHUSDT,4171.978014,2026-03-05T06:10:04Z,1772691004,2026/3/5 06:10,60,4192.748697,4157.918153,down,reversal,4157.918153,1772691059,55,192886.3968,331835.4122,-138949.0155,2519,805848.6667,150641.2643,655207.4024,2346,2026/3/5 06:10
193,5210317e-7faa-4874-ba51-47e4f4ce4707,liquidity_sweep,buy,ETHUSDT,2876.150922,2026-03-05T09:26:39Z,1772702799,2026/3/5 09:26,3600,2891.631848,2871.967002,up,continuation,2891.631848,1772703396,597,414512.0387,451195.818,-36683.7793,1698,350682.7194,797720.9501,-447038.2307,5048,2026/3/5 09:26
194,8b184301-9c8d-4a62-a4b8-eca470dfbe2c,liquidity_sweep,sell,ETHUSDT,4896.274565,2026-03-05T12:33:53Z,1772714033,2026/3/5 12:33,300,4921.163977,4872.96808,up,reversal,4921.163977,1772714135,102,491355.1269,239377.021,251978.1059,1342,180689.5219,103796.1428,76893.3791,9946,2026/3/5 12:33
195,1c22d30b-80b4-43d9-8688-4ab1b4a3586d,liquidity_sweep,sell,ETHUSDT,3915.128692,2026-03-05T16:04:27Z,1772726667,2026/3/5 16:04,3600,3935.916591,3910.067695,down,continuation,3910.067695,1772727799,1132,81639.9218,143731.6413,-62091.7195,2734,560243.6318,453017.5034,107226.1284,2631,2026/3/5 16:04
196,51f8c473-0fbd-4d38-9e02-3190df3eabf3,liquidity_sweep,sell,BTCUSDT,88576.12627,2026-03-05T16:33:22Z,1772728402,2026/3/5 16:33,3600,88836.0593,88355.21937,down,continuation,88355.21937,1772731967,3565,89009.1988,319298.5849,-230289.3861,949,172363.8283,568775.1755,-396411.3473,9464,2026/3/5 16:33
197,5418fa2a-46da-4940-b33a-e8436d8f8743,liquidity_sweep,buy,BTCUSDT,90310.59737,2026-03-05T16:46:21Z,1772729181,2026/3/5 16:46,60,90660.05118,90207.5816,down,reversal,90207.5816,1772729220,39,348370.6812,488452.4888,-140081.8076,652,395232.227,240649.3036,154582.9233,9012,2026/3/5 16:46
198,ed5ff30f-c05f-48bf-8d9f-ccfb33327eec,liquidity_sweep,sell,ETHUSDT,4549.837555,2026-03-05T18:08:06Z,1772734086,2026/3/5 18:08,900,4576.427252,4531.449656,up,reversal,4576.427252,1772734741,655,119264.5841,312564.582,-193299.9979,1030,806591.8589,137276.2476,669315.6113,6675,2026/3/5 18:08
199,5aa7cbfa-0b5b-41cd-b47a-49e917841648,liquidity_sweep,buy,BTCUSDT,99253.26643,2026-03-05T19:19:56Z,1772738396,2026/3/5 19:19,300,99800.85289,98911.55483,up,continuation,99800.85289,1772738450,54,323006.1754,294134.394,28871.7814,2324,395887.7607,513205.562,-117317.8012,5052,2026/3/5 19:19
200,ca64dcb8-139a-459e-a9bd-09191183263a,liquidity_sweep,sell,BTCUSDT,98390.94341,2026-03-05T20:00:22Z,1772740822,2026/3/5 20:00,3600,98931.51414,97934.37708,up,reversal,98931.51414,1772743756,2934,307732.1071,265932.8363,41799.2708,1954,434864.4736,427438.3771,7426.0965,3124,2026/3/5 20:00
201,36f0dfcd-a9fa-4077-aeaa-66cd249cdb27,liquidity_sweep,buy,ETHUSDT,4449.972018,2026-03-06T01:12:42Z,1772759562,2026/3/6 01:12,300,4455.07441,4444.619521,up,continuation,4455.07441,1772759798,236,451079.1835,474966.7729,-23887.5894,2716,425638.4421,854983.5404,-429345.0983,2364,2026/3/6 01:12
202,d3417d1c-9f7e-48ca-80bf-0f1f9e956df2,liquidity_sweep,sell,ETHUSDT,4823.404946,2026-03-06T10:59:06Z,1772794746,2026/3/6 10:59,60,4846.175728,4817.068667,up,reversal,4846.175728,1772794772,26,316953.5446,259899.4709,57054.0737,2607,876367.2692,500903.6886,375463.5806,1382,2026/3/6 10:59
203,9a3b9b06-1225-4a81-9561-04ad3fca2612,liquidity_sweep,sell,BTCUSDT,95965.57206,2026-03-06T16:59:25Z,1772816365,2026/3/6 16:59,3600,96285.78751,95779.60025,down,continuation,95779.60025,1772817643,1278,302468.8645,456137.9079,-153669.0433,1150,766556.1448,860373.4272,-93817.2824,1761,2026/3/6 16:59
204,c590f6c4-393c-4d4e-9b38-db631495ccda,liquidity_sweep,sell,BTCUSDT,103450.9872,2026-03-07T03:15:01Z,1772853301,2026/3/7 03:15,300,103790.8048,103242.2711,down,continuation,103242.2711,1772853396,95,429150.5908,364198.0518,64952.5389,1952,685685.5603,420035.5186,265650.0417,2819,2026/3/7 03:15
205,5369b89a-ae6c-4757-b7fc-3fc74b7902f5,liquidity_sweep,buy,BTCUSDT,88376.39011,2026-03-07T11:14:20Z,1772882060,2026/3/7 11:14,900,88623.16129,88123.47406,down,reversal,88123.47406,1772882944,884,101187.6889,137512.8555,-36325.1666,2252,457455.1653,770058.2928,-312603.1276,6246,2026/3/7 11:14
206,d5ce5cd8-0f79-4a56-b2a5-cf33c4bafa9c,liquidity_sweep,buy,ETHUSDT,4308.849335,2026-03-07T12:47:13Z,1772887633,2026/3/7 12:47,900,4321.42352,4299.212213,down,reversal,4299.212213,1772888416,783,126382.7891,86253.2743,40129.5148,1714,717778.8105,572259.8078,145519.0026,972,2026/3/7 12:47
207,94871bce-58c8-4e1b-bba8-1886fb259b16,liquidity_sweep,buy,BTCUSDT,103714.2947,2026-03-07T16:49:53Z,1772902193,2026/3/7 16:49,60,104035.2285,103246.6292,up,continuation,104035.2285,1772902234,41,228118.551,429630.169,-201511.6181,1700,343571.4901,324175.0211,19396.469,9555,2026/3/7 16:49
208,3e81ca5b-ee76-4993-9f4f-73c5d38adc9b,liquidity_sweep,sell,ETHUSDT,3660.157692,2026-03-07T18:21:06Z,1772907666,2026/3/7 18:21,3600,3670.692796,3649.586783,up,reversal,3670.692796,1772910429,2763,322055.2809,491754.6365,-169699.3555,2290,429362.775,756321.9322,-326959.1571,8630,2026/3/7 18:21
209,45121fb7-5ec1-48c5-959a-b003c81660d3,liquidity_sweep,buy,BTCUSDT,101062.2001,2026-03-07T19:02:08Z,1772910128,2026/3/7 19:02,3600,101275.0708,100725.6701,down,reversal,100725.6701,1772912317,2189,304008.8029,301641.9872,2366.8156,2600,383471.1649,949574.643,-566103.4781,5826,2026/3/7 19:02
210,626a0d99-07db-44fc-9e34-df31123405ac,liquidity_sweep,sell,BTCUSDT,92862.05178,2026-03-07T21:21:54Z,1772918514,2026/3/7 21:21,3600,93093.83856,92607.46574,up,reversal,93093.83856,1772920034,1520,215998.1487,308525.5656,-92527.4169,2958,108661.1738,483487.9793,-374826.8054,1204,2026/3/7 21:21
211,fa63776c-aaeb-4e95-b636-518df3695470,liquidity_sweep,buy,ETHUSDT,2957.423974,2026-03-08T01:15:29Z,1772932529,2026/3/8 01:15,3600,2974.975511,2954.430319,up,continuation,2974.975511,1772933089,560,469611.2589,296162.8996,173448.3593,1673,971592.6327,498091.673,473500.9597,6542,2026/3/8 01:15
212,db52168b-75f1-4034-a830-8c685e6f9829,liquidity_sweep,sell,BTCUSDT,98880.0712,2026-03-08T02:09:31Z,1772935771,2026/3/8 02:09,300,99260.75855,98402.14766,down,continuation,98402.14766,1772935874,103,275456.3498,383342.876,-107886.5262,2613,282025.785,964774.5331,-682748.7481,7754,2026/3/8 02:09
213,56858a63-44d5-4f3f-975e-e335642c7e2d,liquidity_sweep,buy,BTCUSDT,88607.10062,2026-03-08T03:51:51Z,1772941911,2026/3/8 03:51,300,88980.70638,88358.09943,up,continuation,88980.70638,1772941973,62,323571.2821,85000.1688,238571.1132,2821,362143.6224,293861.4537,68282.1687,1035,2026/3/8 03:51
214,7a6b1e7e-a208-4f96-b0c9-89f73e14966d,liquidity_sweep,buy,BTCUSDT,96065.53462,2026-03-08T04:49:24Z,1772945364,2026/3/8 04:49,900,96404.22939,95744.87914,up,continuation,96404.22939,1772945464,100,464923.6743,229023.7647,235899.9095,2462,838670.3218,112616.1637,726054.1581,7179,2026/3/8 04:49
215,c990e3e2-3579-4e09-9dab-396787236dab,liquidity_sweep,buy,ETHUSDT,2823.02185,2026-03-08T10:06:54Z,1772964414,2026/3/8 10:06,3600,2833.882082,2816.130761,down,reversal,2816.130761,1772964674,260,379144.22,453685.1749,-74540.9548,815,828622.8771,163079.0658,665543.8113,9392,2026/3/8 10:06
216,8016c2d0-b8af-40d5-8260-c968fdf4c6f5,liquidity_sweep,sell,ETHUSDT,4930.644029,2026-03-08T16:12:02Z,1772986322,2026/3/8 16:12,900,4954.436717,4903.253381,down,continuation,4903.253381,1772986914,592,336581.0279,389597.076,-53016.0482,2041,799669.2628,997343.7783,-197674.5155,3894,2026/3/8 16:12
217,b54ec372-c6d4-4486-999d-987229691d7b,liquidity_sweep,sell,ETHUSDT,4807.114685,2026-03-08T16:48:51Z,1772988531,2026/3/8 16:48,60,4827.745561,4787.826246,down,continuation,4787.826246,1772988563,32,142897.3151,349616.0446,-206718.7294,985,801530.1913,417060.8867,384469.3046,3332,2026/3/8 16:48
218,974429d8-69ff-41d5-a648-10d7b01089c4,liquidity_sweep,sell,BTCUSDT,99959.98628,2026-03-08T18:55:52Z,1772996152,2026/3/8 18:55,300,100160.1266,99370.12839,up,reversal,100160.1266,1772996212,60,78915.4403,147519.6904,-68604.2501,178,716454.456,816838.3651,-100383.9091,2668,2026/3/8 18:55
219,b09e86f6-f681-4ca7-876a-86f8cd14d940,liquidity_sweep,sell,ETHUSDT,5196.003838,2026-03-08T19:01:22Z,1772996482,2026/3/8 19:01,60,5217.276527,5174.161176,down,continuation,5174.161176,1772996501,19,427236.4687,299551.2603,127685.2083,839,997065.8143,367917.595,629148.2193,7694,2026/3/8 19:01
220,18cbb659-af14-473e-aea4-c21141568e13,liquidity_sweep,buy,ETHUSDT,2402.69822,2026-03-08T23:06:39Z,1773011199,2026/3/8 23:06,300,2412.901279,2393.784348,down,reversal,2393.784348,1773011429,230,71029.9482,133263.4843,-62233.5361,2581,882368.179,109232.7911,773135.3879,8867,2026/3/8 23:06
221,5334a62f-1303-4da8-8198-6148ae02b2df,liquidity_sweep,sell,ETHUSDT,3729.960137,2026-03-08T23:48:09Z,1773013689,2026/3/8 23:48,3600,3747.855646,3711.13239,down,continuation,3711.13239,1773016184,2495,401238.045,382467.4674,18770.5776,1683,665565.9325,243866.4791,421699.4533,8496,2026/3/8 23:48
222,c23e2358-fd05-48f7-a4f4-1b1115ac7ed6,liquidity_sweep,sell,BTCUSDT,98031.4971,2026-03-09T00:50:42Z,1773017442,2026/3/9 00:50,3600,98447.18905,97536.04759,up,reversal,98447.18905,1773018641,1199,411579.5008,323786.3756,87793.1252,1097,627172.8918,730945.034,-103772.1422,5700,2026/3/9 00:50
223,8480dd0d-9394-4556-9967-67ba0c17d8a6,liquidity_sweep,buy,ETHUSDT,4161.4546,2026-03-09T01:04:55Z,1773018295,2026/3/9 01:04,3600,4186.040177,4145.450091,down,reversal,4145.450091,1773018583,288,149920.8715,300680.1574,-150759.2859,2909,352225.6517,136969.9517,215255.7,2782,2026/3/9 01:04
224,3d3265a7-b707-428c-a8a7-8cd66606770f,liquidity_sweep,sell,BTCUSDT,95414.09764,2026-03-09T03:11:17Z,1773025877,2026/3/9 03:11,60,95974.31365,95263.88556,up,reversal,95974.31365,1773025887,10,365640.5964,130379.4922,235261.1042,705,495493.0892,825132.1112,-329639.022,7076,2026/3/9 03:11
225,501d5cfc-f38b-40e3-90d4-cdd4b8cf173a,liquidity_sweep,buy,BTCUSDT,104141.165,2026-03-09T15:42:51Z,1773070971,2026/3/9 15:42,900,104678.3856,103521.1227,up,continuation,104678.3856,1773071099,128,271605.1131,171309.0075,100296.1056,2553,729832.0915,453626.9306,276205.1609,3488,2026/3/9 15:42
226,73e99cd0-c7ba-47d3-bf59-74222367d22d,liquidity_sweep,buy,ETHUSDT,2467.003549,2026-03-09T17:22:08Z,1773076928,2026/3/9 17:22,900,2472.414794,2464.104337,up,continuation,2472.414794,1773077366,438,486606.0408,199093.3972,287512.6436,1067,421295.4176,993763.3047,-572467.887,4746,2026/3/9 17:22
227,0add1f38-438d-48f7-ada4-0147914b1c98,liquidity_sweep,buy,ETHUSDT,2290.562631,2026-03-09T23:01:00Z,1773097260,2026/3/9 23:01,60,2303.195484,2284.943218,down,reversal,2284.943218,1773097304,44,255932.2913,400188.7967,-144256.5053,358,992967.9052,535845.5688,457122.3364,3252,2026/3/9 23:01
228,70debd98-1b99-441b-a710-95b9a0e9fff4,liquidity_sweep,buy,BTCUSDT,98665.93182,2026-03-10T01:39:09Z,1773106749,2026/3/10 01:39,300,98914.88999,98542.20394,up,continuation,98914.88999,1773106887,138,175650.9749,308543.6554,-132892.6805,1002,864830.1522,390594.5747,474235.5774,9930,2026/3/10 01:39
229,6571d468-426b-4dfa-80b9-19dd8a265bf7,liquidity_sweep,buy,ETHUSDT,4932.103095,2026-03-10T02:07:05Z,1773108425,2026/3/10 02:07,60,4955.38638,4906.042728,down,reversal,4906.042728,1773108457,32,70129.4454,323921.3602,-253791.9148,2371,981112.0756,559607.2592,421504.8164,4609,2026/3/10 02:07
230,5679a27b-e4e5-4b92-a241-beb8bfe856ca,liquidity_sweep,buy,BTCUSDT,99112.12504,2026-03-10T03:47:53Z,1773114473,2026/3/10 03:47,60,99231.28694,98598.24755,down,reversal,98598.24755,1773114511,38,213187.8625,265376.7398,-52188.8773,1420,327510.2925,352002.1192,-24491.8267,9632,2026/3/10 03:47
231,e8271762-fbea-4756-ad4c-db21782aaa24,liquidity_sweep,sell,ETHUSDT,3514.733208,2026-03-10T04:34:51Z,1773117291,2026/3/10 04:34,300,3525.731781,3504.25697,up,reversal,3525.731781,1773117545,254,115912.8035,482919.5371,-367006.7336,2707,200301.1607,710697.9441,-510396.7834,5477,2026/3/10 04:34
232,2483f65e-db06-4ecb-b0c1-4f8f4f8f2f9f,liquidity_sweep,buy,BTCUSDT,86517.56598,2026-03-10T17:18:08Z,1773163088,2026/3/10 17:18,3600,86822.43808,86383.1261,down,reversal,86383.1261,1773166139,3051,168109.4197,250666.0816,-82556.6619,138,626193.7353,580939.7629,45253.9724,558,2026/3/10 17:18
233,d4cdea8c-ce00-45bc-9de7-f1cb1fe98278,liquidity_sweep,sell,ETHUSDT,5008.630749,2026-03-11T06:17:16Z,1773209836,2026/3/11 06:17,900,5033.176797,4980.462658,down,continuation,4980.462658,1773209907,71,72449.7998,185734.9492,-113285.1494,2041,194065.831,360816.1966,-166750.3656,6492,2026/3/11 06:17
234,b930165d-ff31-44b7-b832-1211858da057,liquidity_sweep,buy,BTCUSDT,93493.09077,2026-03-11T07:53:12Z,1773215592,2026/3/11 07:53,3600,93645.49882,93308.87409,up,continuation,93645.49882,1773218400,2808,141772.0655,456141.7212,-314369.6557,2799,814141.3537,886792.0166,-72650.663,4344,2026/3/11 07:53
235,3fa7e87f-6829-479e-a58f-90a1a9ebb7ce,liquidity_sweep,sell,ETHUSDT,4260.635501,2026-03-11T09:16:57Z,1773220617,2026/3/11 09:16,60,4268.955935,4245.665141,up,reversal,4268.955935,1773220638,21,469807.543,197182.3841,272625.1589,1207,784886.2734,142253.4441,642632.8293,6605,2026/3/11 09:16
236,59284856-d3ad-4362-aa1f-a61fa2ca6eb5,liquidity_sweep,sell,ETHUSDT,4711.188728,2026-03-11T12:25:52Z,1773231952,2026/3/11 12:25,3600,4730.006944,4687.010152,down,continuation,4687.010152,1773233313,1361,271632.0543,494230.2564,-222598.2021,2284,348710.8079,678751.5348,-330040.7269,6385,2026/3/11 12:25
237,4bd6f1bc-36a7-40c7-836a-7111660d519d,liquidity_sweep,sell,BTCUSDT,100239.2171,2026-03-12T06:14:08Z,1773296048,2026/3/12 06:14,60,100694.3276,100096.9737,down,continuation,100096.9737,1773296081,33,118850.5362,436474.7478,-317624.2116,1864,596505.6044,847215.0931,-250709.4887,5660,2026/3/12 06:14
238,1bb5ee73-6135-45ba-86ab-6e7846dd5a72,liquidity_sweep,sell,BTCUSDT,101405.733,2026-03-12T09:26:04Z,1773307564,2026/3/12 09:26,60,101728.9538,100874.1454,up,reversal,101728.9538,1773307601,37,132690.6887,98821.491,33869.1977,511,185518.2633,824427.3296,-638909.0663,8760,2026/3/12 09:26
239,0985780a-3652-4ede-9cef-09a1a4ed087c,liquidity_sweep,sell,BTCUSDT,96516.96868,2026-03-12T10:13:16Z,1773310396,2026/3/12 10:13,60,96897.77246,96108.11376,up,reversal,96897.77246,1773310442,46,445479.8092,286985.5126,158494.2966,2228,467988.5516,528657.7346,-60669.183,6603,2026/3/12 10:13
240,59baf6e6-1cdc-44a2-a1a1-8b252dba7bd5,liquidity_sweep,sell,ETHUSDT,3758.786861,2026-03-12T16:29:10Z,1773332950,2026/3/12 16:29,300,3770.250876,3736.772025,up,reversal,3770.250876,1773333170,220,471417.157,200776.1288,270641.0282,2469,264537.5498,460057.3468,-195519.797,9898,2026/3/12 16:29
241,a8eaa1c1-de10-4ff5-bc07-69df9d580526,liquidity_sweep,buy,ETHUSDT,3801.796475,2026-03-12T22:32:24Z,1773354744,2026/3/12 22:32,300,3817.911024,3793.475732,down,reversal,3793.475732,1773354792,48,359604.73,375125.0465,-15520.3165,1916,580236.7383,396079.1923,184157.546,4376,2026/3/12 22:32
242,a084122b-a5ce-4d93-8c10-ab39bdee63f3,liquidity_sweep,buy,BTCUSDT,100431.7161,2026-03-13T02:40:02Z,1773369602,2026/3/13 02:40,3600,100702.1136,99843.1942,down,reversal,99843.1942,1773370285,683,192657.7539,327217.0805,-134559.3266,1129,924705.4111,243236.9747,681468.4364,4638,2026/3/13 02:40
243,ab79c197-f9b9-4c8c-9b41-9c473f371c62,liquidity_sweep,sell,BTCUSDT,96081.69212,2026-03-13T04:47:47Z,1773377267,2026/3/13 04:47,60,96531.06865,95705.94736,down,continuation,95705.94736,1773377278,11,145722.3414,411564.8659,-265842.5245,1226,720762.3713,446075.5698,274686.8014,7325,2026/3/13 04:47
244,6e01242f-be07-4622-ba57-f2561c96d2f0,liquidity_sweep,buy,ETHUSDT,5124.862915,2026-03-13T07:09:57Z,1773385797,2026/3/13 07:09,900,5146.087392,5096.428079,up,continuation,5146.087392,1773386019,222,383116.6698,222724.922,160391.7478,241,924596.2529,306462.5776,618133.6753,5026,2026/3/13 07:09
245,8af7f1e8-b7f7-42ca-9ced-b0437d9f731c,liquidity_sweep,sell,ETHUSDT,2778.728441,2026-03-13T10:18:09Z,1773397089,2026/3/13 10:18,900,2784.291844,2764.6795,down,continuation,2764.6795,1773397764,675,90875.1316,474526.7337,-383651.6021,2940,473427.0696,557332.0461,-83904.9764,3672,2026/3/13 10:18
246,cb61668c-8eb7-4d58-8a9f-235ed95016e0,liquidity_sweep,sell,BTCUSDT,85626.15092,2026-03-13T11:21:38Z,1773400898,2026/3/13 11:21,900,85739.63043,85360.25914,up,reversal,85739.63043,1773401609,711,83540.9837,107965.274,-24424.2903,1751,200628.7764,712061.1188,-511432.3424,3660,2026/3/13 11:21
247,09292107-5f09-4b57-b430-c836b6321ece,liquidity_sweep,buy,ETHUSDT,2663.934777,2026-03-13T11:46:10Z,1773402370,2026/3/13 11:46,60,2678.914956,2655.922498,down,reversal,2655.922498,1773402397,27,92492.5839,275236.1201,-182743.5362,968,467402.7228,440487.9768,26914.746,1790,2026/3/13 11:46
248,477fdea0-0584-40db-a27b-9e1a705df9ca,liquidity_sweep,buy,BTCUSDT,90201.62134,2026-03-13T14:31:50Z,1773412310,2026/3/13 14:31,60,90714.1299,89963.41295,down,reversal,89963.41295,1773412345,35,445099.6375,130710.5756,314389.0619,220,158786.1502,641222.0012,-482435.851,7757,2026/3/13 14:31
249,454aa642-71cc-4695-9f0f-275b3fd78a29,liquidity_sweep,buy,BTCUSDT,100425.4339,2026-03-13T15:39:16Z,1773416356,2026/3/13 15:39,60,100922.5054,100047.0103,down,reversal,100047.0103,1773416403,47,380388.9175,136744.5589,243644.3586,530,370546.13,442114.2803,-71568.1503,4208,2026/3/13 15:39
250,2df8d373-3594-4457-b1a3-65891ee1c8cf,liquidity_sweep,buy,ETHUSDT,2612.750687,2026-03-13T21:44:39Z,1773438279,2026/3/13 21:44,3600,2616.984678,2607.242369,down,reversal,2607.242369,1773441375,3096,328744.0258,289478.6993,39265.3265,572,105610.5086,868887.2278,-763276.7192,3909,2026/3/13 21:44
251,c0cf9fa1-a56d-4fb0-ace3-7f4e1ae3eef9,liquidity_sweep,sell,BTCUSDT,101454.6398,2026-03-13T22:45:21Z,1773441921,2026/3/13 22:45,900,101713.122,101146.1127,up,reversal,101713.122,1773442613,692,427951.4469,187543.4278,240408.019,1303,408952.8385,713588.5251,-304635.6866,8969,2026/3/13 22:45
252,f89b47b2-2fe9-445a-a1bf-3af4e0e5e7dd,liquidity_sweep,buy,ETHUSDT,4003.099097,2026-03-14T05:58:24Z,1773467904,2026/3/14 05:58,3600,4025.615372,3991.129197,up,continuation,4025.615372,1773470964,3060,491751.9263,130317.4358,361434.4905,319,144659.057,523530.5067,-378871.4496,2365,2026/3/14 05:58
253,3bde74fa-5357-4520-95ee-dc2982abc976,liquidity_sweep,sell,BTCUSDT,90988.9673,2026-03-14T06:49:10Z,1773470950,2026/3/14 06:49,300,91506.94441,90646.28679,up,reversal,91506.94441,1773470992,42,373733.1889,234812.3905,138920.7984,2684,811243.5239,583788.8396,227454.6843,8623,2026/3/14 06:49
254,26276ecf-7ee5-4e07-95fb-9f3346c0030a,liquidity_sweep,buy,ETHUSDT,2754.48694,2026-03-14T07:41:44Z,1773474104,2026/3/14 07:41,900,2762.946495,2749.064689,up,continuation,2762.946495,1773474358,254,247197.4802,76739.2933,170458.187,2833,132901.8627,105438.2477,27463.615,1653,2026/3/14 07:41
255,522944d8-c866-4e26-9b4e-64f040ee7c6a,liquidity_sweep,buy,BTCUSDT,86086.81963,2026-03-14T11:22:56Z,1773487376,2026/3/14 11:22,3600,86328.95766,85669.97078,down,reversal,85669.97078,1773487778,402,165777.6934,443656.8039,-277879.1105,712,776026.9547,729701.1396,46325.8151,669,2026/3/14 11:22
256,fbc40548-0219-4ca7-9bcd-4e81512da325,liquidity_sweep,sell,ETHUSDT,2754.461789,2026-03-14T18:53:22Z,1773514402,2026/3/14 18:53,60,2762.090284,2744.806699,up,reversal,2762.090284,1773514421,19,294639.6719,331563.7547,-36924.0828,952,155860.0882,428709.8238,-272849.7356,6771,2026/3/14 18:53
257,ba516ec0-70d7-4e60-a6b3-83c7f6064b3a,liquidity_sweep,buy,ETHUSDT,2579.265538,2026-03-14T20:16:15Z,1773519375,2026/3/14 20:16,300,2582.314192,2571.580898,up,continuation,2582.314192,1773519418,43,200326.3403,211345.5076,-11019.1673,2328,252074.1381,937471.5541,-685397.416,6848,2026/3/14 20:16
258,20533e0a-b57c-43ba-be15-fb61369f36bb,liquidity_sweep,buy,ETHUSDT,4599.957949,2026-03-15T00:39:24Z,1773535164,2026/3/15 00:39,60,4609.29075,4594.136652,up,continuation,4609.29075,1773535219,55,323397.425,490268.0903,-166870.6653,1264,887398.3441,921399.6771,-34001.333,9788,2026/3/15 00:39
259,d7cd1388-266a-4ee4-a04d-737d6becfd95,liquidity_sweep,buy,ETHUSDT,4919.871113,2026-03-15T01:29:42Z,1773538182,2026/3/15 01:29,900,4945.181347,4905.340423,up,continuation,4945.181347,1773538905,723,485827.0789,194317.7612,291509.3177,2216,700942.5605,685817.5609,15124.9996,7395,2026/3/15 01:29
260,fd9439a6-7e0d-406e-b523-c1ce100daa20,liquidity_sweep,buy,BTCUSDT,85169.3524,2026-03-15T03:46:30Z,1773546390,2026/3/15 03:46,900,85465.72019,84665.15158,up,continuation,85465.72019,1773547063,673,272692.0863,408717.6401,-136025.5538,2062,804702.4508,219395.843,585306.6077,6867,2026/3/15 03:46
261,b5ccbf5d-ddb9-481b-a169-bebaaf1c2885,liquidity_sweep,buy,ETHUSDT,2407.269973,2026-03-15T10:04:54Z,1773569094,2026/3/15 10:04,60,2410.397312,2404.126122,down,reversal,2404.126122,1773569136,42,278056.2302,198649.428,79406.8022,2453,267404.4266,714319.5945,-446915.1679,2955,2026/3/15 10:04
262,86ab0c2f-5e24-4c9f-af2a-20a6c53aca13,liquidity_sweep,buy,ETHUSDT,2808.678011,2026-03-15T11:03:05Z,1773572585,2026/3/15 11:03,60,2815.472081,2795.261446,down,reversal,2795.261446,1773572622,37,65399.3284,496886.4721,-431487.1436,2543,703835.2727,588577.4532,115257.8195,2946,2026/3/15 11:03
263,7dbb8401-b561-4ec2-9463-42ebf555a9fc,liquidity_sweep,sell,BTCUSDT,98389.81204,2026-03-15T16:17:18Z,1773591438,2026/3/15 16:17,3600,98958.08602,97841.12321,up,reversal,98958.08602,1773592819,1381,363345.1339,324569.7094,38775.4245,802,193054.6071,473417.0327,-280362.4256,8427,2026/3/15 16:17
264,dcba8fed-ddd3-430f-b21a-10f0774fb0f5,liquidity_sweep,buy,BTCUSDT,94666.45199,2026-03-16T09:30:33Z,1773653433,2026/3/16 09:30,900,95066.13589,94134.1986,down,reversal,94134.1986,1773653953,520,383652.5045,284962.9275,98689.577,2895,706671.2095,674698.4027,31972.8068,8651,2026/3/16 09:30
265,ddcf4bae-1514-4b96-890f-7d226730487f,liquidity_sweep,buy,BTCUSDT,90659.3139,2026-03-16T10:23:24Z,1773656604,2026/3/16 10:23,3600,90821.84286,90209.21932,down,reversal,90209.21932,1773658313,1709,102594.2296,53123.1401,49471.0894,770,110663.7898,795788.6568,-685124.867,6813,2026/3/16 10:23
266,94fb5b7e-60cd-433f-8265-045ac012ad72,liquidity_sweep,sell,BTCUSDT,94056.65577,2026-03-16T16:45:39Z,1773679539,2026/3/16 16:45,900,94185.26694,93700.12902,up,reversal,94185.26694,1773679914,375,338241.12,180655.5062,157585.6138,2214,103859.7522,252199.8452,-148340.093,4049,2026/3/16 16:45
267,bc207e23-4dc5-44aa-a602-4105f4b3566b,liquidity_sweep,buy,BTCUSDT,95372.8599,2026-03-16T19:41:35Z,1773690095,2026/3/16 19:41,60,95898.29169,94815.06634,down,reversal,94815.06634,1773690125,30,78100.8654,71431.4274,6669.4379,2900,617190.5759,671277.1866,-54086.6107,4876,2026/3/16 19:41
268,387dc1cf-9d7c-4b56-8573-b19f6dc37a71,liquidity_sweep,buy,ETHUSDT,2388.677598,2026-03-17T04:06:57Z,1773720417,2026/3/17 04:06,3600,2396.083076,2381.00633,up,continuation,2396.083076,1773723301,2884,488650.7554,173970.4867,314680.2687,414,271432.4542,172353.1494,99079.3048,4849,2026/3/17 04:06
269,5c79fe93-f5f4-4cc4-9c82-252081200dfd,liquidity_sweep,sell,BTCUSDT,88596.55617,2026-03-17T05:02:48Z,1773723768,2026/3/17 05:02,900,89031.84761,88103.57515,up,reversal,89031.84761,1773724441,673,210348.8468,215882.3067,-5533.46,1596,920872.4677,336144.8596,584727.6081,6949,2026/3/17 05:02
270,81c85e58-a8df-4e2f-8d7e-38a5d29429e9,liquidity_sweep,sell,ETHUSDT,3516.590885,2026-03-17T06:10:38Z,1773727838,2026/3/17 06:10,300,3525.826044,3502.078567,down,continuation,3502.078567,1773728092,254,416412.5132,88027.0584,328385.4548,2943,974418.835,467894.1737,506524.6614,7313,2026/3/17 06:10
271,783b30dc-3cb1-44d3-bd20-b8d00f97dad1,liquidity_sweep,buy,ETHUSDT,3719.673743,2026-03-17T10:40:26Z,1773744026,2026/3/17 10:40,300,3736.649007,3711.427128,up,continuation,3736.649007,1773744119,93,455104.1019,98227.2851,356876.8168,752,343062.4063,446667.6238,-103605.2174,4152,2026/3/17 10:40
272,53794167-b024-443f-a879-0da863b7a724,liquidity_sweep,buy,BTCUSDT,93235.54306,2026-03-17T22:03:25Z,1773785005,2026/3/17 22:03,300,93376.22382,92703.90333,down,reversal,92703.90333,1773785023,18,341104.8856,371933.1598,-30828.2742,2320,183718.8787,785221.582,-601502.7033,9156,2026/3/17 22:03
273,f3c66c4f-3488-47a5-9031-dbcbea96badf,liquidity_sweep,sell,BTCUSDT,87230.871,2026-03-17T23:15:35Z,1773789335,2026/3/17 23:15,900,87708.36856,87035.00213,down,continuation,87035.00213,1773789569,234,202520.2766,201868.6153,651.6614,2352,883253.3683,253349.5175,629903.8507,1617,2026/3/17 23:15
274,2c804b18-88d5-4219-a3da-e713bb92a86c,liquidity_sweep,buy,ETHUSDT,4324.962481,2026-03-17T23:30:03Z,1773790203,2026/3/17 23:30,300,4331.130472,4302.498161,down,reversal,4302.498161,1773790419,216,415729.869,206778.5517,208951.3172,1259,216488.01,302503.8926,-86015.8826,8563,2026/3/17 23:30
275,e3c322d7-1855-457b-9a43-b68181e290b3,liquidity_sweep,sell,ETHUSDT,4497.246284,2026-03-18T04:50:12Z,1773809412,2026/3/18 04:50,60,4516.288952,4492.09993,up,reversal,4516.288952,1773809472,60,405637.0001,452779.7421,-47142.742,2965,661369.4176,517418.6131,143950.8045,5070,2026/3/18 04:50
276,245958de-8c7d-47da-b650-a35f70b88cef,liquidity_sweep,buy,BTCUSDT,102875.6142,2026-03-18T07:19:52Z,1773818392,2026/3/18 07:19,3600,103436.029,102603.7838,up,continuation,103436.029,1773821780,3388,84647.4642,269498.9836,-184851.5195,1436,202028.2924,794524.0861,-592495.7937,6267,2026/3/18 07:19
277,7cfb76fd-0df3-4de1-81a8-45074563227d,liquidity_sweep,sell,BTCUSDT,86223.28992,2026-03-18T08:55:44Z,1773824144,2026/3/18 08:55,300,86398.12818,85950.91049,up,reversal,86398.12818,1773824157,13,388708.6334,459250.7112,-70542.0777,2616,235963.0609,421936.553,-185973.4921,2280,2026/3/18 08:55
278,4463d77b-f574-426d-aa93-3ea38ff8663a,liquidity_sweep,buy,ETHUSDT,3136.91133,2026-03-18T11:39:11Z,1773833951,2026/3/18 11:39,3600,3149.588404,3132.31621,down,reversal,3132.31621,1773833992,41,175945.9079,409384.8018,-233438.8939,434,101026.4021,762789.5225,-661763.1204,4470,2026/3/18 11:39
279,cd4fee1d-2ef2-4432-bf98-79bbb7b2e472,liquidity_sweep,buy,BTCUSDT,85528.04205,2026-03-18T11:51:27Z,1773834687,2026/3/18 11:51,3600,86021.41359,85261.34722,up,continuation,86021.41359,1773834920,233,387879.0521,323290.3871,64588.665,2334,532912.8989,121453.6276,411459.2714,5865,2026/3/18 11:51
280,2ac3a2ee-e4de-4123-99be-6f1da55cfa1a,liquidity_sweep,sell,BTCUSDT,100141.2922,2026-03-18T14:06:44Z,1773842804,2026/3/18 14:06,300,100355.4228,99969.30291,up,reversal,100355.4228,1773843044,240,263521.7252,302110.3654,-38588.6402,2398,526239.6096,156896.8062,369342.8034,7375,2026/3/18 14:06
281,8713a4cd-f024-4ca2-b45e-433474907b5c,liquidity_sweep,sell,BTCUSDT,100697.2358,2026-03-18T17:06:41Z,1773853601,2026/3/18 17:06,60,101254.8379,100100.0984,up,reversal,101254.8379,1773853646,45,185500.5,147534.788,37965.712,1051,827666.6545,609778.0373,217888.6172,3363,2026/3/18 17:06
282,1b0719f6-3b47-441b-92d6-a6b6099421f7,liquidity_sweep,sell,BTCUSDT,96404.39625,2026-03-18T22:41:51Z,1773873711,2026/3/18 22:41,300,96529.13043,95885.78243,down,continuation,95885.78243,1773873905,194,408330.6447,210264.029,198066.6158,2613,561460.4871,150381.1493,411079.3378,9653,2026/3/18 22:41
283,08cd8510-c32a-4ce8-aebe-bdd27d241104,liquidity_sweep,buy,ETHUSDT,4852.922214,2026-03-19T05:06:55Z,1773896815,2026/3/19 05:06,300,4873.814962,4837.596532,down,reversal,4837.596532,1773896930,115,287556.9136,414056.4303,-126499.5167,327,226524.5887,982077.1321,-755552.5434,6102,2026/3/19 05:06
284,a2997c90-fba3-4e49-b137-afb337c16e8c,liquidity_sweep,buy,ETHUSDT,2285.786934,2026-03-19T07:36:04Z,1773905764,2026/3/19 07:36,300,2291.132381,2278.410509,down,reversal,2278.410509,1773905888,124,377247.268,103511.4248,273735.8432,1467,987306.7726,733205.0951,254101.6775,4339,2026/3/19 07:36
285,e98ee93b-6010-45c0-869c-9391b7f28be6,liquidity_sweep,buy,ETHUSDT,4470.990193,2026-03-19T13:20:12Z,1773926412,2026/3/19 13:20,900,4493.705246,4457.754837,up,continuation,4493.705246,1773926925,513,125136.9097,496348.2014,-371211.2917,464,318627.4595,698925.1794,-380297.72,7614,2026/3/19 13:20
286,6ce4ebcd-de8c-42fd-baf5-7c0c15e82db2,liquidity_sweep,sell,ETHUSDT,4039.437274,2026-03-19T14:11:06Z,1773929466,2026/3/19 14:11,3600,4059.851392,4025.132817,up,reversal,4059.851392,1773932119,2653,285106.4214,273282.3462,11824.0751,2755,333950.0548,100162.6594,233787.3954,5727,2026/3/19 14:11
287,f19b1402-e917-4cfd-ad93-53d432fec72e,liquidity_sweep,buy,BTCUSDT,95813.6901,2026-03-19T20:56:04Z,1773953764,2026/3/19 20:56,900,96328.65415,95572.31677,down,reversal,95572.31677,1773953856,92,333049.1839,228962.2623,104086.9215,1155,762169.7897,381389.9424,380779.8473,7800,2026/3/19 20:56
288,e4993f00-d2b9-448e-bd92-add84fe22c3a,liquidity_sweep,buy,ETHUSDT,3794.177965,2026-03-19T23:30:43Z,1773963043,2026/3/19 23:30,900,3812.947767,3786.655504,down,reversal,3786.655504,1773963488,445,171412.4675,311255.5633,-139843.0958,442,861586.3159,947406.9205,-85820.6046,3390,2026/3/19 23:30
289,98bf3df6-cdcc-4d19-b440-ed2da29eb23d,liquidity_sweep,buy,ETHUSDT,3308.192845,2026-03-20T01:36:48Z,1773970608,2026/3/20 01:36,3600,3324.960217,3288.858595,up,continuation,3324.960217,1773971679,1071,490038.4994,301715.8173,188322.6822,1116,967546.4922,684612.4783,282934.0139,5724,2026/3/20 01:36
290,daaf3449-537f-4e05-9024-b04949375fef,liquidity_sweep,sell,BTCUSDT,99298.647,2026-03-20T01:44:21Z,1773971061,2026/3/20 01:44,3600,99636.10233,98965.69808,up,reversal,99636.10233,1773974337,3276,427109.9941,368334.6016,58775.3924,1041,866184.9831,840100.9574,26084.0258,7144,2026/3/20 01:44
291,6a8588a7-0b22-4e14-9a8e-f91db73ce2a1,liquidity_sweep,sell,BTCUSDT,95891.46803,2026-03-20T01:57:27Z,1773971847,2026/3/20 01:57,900,96261.21828,95388.24096,down,continuation,95388.24096,1773972256,409,416561.9562,407940.7367,8621.2195,1849,322039.8095,190718.793,131321.0165,6409,2026/3/20 01:57
292,0c888a0f-c86d-41c8-8650-e8d1e3100153,liquidity_sweep,buy,ETHUSDT,3409.423594,2026-03-20T03:45:08Z,1773978308,2026/3/20 03:45,300,3418.37634,3403.204213,down,reversal,3403.204213,1773978418,110,416423.0276,423616.4089,-7193.3813,1028,412311.752,609106.3195,-196794.5676,2181,2026/3/20 03:45
293,6a30f579-f0e1-4bf7-a2df-7c96cd439a06,liquidity_sweep,sell,BTCUSDT,98730.47,2026-03-20T10:48:25Z,1774003705,2026/3/20 10:48,60,98935.54171,98280.75567,up,reversal,98935.54171,1774003739,34,196648.3758,53321.8114,143326.5643,230,484429.3788,964955.1209,-480525.742,4727,2026/3/20 10:48
294,7eced28a-a195-4dfc-968a-c9b2b3f80fa9,liquidity_sweep,buy,BTCUSDT,102696.8413,2026-03-20T14:41:45Z,1774017705,2026/3/20 14:41,300,102852.0734,102378.7424,down,reversal,102378.7424,1774017781,76,197703.1974,290414.9198,-92711.7224,1992,598238.2443,992137.375,-393899.1307,750,2026/3/20 14:41
295,c0356290-31ca-41ea-a81f-105993a42fc5,liquidity_sweep,sell,ETHUSDT,3166.703279,2026-03-20T15:06:17Z,1774019177,2026/3/20 15:06,3600,3174.236846,3150.766426,down,continuation,3150.766426,1774022398,3221,141362.5709,51195.899,90166.6718,1304,537582.9835,296916.9997,240665.9837,9633,2026/3/20 15:06
296,b689db3c-f6d5-4c95-a3b2-dc5c186bd482,liquidity_sweep,sell,BTCUSDT,89822.24813,2026-03-20T16:12:48Z,1774023168,2026/3/20 16:12,3600,89998.85657,89286.97318,up,reversal,89998.85657,1774024920,1752,116135.6908,218434.0143,-102298.3234,2110,137743.273,669519.0412,-531775.7682,7272,2026/3/20 16:12
297,3f46ea82-4269-44f7-b59e-99759df8fd7c,liquidity_sweep,sell,BTCUSDT,95584.1649,2026-03-20T23:36:14Z,1774049774,2026/3/20 23:36,900,95839.54553,95363.10258,down,continuation,95363.10258,1774050131,357,416079.0222,498447.5104,-82368.4882,1256,942732.7769,962936.804,-20204.027,7211,2026/3/20 23:36
298,64bc5874-2e82-4398-8e85-8ea8e08b295a,liquidity_sweep,buy,ETHUSDT,4603.287116,2026-03-21T00:38:37Z,1774053517,2026/3/21 00:38,900,4609.463542,4587.079511,up,continuation,4609.463542,1774053837,320,412339.0779,280415.1694,131923.9085,1700,340019.9541,769587.6439,-429567.6898,3996,2026/3/21 00:38
299,be0378cf-50f3-4d3e-9c33-6054307d6c4b,liquidity_sweep,buy,ETHUSDT,3881.019737,2026-03-21T03:15:31Z,1774062931,2026/3/21 03:15,60,3902.166525,3869.935722,up,continuation,3902.166525,1774062982,51,237764.5942,164848.2171,72916.3771,2963,811799.9015,746248.9692,65550.9323,6655,2026/3/21 03:15
300,a9f711a1-7d4a-4495-a11f-2e8dffb7b76a,liquidity_sweep,buy,BTCUSDT,91922.49468,2026-03-21T05:17:01Z,1774070221,2026/3/21 05:17,3600,92303.44282,91400.43758,down,reversal,91400.43758,1774072225,2004,192682.3458,474018.9285,-281336.5827,2667,324432.7553,631444.1666,-307011.4113,9594,2026/3/21 05:17
