feature,ic,consist,n,n_folds,abs_ic,pass_ic,pass_consist,SCREEN_PASS
cg_oi_agg_close,-0.07184091750529698,0.8831168831168831,3696,77.0,0.07184091750529698,True,True,True
cg_oi_close,-0.06541933700596891,0.922077922077922,3696,77.0,0.06541933700596891,True,True,True
cg_oi_cm_delta_zscore,-0.06387695692439417,0.5714285714285714,984,21.0,0.06387695692439417,True,False,False
cg_oi_cm_vs_usd,0.05630952201571681,0.6666666666666666,988,21.0,0.05630952201571681,True,True,True
cg_crowding,-0.056072030253081113,0.6363636363636364,3696,77.0,0.056072030253081113,True,False,False
cg_ls_divergence_zscore,0.053868684400553306,0.7142857142857143,3696,77.0,0.053868684400553306,True,True,True
cg_funding_close,-0.052452084975989646,0.6753246753246753,3696,77.0,0.052452084975989646,True,True,True
cg_oi_cm_delta,-0.05029266779321862,0.5714285714285714,987,21.0,0.05029266779321862,True,False,False
cvd_persistence_12h,-0.04659724808896704,0.8571428571428571,3696,77.0,0.04659724808896704,False,True,False
cg_oi_cm_close,-0.045248916352896636,0.6190476190476191,988,21.0,0.045248916352896636,False,False,False
vol_acceleration,0.04448340070822989,0.5844155844155844,3696,77.0,0.04448340070822989,False,False,False
oi_price_divergence,0.043383567462210025,0.6493506493506493,3696,77.0,0.043383567462210025,False,False,False
quote_vol_ratio,0.04266272600120803,0.5454545454545454,3696,77.0,0.04266272600120803,False,False,False
oi_8h_non_bull,-0.0420112298488705,0.6363636363636364,3696,77.0,0.0420112298488705,False,False,False
quote_vol_zscore,0.04195044301647945,0.5324675324675324,3696,77.0,0.04195044301647945,False,False,False
cg_oi_binance_share_zscore,-0.0410083945701275,0.5974025974025974,3696,77.0,0.0410083945701275,False,False,False
cg_bfx_margin_delta,0.040437306543872335,0.38961038961038963,3696,77.0,0.040437306543872335,False,False,False
fragility_zscore,-0.03900178043591695,0.5194805194805194,3696,77.0,0.03900178043591695,False,False,False
weekday_cos,0.0378879027592171,0.4935064935064935,3696,77.0,0.0378879027592171,False,False,False
cg_bfx_margin_ratio,0.037484433891959934,0.42857142857142855,3696,77.0,0.037484433891959934,False,False,False
cg_bfx_margin_short,-0.03676356512035923,0.42857142857142855,3696,77.0,0.03676356512035923,False,False,False
fragility,-0.03631456862196924,0.5454545454545454,3696,77.0,0.03631456862196924,False,False,False
cg_liq_total_zscore,0.03628774665147977,0.4935064935064935,3684,77.0,0.03628774665147977,False,False,False
cg_oi_range_zscore,0.035860601694655776,0.5324675324675324,3696,77.0,0.035860601694655776,False,False,False
weekday_sin,-0.035753589110865264,0.5974025974025974,3696,77.0,0.035753589110865264,False,False,False
taker_delta_ma_24h,-0.033016553170735895,0.8311688311688312,3696,77.0,0.033016553170735895,False,True,False
cg_oi_close_pctchg_24h,-0.03296083525366457,0.7662337662337663,3696,77.0,0.03296083525366457,False,True,False
cg_pos_short_pct,0.0327242561022732,0.45454545454545453,3696,77.0,0.0327242561022732,False,False,False
cg_pos_long_pct,-0.0327242561022732,0.45454545454545453,3696,77.0,0.0327242561022732,False,False,False
cg_pos_ls_ratio,-0.03261564365945232,0.4935064935064935,3696,77.0,0.03261564365945232,False,False,False
return_kurtosis,-0.032258299600726605,0.5584415584415584,3696,77.0,0.032258299600726605,False,False,False
hour_cos,-0.03125481738250818,0.4805194805194805,3696,77.0,0.03125481738250818,False,False,False
cg_oi_close_zscore,-0.03125444873085775,0.6623376623376623,3696,77.0,0.03125444873085775,False,True,False
post_absorb_breakout_z,0.030876246030269536,0.4935064935064935,3696,77.0,0.030876246030269536,False,False,False
cg_funding_close_accel,0.028325180246805356,0.5324675324675324,3696,77.0,0.028325180246805356,False,False,False
cg_scvd_delta_zscore,-0.02766819143289038,0.6493506493506493,3696,77.0,0.02766819143289038,False,False,False
cg_scvd_delta,-0.027605541931991752,0.6493506493506493,3696,77.0,0.027605541931991752,False,False,False
vol_regime,0.02721852121290206,0.5454545454545454,3696,77.0,0.02721852121290206,False,False,False
cg_oi_close_pctchg_8h,-0.027202445994408027,0.6363636363636364,3696,77.0,0.027202445994408027,False,False,False
cg_bfx_margin_long,0.02682960098957686,0.4155844155844156,3696,77.0,0.02682960098957686,False,False,False
cg_ls_ratio_zscore,0.025567881961675868,0.7402597402597403,3696,77.0,0.025567881961675868,False,True,False
squeeze_proxy,-0.024962603221096828,0.5324675324675324,3696,77.0,0.024962603221096828,False,False,False
cg_bfx_margin_delta_zscore,-0.024752817757514173,0.6363636363636364,3696,77.0,0.024752817757514173,False,False,False
cg_pos_account_divergence,0.024250866215846677,0.8571428571428571,3696,77.0,0.024250866215846677,False,True,False
cg_liq_agg_imbalance,0.024174497599253286,0.6883116883116883,3689,77.0,0.024174497599253286,False,True,False
cg_fcvd_cum,-0.024096738975020487,0.948051948051948,3696,77.0,0.024096738975020487,False,True,False
return_lag_1,-0.023963082095521705,0.6623376623376623,3696,77.0,0.023963082095521705,False,True,False
cg_liq_imbalance,0.02358281106697994,0.6883116883116883,3684,77.0,0.02358281106697994,False,True,False
cg_liq_ratio,0.02358281106697994,0.6883116883116883,3684,77.0,0.02358281106697994,False,True,False
return_lag_2,-0.023317213875407018,0.6363636363636364,3696,77.0,0.023317213875407018,False,False,False
post_absorb_breakout,0.02305924268591581,0.5194805194805194,3696,77.0,0.02305924268591581,False,False,False
cg_oi_range_pct,0.023008941775822994,0.6103896103896104,3696,77.0,0.023008941775822994,False,False,False
cg_oi_close_pctchg_12h,-0.023001664716209992,0.7142857142857143,3696,77.0,0.023001664716209992,False,True,False
price_impact_zscore,-0.022898386398873025,0.6233766233766234,3696,77.0,0.022898386398873025,False,False,False
flow_trend_score,0.020214276257156362,0.4935064935064935,3696,77.0,0.020214276257156362,False,False,False
cg_liq_agg_long,0.019850862359402907,0.6363636363636364,3696,77.0,0.019850862359402907,False,False,False
cg_fcvd_delta,-0.019213515413392942,0.6623376623376623,3696,77.0,0.019213515413392942,False,True,False
cg_oi_close_pctchg_4h,-0.019007956543835105,0.6363636363636364,3696,77.0,0.019007956543835105,False,False,False
cg_liq_long,0.01887972720600001,0.6493506493506493,3696,77.0,0.01887972720600001,False,False,False
cg_ls_long_pct,0.01869752554423177,0.8701298701298701,3696,77.0,0.01869752554423177,False,True,False
cg_ls_short_pct,-0.01869752554423177,0.8701298701298701,3696,77.0,0.01869752554423177,False,True,False
cg_ls_ratio,0.01869752554423177,0.8701298701298701,3696,77.0,0.01869752554423177,False,True,False
taker_delta_ratio,-0.01867046845960371,0.6493506493506493,3696,77.0,0.01867046845960371,False,False,False
cg_oi_delta,-0.018388045764950383,0.6493506493506493,3696,77.0,0.018388045764950383,False,False,False
return_lag_10,-0.018260720920559585,0.6103896103896104,3696,77.0,0.018260720920559585,False,False,False
cg_taker_ratio,-0.018116312765706653,0.6493506493506493,3696,77.0,0.018116312765706653,False,False,False
cg_funding_range,-0.017884196996634998,0.42857142857142855,3696,77.0,0.017884196996634998,False,False,False
cg_gls_short_pct,-0.01783125826209872,0.8441558441558441,3696,77.0,0.01783125826209872,False,True,False
cg_gls_ratio,0.01783125826209872,0.8441558441558441,3696,77.0,0.01783125826209872,False,True,False
cg_gls_long_pct,0.01783125826209872,0.8441558441558441,3696,77.0,0.01783125826209872,False,True,False
cg_liq_agg_imbalance_zscore,0.017712104818682416,0.5584415584415584,3689,77.0,0.017712104818682416,False,False,False
cg_taker_delta,-0.01763756145702082,0.6233766233766234,3696,77.0,0.01763756145702082,False,False,False
realized_vol_20b,-0.01732560453338702,0.5064935064935064,3696,77.0,0.01732560453338702,False,False,False
cg_scvd_buy,-0.017243600122414566,0.5064935064935064,3696,77.0,0.017243600122414566,False,False,False
cg_liq_imbalance_zscore,0.017099979794066227,0.5454545454545454,3684,77.0,0.017099979794066227,False,False,False
cg_pos_ls_ratio_zscore,0.016802076708670743,0.4935064935064935,3696,77.0,0.016802076708670743,False,False,False
cg_bfx_margin_ratio_zscore,-0.016251297693314643,0.5584415584415584,3696,77.0,0.016251297693314643,False,False,False
cg_oi_delta_mom_1h,-0.01569133010738189,0.6233766233766234,3696,77.0,0.01569133010738189,False,False,False
cg_oi_accel,-0.01569133010738189,0.6233766233766234,3696,77.0,0.01569133010738189,False,False,False
cg_taker_sell,0.015489372504867463,0.5714285714285714,3696,77.0,0.015489372504867463,False,False,False
cg_taker_buy,0.015249164983488573,0.5194805194805194,3696,77.0,0.015249164983488573,False,False,False
funding_taker_align,0.014856933930402782,0.5324675324675324,3696,77.0,0.014856933930402782,False,False,False
return_lag_7,-0.013725367844184879,0.6103896103896104,3696,77.0,0.013725367844184879,False,False,False
cg_spot_futures_cvd_divergence,-0.013704159298729448,0.5974025974025974,3696,77.0,0.013704159298729448,False,False,False
taker_delta_std_24h,-0.013300736318924271,0.4675324675324675,3696,77.0,0.013300736318924271,False,False,False
cg_oi_agg_delta,-0.01307956867672954,0.5714285714285714,3696,77.0,0.01307956867672954,False,False,False
cg_oi_binance_share,0.012994529496190317,0.36363636363636365,3696,77.0,0.012994529496190317,False,False,False
price_impact,-0.012887608313662353,0.5324675324675324,3696,77.0,0.012887608313662353,False,False,False
cg_oi_agg_delta_zscore,-0.012600270824234006,0.5324675324675324,3696,77.0,0.012600270824234006,False,False,False
return_lag_8,0.012472968213478293,0.5324675324675324,3696,77.0,0.012472968213478293,False,False,False
cg_taker_delta_slope_4h,0.012431675092527636,0.5064935064935064,3696,77.0,0.012431675092527636,False,False,False
is_trending_bear,-0.012335673376206086,0.2727272727272727,3696,33.0,0.012335673376206086,False,False,False
return_lag_4,-0.011682132349128922,0.6493506493506493,3696,77.0,0.011682132349128922,False,False,False
cg_oi_upper_shadow,0.010833102519370974,0.5454545454545454,3696,77.0,0.010833102519370974,False,False,False
cg_funding_regime_shift,-0.010410836493606922,0.5194805194805194,3696,77.0,0.010410836493606922,False,False,False
cg_funding_close_slope_4h,-0.010386752842225634,0.5324675324675324,3696,77.0,0.010386752842225634,False,False,False
long_liq_exhaustion_4h,0.010206091217466054,0.6103896103896104,3696,77.0,0.010206091217466054,False,False,False
vol_entropy,-0.009937625765896187,0.5064935064935064,3696,77.0,0.009937625765896187,False,False,False
return_lag_3,-0.009848068875814372,0.6103896103896104,3696,77.0,0.009848068875814372,False,False,False
cg_taker_delta_accel,-0.00963719937184506,0.5324675324675324,3696,77.0,0.00963719937184506,False,False,False
cg_funding_close_zscore,-0.00875429756117832,0.5714285714285714,3696,77.0,0.00875429756117832,False,False,False
vol_kurt_non_bear,-0.008632724017340436,0.5194805194805194,3696,77.0,0.008632724017340436,False,False,False
cg_liq_short,-0.008289061854045786,0.6103896103896104,3696,77.0,0.008289061854045786,False,False,False
cg_oi_delta_accel,-0.008159004182294836,0.5714285714285714,3696,77.0,0.008159004182294836,False,False,False
cg_fcvd_delta_zscore,-0.008092653827885883,0.4935064935064935,3696,77.0,0.008092653827885883,False,False,False
cg_scvd_sell,-0.008067219877915234,0.4675324675324675,3696,77.0,0.008067219877915234,False,False,False
cg_oi_delta_zscore,-0.007824679091840448,0.6233766233766234,3696,77.0,0.007824679091840448,False,False,False
cg_fcvd_sell,0.007796714842822153,0.5584415584415584,3696,77.0,0.007796714842822153,False,False,False
cg_liq_agg_short,-0.007466519102602486,0.5974025974025974,3696,77.0,0.007466519102602486,False,False,False
return_lag_9,-0.007333566252676689,0.5974025974025974,3696,77.0,0.007333566252676689,False,False,False
cg_ls_divergence,0.007306707974061216,0.7662337662337663,3696,77.0,0.007306707974061216,False,True,False
abs_completion_z,-0.0067580034936254715,0.4805194805194805,3696,77.0,0.0067580034936254715,False,False,False
cg_liq_exchange_vs_agg,0.006751544540731443,0.5194805194805194,3684,77.0,0.006751544540731443,False,False,False
return_lag_5,-0.006080744271659408,0.5844155844155844,3696,77.0,0.006080744271659408,False,False,False
cg_margin_funding_align,-0.005885655267903171,0.4935064935064935,3696,77.0,0.005885655267903171,False,False,False
hour_sin,-0.005731434474537297,0.5064935064935064,3696,77.0,0.005731434474537297,False,False,False
cg_gls_ratio_zscore,0.005637813712436713,0.7142857142857143,3696,77.0,0.005637813712436713,False,True,False
cg_fcvd_buy,0.005202310053224172,0.5194805194805194,3696,77.0,0.005202310053224172,False,False,False
impact_asymmetry_zscore,-0.00518413072353778,0.5454545454545454,3502,77.0,0.00518413072353778,False,False,False
cg_funding_close_mom_1h,0.005110320912205699,0.5064935064935064,3696,77.0,0.005110320912205699,False,False,False
abs_completion,-0.005002734379409354,0.5064935064935064,3696,77.0,0.005002734379409354,False,False,False
cg_oi_delta_slope_4h,-0.004358355259224669,0.4675324675324675,3696,77.0,0.004358355259224669,False,False,False
cg_liq_x_oi,0.004277687157513366,0.4675324675324675,3684,77.0,0.004277687157513366,False,False,False
cg_taker_delta_zscore,-0.004271672433218038,0.5194805194805194,3696,77.0,0.004271672433218038,False,False,False
return_lag_6,-0.003473937784333918,0.5584415584415584,3696,77.0,0.003473937784333918,False,False,False
is_trending_bull,0.0029541995481049965,0.34285714285714286,3696,35.0,0.0029541995481049965,False,False,False
cg_conviction,0.002508974991637487,0.5194805194805194,3696,77.0,0.002508974991637487,False,False,False
vol_kurtosis,-0.0014785550310642338,0.4675324675324675,3696,77.0,0.0014785550310642338,False,False,False
cg_scvd_cum,-0.001037439722208816,0.8311688311688312,3696,77.0,0.001037439722208816,False,True,False
cg_taker_delta_mom_1h,-0.0007821404866809417,0.5064935064935064,3696,77.0,0.0007821404866809417,False,False,False
impact_asymmetry,-0.0007086025987996864,0.5974025974025974,3502,77.0,0.0007086025987996864,False,False,False
cg_liq_total,0.0004056473947113226,0.45454545454545453,3684,77.0,0.0004056473947113226,False,False,False
cg_liq_agg_total,0.00027853348015418895,0.4935064935064935,3689,77.0,0.00027853348015418895,False,False,False
cg_cb_premium,,,0,,,False,False,False
cg_cb_premium_rate,,,0,,,False,False,False
cg_cb_premium_rate_zscore,,,0,,,False,False,False
