feature,cond_ic,raw_ic,abs_cond_ic,frac_fold_consist,n_folds,nonzero_frac,n,max_corr_deployed,family,pass_cond_ic,pass_consist,pass_notredundant,pass_notsparse,SCREEN_PASS
dfp_fcvd_cum_24h_rank,0.10660157205541392,-0.006621301243987102,0.10660157205541392,0.38961038961038963,77,0.8733766233766234,3696,0.762219598287238,dfp,True,False,True,True,False
init_break_up_atr,0.10495522751583419,-0.006589302293971588,0.10495522751583419,0.37662337662337664,77,0.9997294372294372,3696,0.6295314317783437,init,True,False,True,True,False
cg_liq_long_cum_8h,-0.1017741236766456,-0.03360025475476747,0.1017741236766456,0.5194805194805194,77,1.0,3696,0.5937777216542269,cg,True,False,True,True,False
imb_8b,0.09697085056993596,-0.006020901962386903,0.09697085056993596,0.5064935064935064,77,1.0,3696,0.5651782997351562,imb,True,False,True,True,False
funding_pain_24h,0.09492259654544254,-0.04393328265478196,0.09492259654544254,0.38961038961038963,77,1.0,3696,0.8565668716183543,funding,True,False,True,True,False
funding_pain_48h,0.09195859720582066,-0.02787730569935576,0.09195859720582066,0.4025974025974026,77,1.0,3696,0.5762852118766086,funding,True,False,True,True,False
init_liq_long_cluster,-0.08886702514191192,-0.023174380563325946,0.08886702514191192,0.5324675324675324,77,1.0,3696,0.48680644906480725,init,True,False,True,True,False
init_liq_cluster_imb,0.08669847994950836,0.01976793908819183,0.08669847994950836,0.42857142857142855,77,1.0,3696,0.5744296835583691,init,True,False,True,True,False
dvol_ma_24h,0.08613786786867535,0.045765456308571026,0.08613786786867535,0.6883116883116883,77,1.0,3696,0.8762336249107472,dvol,True,True,True,True,True
taker_delta_ma_4h,0.08450665735559715,-0.019500596925733714,0.08450665735559715,0.42857142857142855,77,1.0,3696,0.4956864918314479,taker,True,False,True,True,False
cg_liq_long_cum_4h,-0.08419799277540549,0.004067995365181164,0.08419799277540549,0.44155844155844154,77,1.0,3696,0.8168346832008063,cg,True,False,True,True,False
init_break_dn_atr,-0.08027610596588186,0.024306668232603135,0.08027610596588186,0.33766233766233766,77,1.0,3696,0.6271200651045993,init,True,False,True,True,False
dfp_scvd_cum_24h_rank,0.07903031710486762,0.010502258165322135,0.07903031710486762,0.4155844155844156,77,0.8398268398268398,3696,0.47372579969383694,dfp,True,False,True,True,False
dfp_flow_consensus_persist_8h,0.0784668077639774,-0.00019219438260086922,0.0784668077639774,0.4675324675324675,77,0.9556277056277056,3696,0.5178036082416178,dfp,True,False,True,True,False
dfp_long_build_persist_8h,0.07664161017949893,-9.002393463213872e-06,0.07664161017949893,0.4935064935064935,77,0.9821428571428571,3696,0.5443800091152488,dfp,True,False,True,True,False
dfp_net_build_8h,0.07527041201846328,0.0028422166046124,0.07527041201846328,0.5324675324675324,77,0.8958333333333334,3696,0.3496328890069708,dfp,True,False,True,True,False
imb_5b,0.07521179632166011,-0.021473243352007648,0.07521179632166011,0.4675324675324675,77,1.0,3696,0.44664344327809896,imb,True,False,True,True,False
return_skew,0.06940851291187645,0.011237967894445753,0.06940851291187645,0.44155844155844154,77,1.0,3696,0.500150625522201,return,True,False,True,True,False
dvol_low,0.06815621109917619,0.04284912530335592,0.06815621109917619,0.6883116883116883,77,1.0,3696,0.8753934677890659,dvol,True,True,True,True,True
dvol_open,0.06810148075517827,0.04259266225018748,0.06810148075517827,0.7142857142857143,77,1.0,3696,0.8758793139717699,dvol,True,True,True,True,True
ret_5b,0.06790263535708312,-0.05222726448229114,0.06790263535708312,0.35064935064935066,77,1.0,3696,0.5535484442623837,ret,True,False,True,True,False
etf_flow_delta_1d,0.06751581406283766,0.05283678469322638,0.06751581406283766,0.4473684210526316,38,0.9935064935064936,3696,0.4446262412464892,etf,True,False,True,True,False
dvol_close,0.0672553175663018,0.044765912999373506,0.0672553175663018,0.6753246753246753,77,1.0,3696,0.8762870856391565,dvol,True,True,True,True,True
dvol_high,0.06655042356267106,0.044013067469868536,0.06655042356267106,0.6883116883116883,77,1.0,3696,0.8765062379442982,dvol,True,True,True,True,True
etf_net_flow_usd,0.06383462717561696,0.02539097762959019,0.06383462717561696,0.47368421052631576,38,0.6063311688311688,3696,0.4023871897526997,etf,True,False,True,True,False
dfp_liq_short_dom_streak,0.0634564890600273,-0.001991192580537866,0.0634564890600273,0.5324675324675324,77,0.5054112554112554,3696,0.5301762198860144,dfp,True,False,True,True,False
dvol_zscore_72h,-0.06257085865282248,-0.0004568836875908074,0.06257085865282248,0.37662337662337664,77,1.0,3696,0.4878718013125716,dvol,True,False,True,True,False
etf_flow_sign_persistence,0.06203969811522849,0.017657509639752177,0.06203969811522849,0.39473684210526316,38,0.6063311688311688,3696,0.4081635546083967,etf,True,False,True,True,False
imb_3b,0.061458660311184195,-0.028857745955323148,0.061458660311184195,0.38961038961038963,77,1.0,3696,0.5588416482526763,imb,True,False,True,True,False
absorption_cumsum_4h,-0.06024571014844004,0.034863377707939895,0.06024571014844004,0.45454545454545453,77,1.0,3696,0.525035178579684,absorption,True,False,True,True,False
absorption_ma_4h,-0.06024571014844004,0.034863377707939895,0.06024571014844004,0.45454545454545453,77,1.0,3696,0.525035178579684,absorption,True,False,True,True,False
ret_3b,0.06008253176655454,-0.049667205543198326,0.06008253176655454,0.45454545454545453,77,0.9997294372294372,3696,0.5256796237145892,ret,True,False,True,True,False
ret_2b,0.059749357265776064,-0.04304558287387506,0.059749357265776064,0.5194805194805194,77,1.0,3696,0.6681511613010217,ret,True,False,True,True,False
fg_extreme_fear,0.05759300460684365,0.03173766731943157,0.05759300460684365,0.5,6,0.83495670995671,3696,0.5932939053538377,fg,True,False,True,True,False
init_bo_dn,-0.05536990881561443,0.005119542085699449,0.05536990881561443,0.417910447761194,67,0.09740259740259741,3696,0.3624364087665624,init,True,False,True,False,False
etf_flow_zscore_30d,0.053563442102364994,0.030860186185081084,0.053563442102364994,0.42105263157894735,38,1.0,3696,0.32929543892837687,etf,True,False,True,True,False
dfp_liq_long_dom_streak,-0.05325712242329214,0.016916164552014324,0.05325712242329214,0.4935064935064935,77,0.47835497835497837,3696,0.5333875144562207,dfp,True,False,True,True,False
ls_ratio_zscore,-0.050740204927413,-0.011822890988494669,0.050740204927413,0.4025974025974026,77,1.0,3696,1.0,ls,True,False,False,True,False
etf_flow_ibit,0.0506358627459448,-0.003400453154366687,0.0506358627459448,0.5526315789473685,38,0.6063311688311688,3696,0.4447924057080195,etf,True,False,True,True,False
dvol_change_24h,-0.04914219201870047,0.00803504212728074,0.04914219201870047,0.33766233766233766,77,0.9986471861471862,3696,0.5004998584865012,dvol,True,False,True,True,False
liq_imbalance_zscore,-0.04798271617468605,0.023968001325444795,0.04798271617468605,0.6103896103896104,77,1.0,3636,1.0,liq,True,True,False,True,False
etf_btc_price,-0.04743742201850361,-0.04524322001089811,0.04743742201850361,0.5,38,1.0,3696,0.7106258441726391,etf,True,False,True,True,False
funding_squeeze,0.046849761523711765,-0.05511828753505525,0.046849761523711765,0.4675324675324675,77,1.0,3696,0.8491768399574824,funding,True,False,True,True,False
init_oi_bullish_build,0.046650450498431216,-0.010488205183363828,0.046650450498431216,0.5194805194805194,77,0.38095238095238093,3696,0.7401962688436607,init,True,False,True,True,False
oi_to_volume_zscore,0.04529396178191255,-0.014439293645653772,0.04529396178191255,0.4935064935064935,77,1.0,3696,0.9272995326134085,oi,True,False,False,True,False
tox_pressure_zscore,0.04508087452287903,0.05177147172769195,0.04508087452287903,0.5844155844155844,77,1.0,3696,0.11534638376195458,tox,True,False,True,True,False
tox_accum_zscore,-0.04484114591962707,-0.004150672753182268,0.04484114591962707,0.5324675324675324,77,1.0,3696,0.2995339096935937,tox,True,False,True,True,False
dfp_taker_4h_24h_rank,0.044658157307600976,-0.010821247495074411,0.044658157307600976,0.4935064935064935,77,0.9347943722943723,3696,0.42996103396277374,dfp,True,False,True,True,False
tox_accum,-0.04452257494734608,-0.013695374792548632,0.04452257494734608,0.4025974025974026,77,1.0,3696,0.5025791439987009,tox,True,False,True,True,False
trade_count_accel,-0.0428816924145946,0.03448435383665755,0.0428816924145946,0.5064935064935064,77,1.0,3696,0.9723777273390151,trade,True,False,False,True,False
init_break_funding_align_dn,-0.04262770182191205,-0.0066404486386458465,0.04262770182191205,0.3076923076923077,52,0.044372294372294376,3696,0.2541570616863844,init,True,False,True,False,False
large_small_bar_div,0.042125547746529456,0.0007873836200163848,0.042125547746529456,0.5584415584415584,77,1.0,3696,0.3542934614045979,large,True,False,True,True,False
large_taker_signal,0.04152448383289833,0.010935953434625691,0.04152448383289833,0.5584415584415584,77,1.0,3696,0.2236375657542035,large,True,False,True,True,False
dfp_oi_sign_streak,0.040556403841008636,-0.012243688612838862,0.040556403841008636,0.5454545454545454,77,0.9983766233766234,3696,0.5293455567631533,dfp,True,False,True,True,False
wick_asymmetry,0.04044453302131077,0.024913448372643934,0.04044453302131077,0.5454545454545454,77,0.9994588744588745,3696,0.470520382228324,wick,True,False,True,True,False
avg_trade_notional,-0.0404096430091248,-0.009387545655129765,0.0404096430091248,0.5194805194805194,77,1.0,3696,0.5628942504529268,avg,True,False,True,True,False
price_change_pct,0.040333412699698784,-0.03003501286452426,0.040333412699698784,0.4805194805194805,77,1.0,3696,0.7449280075121142,price,True,False,True,True,False
log_return,0.040333412699698784,-0.03003501286452426,0.040333412699698784,0.4805194805194805,77,1.0,3696,0.7449280075121142,log,True,False,True,True,False
ret_1b,0.040333412699698784,-0.03003501286452426,0.040333412699698784,0.4805194805194805,77,1.0,3696,0.7449280075121142,ret,True,False,True,True,False
dfp_flow_consensus_signed,0.040289475799960756,-0.017365214499713417,0.040289475799960756,0.4805194805194805,77,0.987012987012987,3696,0.6701265020306052,dfp,True,False,True,True,False
imb_3b_zscore,0.03962953797999073,-0.02592557975518522,0.03962953797999073,0.4675324675324675,77,1.0,3696,0.542136489160207,imb,True,False,True,True,False
dvol_change_4h,-0.03885266604818805,0.02466468279346169,0.03885266604818805,0.4935064935064935,77,0.9916125541125541,3696,0.29019302755474446,dvol,True,False,True,True,False
large_bar_delta,0.038778867776841565,-0.020803416907913798,0.038778867776841565,0.4675324675324675,77,0.49945887445887444,3696,0.7864538328645823,large,True,False,True,True,False
dfp_scvd_sign_streak,0.03825451206653512,-0.013121250106682471,0.03825451206653512,0.4935064935064935,77,1.0,3696,0.3719595969344906,dfp,True,False,True,True,False
ret_3b_persistence,-0.035767849563651435,-0.02859696139524964,0.035767849563651435,0.5584415584415584,77,1.0,3696,0.18012526072420454,ret,True,False,True,True,False
init_bo_up_streak,0.03494890739496905,-0.005046470889892157,0.03494890739496905,0.43283582089552236,67,0.08333333333333333,3696,0.34055014825164687,init,True,False,True,False,False
init_bo_up,0.03464783780677742,-0.01303376560567233,0.03464783780677742,0.40298507462686567,67,0.0836038961038961,3696,0.3277085295754165,init,True,False,True,False,False
imb_std_5b,0.03425716359485209,0.05196068894505216,0.03425716359485209,0.5064935064935064,77,1.0,3696,0.2400692039403967,imb,True,False,True,True,False
funding_extreme,0.033401368771284655,0.049012264098767896,0.033401368771284655,0.44155844155844154,77,1.0,3696,0.8210228000655704,funding,True,False,True,True,False
signed_body_ratio,0.03255282465106984,-0.03379086033072021,0.03255282465106984,0.5064935064935064,77,1.0,3696,0.7121900047844637,signed,True,False,True,True,False
imb_1b,0.03156689075127497,-0.03272153256586379,0.03156689075127497,0.5194805194805194,77,1.0,3696,1.0,imb,True,False,False,True,False
dfp_taker_sign_streak,0.03145724103475006,-0.01919076247129792,0.03145724103475006,0.44155844155844154,77,1.0,3696,0.5065825699671188,dfp,True,False,True,True,False
tox_div_taker,-0.03062241182980926,-0.0056381278009793685,0.03062241182980926,0.5584415584415584,77,1.0,3696,0.27497073720797527,tox,True,False,True,True,False
dfp_flow_consensus_zweighted,0.030405053547715482,-0.013904990195762542,0.030405053547715482,0.5194805194805194,77,1.0,3696,0.6935172277340833,dfp,True,False,True,True,False
etf_flow_fbtc,0.029005863253102483,0.016168276257662893,0.029005863253102483,0.3684210526315789,38,0.5608766233766234,3696,0.30895693298674143,etf,False,False,True,True,False
init_bo_dn_streak,-0.0289669790171901,0.03444221219552373,0.0289669790171901,0.38235294117647056,68,0.09740259740259741,3696,0.3941349970574056,init,False,False,True,False,False
dfp_fcvd_sign_streak,0.028597285167701967,-0.022285357011257365,0.028597285167701967,0.4025974025974026,77,1.0,3696,0.5133233380977398,dfp,False,False,True,True,False
init_liq_short_cluster,-0.027378546822209405,-0.011385604402855342,0.027378546822209405,0.5584415584415584,77,1.0,3696,0.4809481328101919,init,False,False,True,True,False
volume_ma_24h,0.026802581262493352,-0.011609112805233128,0.026802581262493352,0.5454545454545454,77,1.0,3696,0.8294832700577145,volume,False,False,True,True,False
cg_liq_short_cum_4h,0.02637743791913615,-0.0069914816385036275,0.02637743791913615,0.45454545454545453,77,0.9994588744588745,3696,0.6087807470914379,cg,False,False,True,True,False
dfp_retail_whale_div,-0.02502504249610877,0.010200979906265178,0.02502504249610877,0.4675324675324675,77,0.9596861471861472,3696,0.3890955528503176,dfp,False,False,True,True,False
tox_bv_vpin_zscore,-0.023883867288148928,-0.0021101686310979004,0.023883867288148928,0.5194805194805194,77,1.0,3696,0.31724921331728667,tox,False,False,True,True,False
absorption_score,-0.023711106759315762,0.021890821365636005,0.023711106759315762,0.45454545454545453,77,1.0,3696,0.48815898122279006,absorption,False,False,True,True,False
absorption_net,-0.023711106759315762,0.021890821365636005,0.023711106759315762,0.45454545454545453,77,1.0,3696,0.48815898122279006,absorption,False,False,True,True,False
cg_liq_vs_vol,-0.023559233052338598,-0.016228457476372284,0.023559233052338598,0.4805194805194805,77,1.0,3636,0.8839086165491197,cg,False,False,True,True,False
dfp_post_long_liq_rev,-0.02350878785036647,0.018231108409488037,0.02350878785036647,0.5555555555555556,63,0.04816017316017316,3696,0.2580077790970517,dfp,False,False,True,False,False
exchange_flow_8h,0.02305026019559948,-0.0351569282865477,0.02305026019559948,0.45454545454545453,77,1.0,3696,0.3499816459437013,exchange,False,False,True,True,False
tox_bv_vpin,-0.02278934087259456,-0.013206121530667306,0.02278934087259456,0.5584415584415584,77,1.0,3696,0.2562107609050363,tox,False,False,True,True,False
init_funding_sign_persist_8h,0.022265404916480314,0.02544912068022328,0.022265404916480314,0.4935064935064935,77,0.816017316017316,3696,0.6790880747038324,init,False,False,True,True,False
ls_acceleration_8h,-0.0219692318903669,0.006346700428927461,0.0219692318903669,0.4805194805194805,77,1.0,3696,0.2746660851827445,ls,False,False,True,True,False
reversal_1v3,0.021653763527967204,0.0185006477456231,0.021653763527967204,0.5974025974025974,77,0.9997294372294372,3696,0.29243750989653294,reversal,False,False,True,True,False
liq_imbalance_slope,-0.021644092776640103,0.020721972776809542,0.021644092776640103,0.5194805194805194,77,0.9991329479768786,3460,0.679742538751745,liq,False,False,True,True,False
cg_liq_imbalance_slope_4h,-0.020766065596239926,0.020479432337226506,0.020766065596239926,0.5454545454545454,77,0.9353354978354979,3696,0.6606876761919809,cg,False,False,True,True,False
avg_trade_size,-0.020429093322358278,0.008235117079760526,0.020429093322358278,0.4935064935064935,77,1.0,3696,0.46549606950152983,avg,False,False,True,True,False
trade_intensity,0.020429093322358278,-0.008235117079760526,0.020429093322358278,0.4935064935064935,77,1.0,3696,0.46549606950152983,trade,False,False,True,True,False
oi_price_confirm,0.020290194497950997,0.046901031809176985,0.020290194497950997,0.6363636363636364,77,1.0,3696,0.6080595522114136,oi,False,True,True,True,False
init_oi_bearish_build,-0.01865480943069731,-0.011406879451674436,0.01865480943069731,0.5454545454545454,77,0.12554112554112554,3696,0.22216321295996683,init,False,False,True,False,False
trade_intensity_zscore,0.01826685153615558,-0.0024057142623269637,0.01826685153615558,0.5324675324675324,77,1.0,3696,0.5299405611220259,trade,False,False,True,True,False
avg_trade_size_zscore,-0.017860547685154035,0.002234790731553092,0.017860547685154035,0.5194805194805194,77,1.0,3696,0.5291529802309489,avg,False,False,True,True,False
fear_greed_value,-0.017817260233591797,-0.021958261050895926,0.017817260233591797,0.40425531914893614,47,1.0,3696,0.6268857158520601,fear,False,False,True,True,False
dfp_long_cover_persist_8h,-0.017524703346852067,0.03901441618584909,0.017524703346852067,0.42857142857142855,77,0.9856601731601732,3696,0.5475719232075901,dfp,False,False,True,True,False
init_break_funding_align_up,0.017194345112982862,-0.0055679953640065255,0.017194345112982862,0.4,60,0.04599567099567099,3696,0.23765495234216902,init,False,False,True,False,False
volume_ma_4h,-0.017066685016524023,0.022395300154193276,0.017066685016524023,0.4935064935064935,77,1.0,3696,0.8194411425309802,volume,False,False,True,True,False
dfp_short_cover_persist_8h,-0.0170632705203543,-0.020030858187570208,0.0170632705203543,0.5844155844155844,77,0.6109307359307359,3696,0.23195789386910123,dfp,False,False,True,True,False
fg_delta_7d,0.015828491357003965,0.008143247018851408,0.015828491357003965,0.5869565217391305,46,0.961038961038961,3696,0.28638852444047785,fg,False,False,True,True,False
tox_pressure,0.014764279731742286,-0.02286020231811044,0.014764279731742286,0.5194805194805194,77,1.0,3696,0.7516481979633721,tox,False,False,True,True,False
init_funding_d1,-0.01436318981327915,0.010343407606831499,0.01436318981327915,0.5714285714285714,77,0.9770021645021645,3696,0.9083982516553716,init,False,False,False,True,False
avg_trade_notional_zscore,-0.013292581891907022,-0.0005473334410449424,0.013292581891907022,0.4935064935064935,77,1.0,3696,0.5228029081335881,avg,False,False,True,True,False
dfp_spot_lead_ratio,-0.012579282707268399,0.010639978488375522,0.012579282707268399,0.5324675324675324,77,1.0,3696,0.5308092316907497,dfp,False,False,True,True,False
body_ratio,0.012306137939345275,0.021409973278986773,0.012306137939345275,0.5454545454545454,77,1.0,3696,0.8749997690977339,body,False,False,True,True,False
cg_liq_short_cum_8h,0.011967283229008564,-0.017364498566905206,0.011967283229008564,0.44155844155844154,77,1.0,3696,0.5112905188471881,cg,False,False,True,True,False
imb_sign_persistence,0.01070610762884484,-0.0004131424780031314,0.01070610762884484,0.4805194805194805,77,1.0,3696,0.10385983048455859,imb,False,False,True,True,False
cg_liq_surge,-0.010450138962345212,0.013194693257523545,0.010450138962345212,0.4935064935064935,77,1.0,3636,0.8451248071368518,cg,False,False,True,True,False
init_oi_close_corr_12h,-0.00948810329491663,0.02756077612652248,0.00948810329491663,0.5064935064935064,77,1.0,3696,0.2054273961491092,init,False,False,True,True,False
large_bar_delta_zscore,0.009232211854062696,-0.00186320775484909,0.009232211854062696,0.6883116883116883,77,1.0,3696,0.8337825483054904,large,False,True,True,True,False
dfp_pos_ls_sign_streak,-0.008521009737625835,-0.002628176388609629,0.008521009737625835,0.5324675324675324,77,0.4107142857142857,3696,0.3036849200497938,dfp,False,False,True,True,False
sell_flow_price_impact,0.008406001924092138,0.012263616383411875,0.008406001924092138,0.5194805194805194,77,1.0,3537,0.4389521786521728,sell,False,False,True,True,False
small_bar_delta,-0.00756872562676294,-0.024651922022180982,0.00756872562676294,0.5064935064935064,77,0.5005411255411255,3696,0.5943645322946048,small,False,False,True,True,False
init_funding_d2,-0.0068462740904352195,0.00272813911687826,0.0068462740904352195,0.5194805194805194,77,0.9829545454545454,3696,0.32068032467142377,init,False,False,True,True,False
absorption_zscore,-0.006806044297365022,7.531501902280535e-05,0.006806044297365022,0.5324675324675324,77,1.0,3696,0.6219283090556218,absorption,False,False,True,True,False
absorption_net_zscore,-0.006806044297365022,7.531501902280535e-05,0.006806044297365022,0.5324675324675324,77,1.0,3696,0.6219283090556218,absorption,False,False,True,True,False
cg_liq_cascade,0.006520171401158258,0.02269428814766012,0.006520171401158258,0.5454545454545454,77,0.2746212121212121,3696,0.768301391287152,cg,False,False,True,False,False
tox_liq_exhaust,-0.0064079640371063435,-0.03504632978506942,0.0064079640371063435,0.5064935064935064,77,1.0,3696,0.1231021377433291,tox,False,False,True,True,False
dvol_rv_spread,0.0059939231182015535,0.001656591967830682,0.0059939231182015535,0.45454545454545453,77,1.0,3696,0.8992375818705399,dvol,False,False,True,True,False
etf_flow_3d_sum,0.004588639032756194,-0.020795305251456793,0.004588639032756194,0.39473684210526316,38,1.0,3696,0.6382601639403228,etf,False,False,True,True,False
fg_delta_1d,-0.004234279263960883,0.0007255423317224578,0.004234279263960883,0.3617021276595745,47,0.935064935064935,3696,0.36754910072487096,fg,False,False,True,True,False
cg_liq_surge_zscore,0.004184802090656328,0.01430062689306517,0.004184802090656328,0.4935064935064935,77,1.0,3636,0.9279065929034575,cg,False,False,False,True,False
buy_flow_price_impact,-0.0035068183038683585,-0.01586125922790543,0.0035068183038683585,0.5064935064935064,77,1.0,3579,0.39382543093361505,buy,False,False,True,True,False
taker_delta_std_4h,-0.0034409942224236296,0.04036818803079564,0.0034409942224236296,0.4805194805194805,77,1.0,3696,0.6624118852353134,taker,False,False,True,True,False
absorption_buy,-0.0031180112699415,-0.019253952900624687,0.0031180112699415,0.5324675324675324,77,1.0,3696,0.6062080285813606,absorption,False,False,True,True,False
tox_funding_pressure,-0.0026571930932999025,0.020943565199724328,0.0026571930932999025,0.5064935064935064,77,0.9997294372294372,3696,0.9886909299166774,tox,False,False,False,True,False
etf_flow_gbtc,-0.002457086332281437,0.007434477693451849,0.002457086332281437,0.5185185185185185,27,0.2077922077922078,3696,0.3198526234213943,etf,False,False,True,False,False
funding_zscore,-0.0019107893435139725,0.021711811335307495,0.0019107893435139725,0.5194805194805194,77,1.0,3696,1.0,funding,False,False,False,True,False
crowding_zscore,-0.0018816329052694493,0.01708762546341419,0.0018816329052694493,0.4935064935064935,77,1.0,3696,0.9897048890327067,crowding,False,False,False,True,False
imb_slope_4b,0.0010285176016048758,-0.022540601495578336,0.0010285176016048758,0.42857142857142855,77,1.0,3696,0.8564152640187849,imb,False,False,True,True,False
absorption_sell,-0.0006355160028199975,-0.01956504706025859,0.0006355160028199975,0.5194805194805194,77,1.0,3696,0.6067765843530709,absorption,False,False,True,True,False
etf_flow_7d_sum,-0.00022409898516013302,-0.023153152674777355,0.00022409898516013302,0.5,38,1.0,3696,0.6372839480353716,etf,False,False,True,True,False
