feature,ic_2025-11,n_2025-11,ic_2025-12,n_2025-12,ic_2026-01,n_2026-01,ic_2026-02,n_2026-02,ic_2026-03,n_2026-03,ic_2026-04,n_2026-04,early_avg,late_avg,ic_drop,early_signed,late_signed,sign_flip
post_absorb_breakout,0.2340248855932721,720,0.29117519450499535,744,0.2417114399911187,744,0.0747017396896821,672,0.07847992827332365,744,-0.003940488227646974,300,0.2556371733631287,0.04121020825048531,0.21442696511264336,0.2556371733631287,0.037269720022838335,False
flow_trend_score,0.1638800743571393,720,0.3039982610302056,744,0.18778851586445713,744,0.08794246335351737,672,0.011971793024131995,744,0.0092694363270703,300,0.218555617083934,0.010620614675601148,0.20793500240833285,0.218555617083934,0.010620614675601148,False
cg_taker_buy,0.2981447366475115,720,0.3669227723164634,744,0.2591967987570795,744,0.20855336165612098,672,0.15894605084378535,744,0.054057045078278645,300,0.3080881025736848,0.106501547961032,0.2015865546126528,0.3080881025736848,0.106501547961032,False
cg_oi_range_pct,0.2708371994030338,720,0.2988714929503794,744,0.2843622675023901,744,0.15033468281249063,672,0.1438748081611531,744,0.05277969755219502,300,0.2846903199519344,0.09832725285667407,0.18636306709526032,0.2846903199519344,0.09832725285667407,False
vol_acceleration,0.15133105323634238,720,0.27418731280505915,744,0.20373313224066902,744,0.03210499825850714,672,0.059494416677326405,744,-0.019477549750552783,300,0.20975049942735682,0.03948598321393959,0.17026451621341723,0.20975049942735682,0.02000843346338681,False
cg_liq_long,0.17632455787094387,720,0.2525578363551143,744,0.2232255540445858,744,0.15243269910675242,672,0.06637901737980711,744,-0.08153236126647735,300,0.21736931609021468,0.07395568932314223,0.14341362676707245,0.21736931609021468,-0.0075766719433351185,False
cg_oi_range_zscore,0.15291156040038656,720,0.21930737252678317,744,0.18158690900741484,744,0.05618679179685683,672,0.07911132466198922,744,0.007197413304592272,300,0.1846019473115282,0.043154368983290746,0.14144757832823746,0.1846019473115282,0.043154368983290746,False
cg_liq_short,0.2087460921466137,720,0.223000979290823,744,0.16068131750248468,744,0.1847786332778993,672,0.05711392728474188,744,0.056105559265834166,300,0.19747612964664044,0.05660974327528802,0.1408663863713524,0.19747612964664044,0.05660974327528802,False
fragility,-0.14668296042237733,720,-0.1918349715334025,744,-0.18817602523604154,744,-0.07313328889705768,672,-0.06434669020258942,744,0.04578761986244292,300,0.1755646523972738,0.05506715503251616,0.12049749736475765,-0.1755646523972738,-0.009279535170073249,False
long_liq_exhaustion_4h,0.14259698645289795,708,0.188810044065751,744,0.22592111056298858,744,0.08898538189941986,672,0.06133111610799446,744,0.10451493905487838,300,0.1857760470272125,0.08292302758143642,0.10285301944577609,0.1857760470272125,0.08292302758143642,False
cg_liq_total_zscore,0.08360963273463103,720,0.16857145295225434,742,0.11771310360397336,738,0.08210249120474926,672,0.003401208993314256,703,-0.04299514439049323,300,0.1232980630969529,0.02319817669190374,0.10009988640504916,0.1232980630969529,-0.019796967698589487,False
is_trending_bear,0.2356397209369389,720,0.04373679421344302,744,0.12304095173188107,744,0.1648454070608525,672,0.008116997784026109,744,0.07155030914418012,300,0.134139155627421,0.039833653464103114,0.09430550216331787,0.134139155627421,0.039833653464103114,False
cg_pos_account_divergence,0.25431413180516954,720,-0.06040081873813747,744,0.118093676979112,744,0.15650972600276378,672,-0.06316609837868924,744,-0.051337140348055865,300,0.144269542507473,0.05725161936337255,0.08701792314410045,0.10400233001538135,-0.05725161936337255,True
post_absorb_breakout_z,0.1062927076119617,720,0.16079704142029078,744,0.09114372521246873,744,-0.017888184453356305,672,0.0377883847424049,744,-0.04202180024222491,300,0.11941115808157372,0.03990509249231491,0.07950606558925882,0.11941115808157372,-0.0021167077499100045,False
cg_liq_exchange_vs_agg,-0.11716724080877529,720,-0.21242139174478036,742,-0.07060086003645291,738,-0.0744038145295891,672,-0.0879416005290446,703,-0.03185277398217997,300,0.13339649753000285,0.059897187255612286,0.07349931027439056,-0.13339649753000285,-0.059897187255612286,False
cg_pos_ls_ratio,0.13488051541439117,720,-0.28037466795342575,744,-0.04261407100117892,744,0.05788668410638735,672,0.09081072938467713,744,0.07513057201282111,300,0.15262308478966527,0.08297065069874912,0.06965243409091615,-0.06270274118007117,0.08297065069874912,True
vol_regime,0.10869989461142221,720,0.19283015877132229,744,0.09908771103730073,744,0.051130728696923616,672,-0.00429768552094937,744,0.12977477527528083,300,0.13353925480668175,0.0670362303981151,0.06650302440856665,0.13353925480668175,0.06273854487716574,False
taker_delta_std_24h,0.16185708305764476,720,0.061372987749995125,744,0.14681176730089918,744,0.11270685566108556,672,0.04826471619214568,744,0.07341814909054543,300,0.12334727936951302,0.06084143264134556,0.06250584672816746,0.12334727936951302,0.06084143264134556,False
cg_crowding,0.19955264345910725,720,-0.05068661408021544,744,0.036427761141100475,744,-0.11769880024526026,672,0.06162436329316823,744,-0.005728508094534384,300,0.09555567289347439,0.03367643569385131,0.06187923719962308,0.06176459683999743,0.02794792759931692,False
cg_bfx_margin_delta,0.036661385851012224,720,-0.14891875686109998,744,0.1044508966370158,744,-0.08836903990219327,672,0.07540710415440689,744,0.0010933456031006637,300,0.096677013116376,0.03825022487875378,0.05842678823762222,-0.0026021581243573185,0.03825022487875378,False
weekday_sin,0.22611577440701347,720,0.21009171227970685,744,0.21042251472211806,744,0.12653331253629127,672,0.19010961901956872,744,0.1298981681800527,300,0.21554333380294613,0.1600038935998107,0.05553944020313542,0.21554333380294613,0.1600038935998107,False
vol_kurt_non_bear,-0.12671103520836124,720,-0.040198647104956804,744,-0.1572859781220571,744,-0.12862061577396655,672,-0.026850999811949987,744,-0.09959170136107942,300,0.10806522014512505,0.06322135058651471,0.04484386955861035,-0.10806522014512505,-0.06322135058651471,False
cg_oi_close_pctchg_4h,0.028275517506785308,720,0.04751854430045949,744,0.06923614411420789,744,0.008965860976097468,672,-0.007078288898012395,744,0.00524850276114179,300,0.04834340197381756,0.006163395829577092,0.04218000614424047,0.04834340197381756,-0.0009148930684353025,False
cg_funding_range,0.045705534924645866,720,0.07068862230149253,744,0.04427627704780002,744,0.06139257570080787,672,0.006448731741290748,744,-0.018599772552904875,300,0.053556811424646134,0.012524252147097811,0.04103255927754832,0.053556811424646134,-0.006075520405807064,False
tox_div_taker,-0.052936123204970174,720,0.0412292022213824,744,0.11991639075187427,744,0.029524275081847,672,-0.033141768871449984,744,-0.028694096601073343,300,0.07136057205940895,0.030917932736261665,0.04044263932314728,0.0360698232560955,-0.030917932736261665,True
hour_sin,-0.03118604023564444,720,-0.06887400796314784,744,-0.1287792192238802,744,0.04944588463106601,672,0.0490293918178799,744,-0.03413678550631014,300,0.07627975580755748,0.04158308866209502,0.03469666714546246,-0.07627975580755748,0.007446303155784879,False
realized_vol_20b,0.1758501656060293,720,0.1245138795606071,744,0.10054293271078528,744,0.2015066206781794,672,0.12355569787963987,744,0.07580706452293913,300,0.1336356592924739,0.0996813812012895,0.0339542780911844,0.1336356592924739,0.0996813812012895,False
cg_conviction,0.08307934621787463,720,0.11255974430617058,744,0.07318950312609543,744,0.051671959687208266,672,0.0288096710963581,744,0.08449560550672786,300,0.08960953121671356,0.056652638301542976,0.03295689291517058,0.08960953121671356,0.056652638301542976,False
tox_bv_vpin_zscore,-0.07821153847390394,720,0.044412204607512364,744,0.06710756699535567,744,0.04388779502961171,672,-0.05953040239609525,744,0.002056911743463816,300,0.06324377002559066,0.03079365706977953,0.03245011295581113,0.011102744376321362,-0.02873674532631572,False
price_impact,-0.061235296878787704,720,-0.01068621414795288,744,-0.13073008467279368,744,-0.007760675857404476,672,-0.001594910366422032,744,0.07073411926799186,300,0.06755053189984477,0.03616451481720695,0.031386017082637815,-0.06755053189984477,0.03456960445078491,True
fragility_zscore,-0.0766996399813014,720,-0.09861919737569412,744,-0.11640164957369309,744,-0.04820119288306754,672,-0.055836402803447746,744,0.0772244136045956,300,0.09724016231022954,0.06653040820402167,0.030709754106207868,-0.09724016231022954,0.010694005400573928,False
taker_delta_ma_24h,-0.20309909291234485,720,0.0108756418060227,744,-0.10245964573152556,744,-0.1566126429534707,672,0.12639894845941788,744,0.0255678396426627,300,0.10547812681663105,0.07598339405104029,0.029494732765590753,-0.09822769894594924,0.07598339405104029,True
cg_taker_delta_mom_1h,-0.02623558301617094,720,0.0038547552286375226,744,-0.07316295819508456,744,0.010875907640455908,672,-0.016618000959813424,744,-0.006493849931665907,300,0.03441776547996434,0.011555925445739666,0.022861840034224677,-0.03184792866087266,-0.011555925445739666,False
cg_taker_delta_slope_4h,0.013558732430682414,720,-0.04318362011668697,744,-0.05627435045777623,744,0.0259622024870606,672,-0.008442686696677104,744,0.023977599751108344,300,0.037672234335048536,0.016210143223892724,0.021462091111155813,-0.02863307938126026,0.00776745652721562,False
hour_cos,-0.16759603541558168,720,-0.16571342887030266,744,-0.10918766409678009,744,-0.2159297213116134,672,-0.08664302219291631,744,-0.16863079194069355,300,0.1474990427942215,0.12763690706680492,0.019862135727416574,-0.1474990427942215,-0.12763690706680492,False
cg_funding_close_zscore,0.04629918171653831,720,0.05223998933074358,744,0.0029728000119118333,744,-0.043945805248267925,672,0.0077433690849749584,744,0.022067800753341704,300,0.033837323686397906,0.01490558491915833,0.018931738767239574,0.033837323686397906,0.01490558491915833,False
vol_kurtosis,-0.06740560842131255,720,-0.03394904363945865,744,-0.09341405983885975,744,0.07387358153745507,672,-0.03959451816579481,744,-0.05496683296481072,300,0.06492290396654365,0.047280675565302764,0.01764222840124089,-0.06492290396654365,-0.047280675565302764,False
cg_margin_funding_align,0.03180922655979638,720,-0.12404000446397742,744,-0.026669176439873113,744,0.009624041585773981,672,0.047511813368446856,744,-0.03948977210857898,300,0.060839469154548964,0.043500792738512914,0.01733867641603605,-0.03963331811468472,0.004011020629933939,False
cg_oi_close_pctchg_8h,0.049258872027145115,720,0.10917638742428795,744,0.008839782547188643,744,-0.05462545882247244,672,0.04769535510328485,744,-0.03677151968355204,300,0.0557583473328739,0.04223343739341844,0.01352490993945546,0.0557583473328739,0.005461917709866405,False
taker_delta_ratio,0.004449179107212784,720,-0.01882565924525564,744,-0.05637994741714326,744,-0.010571976801606792,672,0.00205552756666318,744,-0.024690052111690126,300,0.02655159525653723,0.013372789839176653,0.013178805417360577,-0.023585475851728707,-0.011317262272513473,False
cg_oi_close,0.15988543573579422,720,-0.07760636628468486,744,-0.00041535095702599273,744,0.018794600177593563,672,-0.09903443249818128,744,0.03567817420193557,300,0.07930238432583503,0.06735630335005843,0.011946080975776596,0.027287906164694457,-0.031678129148122854,False
cg_oi_delta_mom_1h,-0.0366134965538128,720,-0.03612319295600681,744,-0.0501289512537745,744,0.015456935459736715,672,-0.023073838906943263,744,0.03753552817253525,300,0.0409552135878647,0.030304683539739256,0.010650530048125443,-0.0409552135878647,0.007230844632795993,False
tox_pressure,0.010110262558376848,720,-0.009851869960724575,744,-0.03712076952909992,744,0.026615143680278994,672,0.00997267707814612,744,-0.016201513350148335,300,0.019027634016067115,0.013087095214147228,0.005940538801919887,-0.012287458977149217,-0.003114418136001107,False
cg_oi_delta_slope_4h,-0.016001895579788282,720,-0.006644304043483569,744,0.050664832511975094,744,0.04708159961734609,672,-0.023776157756728967,744,-0.014020600228891433,300,0.024437010711748985,0.0188983789928102,0.005538631718938786,0.009339544296234415,-0.0188983789928102,False
cg_oi_close_zscore,0.06106612216973154,720,0.17861259465191032,744,0.005701449073506149,744,-0.0959203908409813,672,0.03631591323449839,744,-0.1193475483060923,300,0.081793388631716,0.07783173077029534,0.0039616578614206505,0.081793388631716,-0.04151581753579696,True
cg_funding_close,0.11098720471726484,720,-0.017904067208271295,744,0.0038380244521182133,744,-0.11418499769763586,672,0.07134857499700743,744,0.012201254814781641,300,0.04424309879255145,0.041774914905894536,0.0024681838866569134,0.03230705398703725,0.041774914905894536,False
return_kurtosis,-0.0963142933017489,720,-0.017122354649019778,744,-0.04308020852485652,744,-0.011873469866795567,672,-0.006640253828982461,744,0.09840376004177824,300,0.05217228549187506,0.05252200693538035,-0.0003497214435052923,-0.05217228549187506,0.04588175310639789,True
oi_price_divergence,-0.024128583066968363,720,0.037967672295105045,744,0.053892532948786355,744,0.0312774332578001,672,0.048021237110338046,744,-0.03485638729319215,300,0.03866292943695326,0.041438812201765096,-0.002775882764811839,0.022577207392307678,0.006582424908572949,False
is_trending_bull,-0.0474503137061089,720,0.14028759531196727,744,-0.023174309249130387,744,0.06672178856058888,672,0.13851916109892026,744,0.013655617528601676,300,0.07030407275573552,0.07608738931376097,-0.005783316558025442,0.023220990785575994,0.07608738931376097,False
tox_accum_zscore,-0.08288342248602588,720,-0.005752440982692765,744,-0.0008448048131700155,744,0.17083071082085502,672,0.04717299398557716,744,0.025668729652551694,300,0.029826889427296225,0.036420861819064426,-0.006593972391768201,-0.029826889427296225,0.036420861819064426,False
abs_completion_z,-0.07028834359023656,720,-0.06776181688374004,744,0.012355358035177413,744,-0.0877954903356672,672,0.021768624191240225,744,-0.09508789224409474,300,0.05013517283638467,0.05842825821766748,-0.00829308538128281,-0.04189826747959974,-0.03665963402642726,False
cg_taker_delta_zscore,0.026721566463927076,720,-0.041076051664419626,744,-0.04060978164681722,744,0.043557805067317164,672,-0.06182270725078725,744,-0.04001733352592807,300,0.03613579992505464,0.05092002038835766,-0.014784220463303022,-0.018321422282436592,-0.05092002038835766,False
funding_taker_align,-0.04455426501059382,720,-0.0005487312193156187,744,-0.04422933305205225,744,-0.04598937040841408,672,-0.028220729114369607,744,0.06840076000844454,300,0.029777443093987232,0.048310744561407076,-0.018533301467419844,-0.029777443093987232,0.020090015447037465,False
cg_liq_ratio,-0.022343275814983816,720,0.03151439685996714,742,0.04195778396006846,738,-0.010526577610792766,672,-2.3590562542049045e-05,703,-0.10507984136559584,300,0.03193848554500647,0.05255171596406894,-0.02061323041906247,0.01704296833501726,-0.05255171596406894,False
cg_oi_close_pctchg_12h,0.030545905116843717,720,0.1810859062150979,744,-0.0003988441445407917,744,-0.06737046598932453,672,0.05271561054652547,744,-0.13252236135957066,300,0.07067688515882747,0.09261898595304806,-0.021942100794220584,0.07041098906246694,-0.0399033754065226,True
cg_pos_ls_ratio_zscore,-0.011895873598701362,720,-0.20532880097753178,744,-0.021770958580731994,744,-0.03757210450446595,672,0.012092996855212,744,0.21734002824605989,300,0.07966521105232172,0.11471651255063595,-0.03505130149831423,-0.07966521105232172,0.11471651255063595,True
squeeze_proxy,0.024770455803657856,720,0.008078517050383212,744,0.013351313566149766,744,-0.008234129400670214,672,-0.0010598158405346052,744,-0.10117712419026878,300,0.015400095473396944,0.05111847001540169,-0.03571837454200475,0.015400095473396944,-0.05111847001540169,False
vol_entropy,0.07654620720730368,720,-0.02171412038858571,744,0.07689816602158475,744,-0.05676290630732594,672,0.10056641966744538,744,0.09071402296323218,300,0.05838616453915805,0.09564022131533878,-0.03725405677618073,0.0439100842801009,0.09564022131533878,False
cg_oi_agg_delta,0.009287569356165168,720,0.02523489077121395,744,-0.013701060185927004,744,0.02996034326947261,672,-0.0027305438913586785,744,0.1236511516794631,300,0.016074506771102042,0.06319084778541088,-0.04711634101430884,0.006940466647150705,0.06046030389405221,False
cg_funding_close_slope_4h,-0.03970755664398126,720,0.004892649100917492,744,0.006352625699281759,744,-0.005835424653781412,672,-0.025796064208371945,744,-0.10343803820042445,300,0.01698427714806017,0.0646170512043982,-0.047632774056338034,-0.009487427281260669,-0.0646170512043982,False
cg_funding_close_mom_1h,-0.04115791779295147,720,0.01913025883638806,744,-0.005260806186396291,744,0.021856078028394774,672,0.01723924631582142,744,-0.1301983644703561,300,0.021849660938578607,0.07371880539308875,-0.051869144454510144,-0.009096155047653234,-0.05647955907726734,False
cg_bfx_margin_delta_zscore,0.056741879003110215,720,0.03816686126150488,744,0.053045018279870994,744,0.017395552344277167,672,-0.05077992853556773,744,-0.15592128801431127,300,0.049317919514828695,0.1033506082749395,-0.0540326887601108,0.049317919514828695,-0.1033506082749395,True
impact_asymmetry,0.0014795707229650276,635,0.015216056315784227,679,-0.07726307622277663,681,-0.08212117885094972,619,-0.06813303842633503,699,0.11009364163496267,278,0.03131956775384196,0.08911334003064886,-0.0577937722768069,-0.020189149728009125,0.02098030160431382,False
weekday_cos,-0.0191788502435616,720,0.1937820209203115,744,0.058049820479154926,744,0.04668960331931718,672,0.14838398017773527,744,0.1554542941345293,300,0.09033689721434267,0.15191913715613228,-0.061582239941789615,0.07755099705196827,0.15191913715613228,False
cg_ls_ratio_zscore,0.12127560045447618,720,-0.10332207917615724,744,-0.005041846874501919,744,-0.026547722124172078,672,-0.05026255005584343,744,0.23406126734741495,300,0.07654650883504512,0.1421619087016292,-0.06561539986658409,0.004303891467939007,0.09189935864578576,False
cg_gls_ratio_zscore,0.13066182395752615,720,-0.08601236568366893,744,-0.017300593225302363,744,-0.005018892271346416,672,-0.05765818345839949,744,0.24453693929932552,300,0.07799159428883248,0.1510975613788625,-0.07310596709003,0.009116288349518284,0.09343937792046302,False
cg_oi_close_pctchg_24h,-0.04243153761227677,720,0.07881973835614324,744,0.025082687023025324,744,-0.16255202729699114,672,0.09584940428337865,744,-0.16315381282014246,300,0.04877798766381511,0.12950160855176057,-0.08072362088794546,0.020490295922297265,-0.033652204268381905,False
cg_oi_agg_delta_zscore,-0.003309741466836677,720,-0.007003724157664652,744,-0.018789527835317697,744,0.04298145950704838,672,-0.0647282845127082,744,0.11793997711085678,300,0.009700997819939676,0.09133413081178249,-0.08163313299184281,-0.009700997819939676,0.02660584629907429,False
impact_asymmetry_zscore,0.029255523316712956,635,0.01746842702047519,679,0.018782615039375526,681,-0.03667690884795952,619,-0.025054820728050188,699,0.21429778268918573,278,0.021835521792187892,0.11967630170861795,-0.09784077991643006,0.021835521792187892,0.09462148098056777,False
cg_oi_cm_delta,,0,,0,,0,,0,-0.0476498145770221,694,-0.0999508883432038,300,,0.07380035146011295,,,-0.07380035146011295,False
cg_oi_cm_delta_zscore,,0,,0,,0,,0,-0.04403458242604353,691,-0.060537561528461424,300,,0.05228607197725248,,,-0.05228607197725248,False
cg_oi_cm_vs_usd,,0,,0,,0,,0,0.03477716317753158,695,-0.128891654351715,300,,0.08183440876462329,,,-0.04705724558709172,False
