signal_ts,entry_ts,exit_ts,direction,tier,entry_px,exit_px,exit_reason,hold_h,gross,net
2025-12-01 21:00:00,2025-12-01 22:00:00,2025-12-03 15:00:00,UP,Moderate,86380.1,92300.0,kernel_flip,41.0,0.068533145944494,0.067733145944494
2025-12-01 22:00:00,2025-12-01 23:00:00,2025-12-03 15:00:00,UP,Moderate,86518.4,92300.0,kernel_flip,40.0,0.0668250915412214,0.06602509154122141
2025-12-02 01:00:00,2025-12-02 02:00:00,2025-12-03 15:00:00,UP,Moderate,86409.9,92300.0,kernel_flip,37.0,0.06816464317167359,0.0673646431716736
2025-12-02 03:00:00,2025-12-02 04:00:00,2025-12-03 15:00:00,UP,Moderate,86935.9,92300.0,kernel_flip,35.0,0.061701782577738395,0.06090178257773839
2025-12-02 11:00:00,2025-12-02 12:00:00,2025-12-03 15:00:00,UP,Moderate,87327.0,92300.0,kernel_flip,27.0,0.056946877827017905,0.0561468778270179
2025-12-02 20:00:00,2025-12-02 21:00:00,2025-12-03 15:00:00,UP,Moderate,90976.1,92300.0,kernel_flip,18.0,0.014552173592844664,0.013752173592844663
2025-12-09 08:00:00,2025-12-09 09:00:00,2025-12-09 13:00:00,DOWN,Moderate,90459.0,90532.7,kernel_flip,4.0,-0.0008147337467803162,-0.0016147337467803161
2025-12-09 09:00:00,2025-12-09 10:00:00,2025-12-09 13:00:00,DOWN,Moderate,90100.0,90532.7,kernel_flip,3.0,-0.004802441731409424,-0.005602441731409424
2025-12-09 12:00:00,2025-12-09 13:00:00,2025-12-10 11:00:00,UP,Moderate,90532.7,92230.4,kernel_flip,22.0,0.0187523403146046,0.0179523403146046
2025-12-09 13:00:00,2025-12-09 14:00:00,2025-12-10 11:00:00,UP,Moderate,90385.1,92230.4,kernel_flip,21.0,0.020415975642002815,0.019615975642002816
2025-12-09 14:00:00,2025-12-09 15:00:00,2025-12-10 11:00:00,UP,Moderate,90327.1,92230.4,kernel_flip,20.0,0.021071195687672795,0.020271195687672796
2025-12-09 15:00:00,2025-12-09 16:00:00,2025-12-10 11:00:00,UP,Strong,92676.9,92230.4,kernel_flip,19.0,-0.0048178132846480315,-0.005617813284648032
2025-12-09 20:00:00,2025-12-09 21:00:00,2025-12-10 11:00:00,UP,Moderate,93075.2,92230.4,kernel_flip,14.0,-0.009076531664718446,-0.009876531664718446
2025-12-09 21:00:00,2025-12-09 22:00:00,2025-12-10 11:00:00,UP,Moderate,92591.2,92230.4,kernel_flip,13.0,-0.0038966986063471154,-0.004696698606347116
2025-12-09 22:00:00,2025-12-09 23:00:00,2025-12-10 11:00:00,UP,Moderate,92832.0,92230.4,kernel_flip,12.0,-0.006480523957256179,-0.007280523957256179
2025-12-10 00:00:00,2025-12-10 01:00:00,2025-12-10 11:00:00,UP,Moderate,92084.5,92230.4,kernel_flip,10.0,0.0015844143151126922,0.0007844143151126921
2025-12-10 01:00:00,2025-12-10 02:00:00,2025-12-10 11:00:00,UP,Moderate,92269.2,92230.4,kernel_flip,9.0,-0.0004205086854551787,-0.0012205086854551787
2025-12-10 04:00:00,2025-12-10 05:00:00,2025-12-10 11:00:00,UP,Moderate,92507.4,92230.4,kernel_flip,6.0,-0.002994355046190944,-0.003794355046190944
2025-12-10 05:00:00,2025-12-10 06:00:00,2025-12-10 11:00:00,UP,Moderate,92508.5,92230.4,kernel_flip,5.0,-0.003006210240140139,-0.003806210240140139
2025-12-10 06:00:00,2025-12-10 07:00:00,2025-12-10 11:00:00,UP,Moderate,92648.0,92230.4,kernel_flip,4.0,-0.004507382782143243,-0.005307382782143244
2025-12-10 07:00:00,2025-12-10 08:00:00,2025-12-10 11:00:00,UP,Moderate,92744.7,92230.4,kernel_flip,3.0,-0.0055453303531091125,-0.006345330353109113
2025-12-10 08:00:00,2025-12-10 09:00:00,2025-12-10 11:00:00,UP,Moderate,92565.1,92230.4,kernel_flip,2.0,-0.0036158336133166324,-0.004415833613316633
2025-12-10 09:00:00,2025-12-10 10:00:00,2025-12-10 11:00:00,UP,Moderate,92870.0,92230.4,kernel_flip,1.0,-0.0068870464089588745,-0.007687046408958875
2025-12-10 18:00:00,2025-12-10 19:00:00,2025-12-10 22:00:00,UP,Moderate,92448.8,92308.3,kernel_flip,3.0,-0.0015197601266863092,-0.002319760126686309
2025-12-10 19:00:00,2025-12-10 20:00:00,2025-12-10 21:00:00,UP,Moderate,92913.9,91890.04737293812,hard_stop,1.0,-0.011019369836610782,-0.011819369836610782
2025-12-10 22:00:00,2025-12-10 23:00:00,2025-12-11 00:00:00,UP,Moderate,92472.2,91977.5,kernel_flip,1.0,-0.005349715914620745,-0.0061497159146207455
2025-12-11 18:00:00,2025-12-11 19:00:00,2025-12-12 16:00:00,UP,Strong,90657.9,89895.0,kernel_flip,21.0,-0.008415151906232099,-0.0092151519062321
2025-12-11 19:00:00,2025-12-11 20:00:00,2025-12-12 15:00:00,UP,Strong,90793.5,89691.96740000404,hard_stop,19.0,-0.012132284800078885,-0.012932284800078886
2025-12-11 20:00:00,2025-12-11 21:00:00,2025-12-12 15:00:00,UP,Moderate,91740.9,90604.85187143231,hard_stop,18.0,-0.012383224151579886,-0.013183224151579886
2025-12-12 08:00:00,2025-12-12 09:00:00,2025-12-12 15:00:00,UP,Moderate,92311.4,91282.10334754156,hard_stop,6.0,-0.011150265865954134,-0.011950265865954135
2025-12-12 14:00:00,2025-12-12 15:00:00,2025-12-12 15:00:00,UP,Moderate,92393.0,91518.06417465085,hard_stop,0.0,-0.009469719841861957,-0.010269719841861957
2025-12-12 21:00:00,2025-12-12 22:00:00,2025-12-13 11:00:00,DOWN,Strong,90150.9,90546.7,kernel_flip,13.0,-0.004390416512758177,-0.005190416512758178
2025-12-12 22:00:00,2025-12-12 23:00:00,2025-12-13 11:00:00,DOWN,Strong,90294.7,90546.7,kernel_flip,12.0,-0.002790861479134543,-0.003590861479134543
2025-12-12 23:00:00,2025-12-13 00:00:00,2025-12-13 11:00:00,DOWN,Strong,90229.7,90546.7,kernel_flip,11.0,-0.003513255613173838,-0.004313255613173838
2025-12-13 00:00:00,2025-12-13 01:00:00,2025-12-13 11:00:00,DOWN,Strong,90276.9,90546.7,kernel_flip,10.0,-0.0029885829043754253,-0.003788582904375425
2025-12-13 01:00:00,2025-12-13 02:00:00,2025-12-13 11:00:00,DOWN,Strong,90192.1,90546.7,kernel_flip,9.0,-0.00393160820071814,-0.00473160820071814
2025-12-13 02:00:00,2025-12-13 03:00:00,2025-12-13 11:00:00,DOWN,Strong,90194.9,90546.7,kernel_flip,8.0,-0.0039004422644739467,-0.004700442264473947
2025-12-13 13:00:00,2025-12-13 14:00:00,2025-12-14 01:00:00,DOWN,Moderate,90215.1,90303.6,kernel_flip,11.0,-0.0009809887701726083,-0.0017809887701726083
2025-12-13 21:00:00,2025-12-13 22:00:00,2025-12-14 01:00:00,DOWN,Strong,90137.9,90303.6,kernel_flip,3.0,-0.0018382944355261888,-0.0026382944355261887
2025-12-13 22:00:00,2025-12-13 23:00:00,2025-12-14 01:00:00,DOWN,Strong,90092.3,90303.6,kernel_flip,2.0,-0.0023453724680133625,-0.0031453724680133625
2025-12-13 23:00:00,2025-12-14 00:00:00,2025-12-14 01:00:00,DOWN,Strong,90191.3,90303.6,kernel_flip,1.0,-0.0012451311822758715,-0.0020451311822758714
2025-12-14 18:00:00,2025-12-14 19:00:00,2025-12-15 02:00:00,DOWN,Strong,88951.7,89189.0,kernel_flip,7.0,-0.002667739908287281,-0.003467739908287281
2025-12-14 20:00:00,2025-12-14 21:00:00,2025-12-15 01:00:00,DOWN,Moderate,88515.9,89152.63543928832,hard_stop,4.0,-0.007193458342380721,-0.007993458342380721
2025-12-14 21:00:00,2025-12-14 22:00:00,2025-12-15 01:00:00,DOWN,Moderate,88403.6,89034.72219362488,hard_stop,3.0,-0.007139100597994608,-0.007939100597994608
2025-12-16 10:00:00,2025-12-16 11:00:00,2025-12-17 04:00:00,UP,Moderate,86932.1,87178.2,kernel_flip,17.0,0.0028309450709229633,0.0020309450709229634
2025-12-16 13:00:00,2025-12-16 14:00:00,2025-12-17 04:00:00,UP,Moderate,86410.4,87178.2,kernel_flip,14.0,0.008885504522603727,0.008085504522603726
2025-12-16 14:00:00,2025-12-16 15:00:00,2025-12-17 04:00:00,UP,Moderate,87257.2,87178.2,kernel_flip,13.0,-0.0009053694136414991,-0.001705369413641499
2025-12-16 15:00:00,2025-12-16 16:00:00,2025-12-17 04:00:00,UP,Moderate,87936.3,87178.2,kernel_flip,12.0,-0.008621013165211688,-0.009421013165211689
2025-12-16 16:00:00,2025-12-16 17:00:00,2025-12-17 04:00:00,UP,Moderate,87539.1,87178.2,kernel_flip,11.0,-0.00412272915759937,-0.00492272915759937
2025-12-16 17:00:00,2025-12-16 18:00:00,2025-12-17 04:00:00,UP,Moderate,87087.7,87178.2,kernel_flip,10.0,0.001039182341478817,0.000239182341478817
2025-12-16 18:00:00,2025-12-16 19:00:00,2025-12-17 04:00:00,UP,Moderate,87741.3,87178.2,kernel_flip,9.0,-0.0064177303048850165,-0.007217730304885017
2025-12-17 13:00:00,2025-12-17 14:00:00,2025-12-17 16:00:00,UP,Moderate,87579.0,86658.93105552564,hard_stop,2.0,-0.010505588605423277,-0.011305588605423278
2025-12-17 15:00:00,2025-12-17 16:00:00,2025-12-17 17:00:00,UP,Moderate,87191.0,86945.8,kernel_flip,1.0,-0.0028122168572444206,-0.0036122168572444205
2025-12-18 13:00:00,2025-12-18 14:00:00,2025-12-18 14:00:00,UP,Moderate,88804.0,87809.95257396996,hard_stop,0.0,-0.011193723548827084,-0.011993723548827084
2025-12-18 14:00:00,2025-12-18 15:00:00,2025-12-18 17:00:00,UP,Moderate,88325.4,87212.27381868639,hard_stop,2.0,-0.012602560320288503,-0.013402560320288503
2025-12-19 03:00:00,2025-12-19 04:00:00,2025-12-19 18:00:00,UP,Moderate,86863.2,86912.6,kernel_flip,14.0,0.0005687103399369953,-0.00023128966006300477
2025-12-19 04:00:00,2025-12-19 05:00:00,2025-12-19 18:00:00,UP,Moderate,87073.4,86912.6,kernel_flip,13.0,-0.0018467178265691997,-0.0026467178265691996
2025-12-19 18:00:00,2025-12-19 19:00:00,2025-12-19 20:00:00,DOWN,Moderate,87126.2,87812.9,kernel_flip,1.0,-0.00788167049636046,-0.00868167049636046
2025-12-22 03:00:00,2025-12-22 04:00:00,2025-12-22 19:00:00,UP,Moderate,88727.4,89104.9,kernel_flip,15.0,0.004254604552821339,0.0034546045528213395
2025-12-22 18:00:00,2025-12-22 19:00:00,2025-12-23 17:00:00,DOWN,Strong,89104.9,87959.8,kernel_flip,22.0,0.012851145110987061,0.01205114511098706
2025-12-22 20:00:00,2025-12-22 21:00:00,2025-12-23 17:00:00,DOWN,Moderate,88305.3,87959.8,kernel_flip,20.0,0.003912562439627121,0.003112562439627121
2025-12-25 04:00:00,2025-12-25 05:00:00,2025-12-25 10:00:00,UP,Strong,87740.5,87482.1,kernel_flip,5.0,-0.0029450481818543706,-0.0037450481818543705
2025-12-25 05:00:00,2025-12-25 06:00:00,2025-12-25 10:00:00,UP,Strong,87706.1,87482.1,kernel_flip,4.0,-0.002553984272473664,-0.003353984272473664
2025-12-25 06:00:00,2025-12-25 07:00:00,2025-12-25 10:00:00,UP,Moderate,87799.6,87482.1,kernel_flip,3.0,-0.0036161895953967793,-0.00441618959539678
2025-12-25 07:00:00,2025-12-25 08:00:00,2025-12-25 10:00:00,UP,Moderate,87795.9,87482.1,kernel_flip,2.0,-0.0035741987951599663,-0.004374198795159967
2025-12-25 08:00:00,2025-12-25 09:00:00,2025-12-25 10:00:00,UP,Strong,87546.2,87482.1,kernel_flip,1.0,-0.0007321848349784998,-0.0015321848349784998
2025-12-25 14:00:00,2025-12-25 15:00:00,2025-12-25 23:00:00,UP,Moderate,87675.0,87607.9,kernel_flip,8.0,-0.0007653264898774825,-0.0015653264898774825
2025-12-25 15:00:00,2025-12-25 16:00:00,2025-12-25 20:00:00,UP,Strong,88339.0,87828.64513887673,hard_stop,4.0,-0.005777231586538978,-0.006577231586538978
2025-12-26 19:00:00,2025-12-26 20:00:00,2025-12-27 09:00:00,DOWN,Moderate,87453.7,87545.7,kernel_flip,13.0,-0.0010519852218946468,-0.0018519852218946468
2025-12-26 21:00:00,2025-12-26 22:00:00,2025-12-27 09:00:00,DOWN,Moderate,87429.2,87545.7,kernel_flip,11.0,-0.0013325067597553808,-0.0021325067597553807
2025-12-29 09:00:00,2025-12-29 10:00:00,2025-12-30 09:00:00,DOWN,Strong,88068.2,87827.0,kernel_flip,23.0,0.0027387865313472926,0.0019387865313472926
2025-12-29 10:00:00,2025-12-29 11:00:00,2025-12-30 09:00:00,DOWN,Moderate,87747.2,87827.0,kernel_flip,22.0,-0.0009094307282739855,-0.0017094307282739855
2025-12-29 11:00:00,2025-12-29 12:00:00,2025-12-30 09:00:00,DOWN,Moderate,87529.1,87827.0,kernel_flip,21.0,-0.003403439541820985,-0.0042034395418209854
2025-12-29 12:00:00,2025-12-29 13:00:00,2025-12-29 14:00:00,DOWN,Moderate,87343.9,88113.75802174205,hard_stop,1.0,-0.008814101748857661,-0.009614101748857662
2025-12-29 19:00:00,2025-12-29 20:00:00,2025-12-30 08:00:00,DOWN,Moderate,87328.9,88124.67482942286,hard_stop,12.0,-0.009112388103169389,-0.009912388103169389
2025-12-29 22:00:00,2025-12-29 23:00:00,2025-12-30 08:00:00,DOWN,Moderate,87317.1,88058.38724498618,hard_stop,9.0,-0.008489599917841595,-0.009289599917841595
2025-12-30 00:00:00,2025-12-30 01:00:00,2025-12-30 08:00:00,DOWN,Moderate,87223.2,87912.57293062583,hard_stop,7.0,-0.007903550094766398,-0.008703550094766399
2025-12-30 04:00:00,2025-12-30 05:00:00,2025-12-30 08:00:00,DOWN,Moderate,87262.1,87913.38567319879,hard_stop,3.0,-0.00746355718231384,-0.00826355718231384
2025-12-30 08:00:00,2025-12-30 09:00:00,2025-12-30 21:00:00,UP,Moderate,87827.0,87900.2,kernel_flip,12.0,0.0008334566818859468,3.3456681885946755e-05
2025-12-30 10:00:00,2025-12-30 11:00:00,2025-12-30 21:00:00,UP,Moderate,87914.3,87900.2,kernel_flip,10.0,-0.0001603834643510993,-0.0009603834643510993
2025-12-30 16:00:00,2025-12-30 17:00:00,2025-12-30 19:00:00,UP,Moderate,88698.8,87951.69496608272,hard_stop,2.0,-0.008422944097521978,-0.009222944097521979
2025-12-30 20:00:00,2025-12-30 21:00:00,2025-12-30 22:00:00,DOWN,Strong,87900.2,88245.5,kernel_flip,1.0,-0.003928318706897249,-0.0047283187068972495
2026-01-01 14:00:00,2026-01-01 15:00:00,2026-01-03 07:00:00,UP,Moderate,87917.6,89827.4,kernel_flip,40.0,0.02172261299216527,0.02092261299216527
2026-01-01 23:00:00,2026-01-02 00:00:00,2026-01-02 02:00:00,UP,Moderate,88800.0,88396.84418751893,hard_stop,2.0,-0.004540042933345423,-0.005340042933345423
2026-01-06 05:00:00,2026-01-06 06:00:00,2026-01-06 12:00:00,DOWN,Moderate,93552.0,93800.0,kernel_flip,6.0,-0.0026509321019325682,-0.003450932101932568
2026-01-06 06:00:00,2026-01-06 07:00:00,2026-01-06 12:00:00,DOWN,Moderate,93727.5,93800.0,kernel_flip,5.0,-0.0007735189778881324,-0.0015735189778881323
2026-01-06 08:00:00,2026-01-06 09:00:00,2026-01-06 12:00:00,DOWN,Moderate,93196.9,93800.0,kernel_flip,3.0,-0.006471245288201644,-0.007271245288201644
2026-01-06 09:00:00,2026-01-06 10:00:00,2026-01-06 12:00:00,DOWN,Moderate,93420.4,93800.0,kernel_flip,2.0,-0.004063352329898073,-0.004863352329898074
2026-01-06 10:00:00,2026-01-06 11:00:00,2026-01-06 12:00:00,DOWN,Strong,93536.4,93800.0,kernel_flip,1.0,-0.002818154215898927,-0.003618154215898927
2026-01-06 13:00:00,2026-01-06 14:00:00,2026-01-06 14:00:00,DOWN,Moderate,93678.0,94278.3616172513,hard_stop,0.0,-0.0064087791931009,-0.0072087791931009
2026-01-06 15:00:00,2026-01-06 16:00:00,2026-01-06 23:00:00,DOWN,Moderate,93608.2,93319.9,kernel_flip,7.0,0.0030798583884745767,0.002279858388474577
2026-01-06 16:00:00,2026-01-06 17:00:00,2026-01-06 21:00:00,DOWN,Moderate,92651.3,93472.2824428211,hard_stop,4.0,-0.008860992158999492,-0.009660992158999493
2026-01-06 17:00:00,2026-01-06 18:00:00,2026-01-06 20:00:00,DOWN,Moderate,91547.5,92445.15155404818,hard_stop,2.0,-0.009805309309901089,-0.01060530930990109
2026-01-06 19:00:00,2026-01-06 20:00:00,2026-01-06 21:00:00,DOWN,Moderate,92062.2,92990.23552364357,hard_stop,1.0,-0.010080527335253553,-0.010880527335253553
2026-01-07 01:00:00,2026-01-07 02:00:00,2026-01-08 16:00:00,DOWN,Moderate,92405.6,90730.0,kernel_flip,38.0,0.01813310015843206,0.01733310015843206
2026-01-07 03:00:00,2026-01-07 04:00:00,2026-01-08 16:00:00,DOWN,Moderate,92778.1,90730.0,kernel_flip,36.0,0.022075252672775214,0.021275252672775215
2026-01-07 04:00:00,2026-01-07 05:00:00,2026-01-08 16:00:00,DOWN,Moderate,92637.3,90730.0,kernel_flip,35.0,0.0205888988560764,0.0197888988560764
2026-01-07 05:00:00,2026-01-07 06:00:00,2026-01-08 16:00:00,DOWN,Moderate,92504.0,90730.0,kernel_flip,34.0,0.019177549078958744,0.018377549078958746
2026-01-07 06:00:00,2026-01-07 07:00:00,2026-01-08 16:00:00,DOWN,Moderate,92576.4,90730.0,kernel_flip,33.0,0.019944607913031764,0.019144607913031766
2026-01-07 07:00:00,2026-01-07 08:00:00,2026-01-08 16:00:00,DOWN,Moderate,92848.1,90730.0,kernel_flip,32.0,0.022812529281697747,0.022012529281697748
2026-01-07 08:00:00,2026-01-07 09:00:00,2026-01-08 16:00:00,DOWN,Moderate,92680.4,90730.0,kernel_flip,31.0,0.02104436320948111,0.02024436320948111
2026-01-07 11:00:00,2026-01-07 12:00:00,2026-01-08 16:00:00,DOWN,Moderate,92041.8,90730.0,kernel_flip,28.0,0.014252220186915077,0.013452220186915076
2026-01-07 12:00:00,2026-01-07 13:00:00,2026-01-08 16:00:00,DOWN,Moderate,91953.3,90730.0,kernel_flip,27.0,0.013303492098706626,0.012503492098706626
2026-01-07 17:00:00,2026-01-07 18:00:00,2026-01-08 16:00:00,DOWN,Moderate,91214.9,90730.0,kernel_flip,22.0,0.005316017448903532,0.004516017448903531
2026-01-11 20:00:00,2026-01-11 21:00:00,2026-01-12 00:00:00,DOWN,Moderate,90654.2,90964.4,kernel_flip,3.0,-0.00342179402609033,-0.0042217940260903305
2026-01-16 04:00:00,2026-01-16 05:00:00,2026-01-16 21:00:00,DOWN,Strong,95233.4,95517.2,kernel_flip,16.0,-0.0029800469163130394,-0.0037800469163130393
2026-01-16 05:00:00,2026-01-16 06:00:00,2026-01-16 21:00:00,DOWN,Moderate,95615.9,95517.2,kernel_flip,15.0,0.0010322550956483045,0.0002322550956483045
2026-01-16 06:00:00,2026-01-16 07:00:00,2026-01-16 21:00:00,DOWN,Strong,95702.5,95517.2,kernel_flip,14.0,0.0019362085629947012,0.0011362085629947013
2026-01-16 07:00:00,2026-01-16 08:00:00,2026-01-16 21:00:00,DOWN,Strong,95608.4,95517.2,kernel_flip,13.0,0.0009538910806999867,0.0001538910806999867
2026-01-16 08:00:00,2026-01-16 09:00:00,2026-01-16 21:00:00,DOWN,Strong,95628.4,95517.2,kernel_flip,12.0,0.001162834471767793,0.00036283447176779294
2026-01-16 09:00:00,2026-01-16 10:00:00,2026-01-16 21:00:00,DOWN,Strong,95568.1,95517.2,kernel_flip,11.0,0.0005326044987815637,-0.00026739550121843635
2026-01-16 10:00:00,2026-01-16 11:00:00,2026-01-16 21:00:00,DOWN,Strong,95272.5,95517.2,kernel_flip,10.0,-0.0025684221574955313,-0.003368422157495531
2026-01-16 11:00:00,2026-01-16 12:00:00,2026-01-16 21:00:00,DOWN,Strong,95382.5,95517.2,kernel_flip,9.0,-0.0014122087385002313,-0.0022122087385002312
2026-01-16 12:00:00,2026-01-16 13:00:00,2026-01-16 21:00:00,DOWN,Strong,95414.6,95517.2,kernel_flip,8.0,-0.001075307133289849,-0.0018753071332898489
2026-01-16 13:00:00,2026-01-16 14:00:00,2026-01-16 21:00:00,DOWN,Strong,95400.1,95517.2,kernel_flip,7.0,-0.0012274620257211044,-0.0020274620257211043
2026-01-16 14:00:00,2026-01-16 15:00:00,2026-01-16 21:00:00,DOWN,Strong,95137.0,95517.2,kernel_flip,6.0,-0.003996342117157381,-0.004796342117157381
2026-01-16 15:00:00,2026-01-16 16:00:00,2026-01-16 20:00:00,DOWN,Strong,94537.6,95295.5923664602,hard_stop,4.0,-0.008017893054828917,-0.008817893054828918
2026-01-16 16:00:00,2026-01-16 17:00:00,2026-01-16 21:00:00,DOWN,Moderate,94826.5,95517.2,kernel_flip,4.0,-0.00728382888749457,-0.00808382888749457
2026-01-16 17:00:00,2026-01-16 18:00:00,2026-01-16 21:00:00,DOWN,Moderate,95041.7,95517.2,kernel_flip,3.0,-0.005003067074768275,-0.005803067074768275
2026-01-16 19:00:00,2026-01-16 20:00:00,2026-01-16 21:00:00,DOWN,Moderate,94961.0,95517.2,kernel_flip,1.0,-0.005857141352765938,-0.006657141352765938
2026-01-17 19:00:00,2026-01-17 20:00:00,2026-01-17 21:00:00,DOWN,Strong,95258.3,95332.9,kernel_flip,1.0,-0.0007831338581518743,-0.0015831338581518742
2026-01-17 21:00:00,2026-01-17 22:00:00,2026-01-18 10:00:00,DOWN,Strong,95272.7,95233.4,kernel_flip,12.0,0.0004125001180821375,-0.00038749988191786255
2026-01-17 22:00:00,2026-01-17 23:00:00,2026-01-18 10:00:00,DOWN,Moderate,95120.8,95233.4,kernel_flip,11.0,-0.0011837579162494727,-0.0019837579162494726
2026-01-17 23:00:00,2026-01-18 00:00:00,2026-01-18 10:00:00,DOWN,Strong,95107.9,95233.4,kernel_flip,10.0,-0.0013195538961536801,-0.00211955389615368
2026-01-18 00:00:00,2026-01-18 01:00:00,2026-01-18 10:00:00,DOWN,Moderate,95073.2,95233.4,kernel_flip,9.0,-0.0016850174391942474,-0.0024850174391942473
2026-01-18 01:00:00,2026-01-18 02:00:00,2026-01-18 10:00:00,DOWN,Strong,94928.8,95233.4,kernel_flip,8.0,-0.0032087206411541835,-0.004008720641154184
2026-01-18 02:00:00,2026-01-18 03:00:00,2026-01-18 10:00:00,DOWN,Moderate,94989.1,95233.4,kernel_flip,7.0,-0.002571874036073396,-0.003371874036073396
2026-01-18 03:00:00,2026-01-18 04:00:00,2026-01-18 10:00:00,DOWN,Moderate,95155.0,95233.4,kernel_flip,6.0,-0.0008239188692134025,-0.0016239188692134024
2026-01-20 12:00:00,2026-01-20 13:00:00,2026-01-21 06:00:00,DOWN,Moderate,91240.0,89919.9,kernel_flip,17.0,0.014468434896975024,0.013668434896975024
2026-01-21 05:00:00,2026-01-21 06:00:00,2026-01-21 07:00:00,UP,Moderate,89919.9,89618.4,kernel_flip,1.0,-0.003352984155898797,-0.0041529841558987975
2026-01-21 06:00:00,2026-01-21 07:00:00,2026-01-21 15:00:00,DOWN,Moderate,89618.4,89755.7,kernel_flip,8.0,-0.0015320514537193741,-0.002332051453719374
2026-01-21 10:00:00,2026-01-21 11:00:00,2026-01-21 15:00:00,DOWN,Moderate,89200.8,89755.7,kernel_flip,4.0,-0.0062207962260427685,-0.007020796226042769
2026-01-21 14:00:00,2026-01-21 15:00:00,2026-01-21 16:00:00,UP,Strong,89755.7,88812.45885328432,hard_stop,1.0,-0.010508983236893865,-0.011308983236893866
2026-01-21 15:00:00,2026-01-21 16:00:00,2026-01-21 16:00:00,UP,Strong,90237.2,89265.49393519259,hard_stop,0.0,-0.010768353459631008,-0.011568353459631009
2026-01-21 20:00:00,2026-01-21 21:00:00,2026-01-22 14:00:00,UP,Strong,90170.8,89570.0,kernel_flip,17.0,-0.006662910831444324,-0.0074629108314443245
2026-01-21 21:00:00,2026-01-21 22:00:00,2026-01-22 14:00:00,UP,Strong,90203.8,89570.0,kernel_flip,16.0,-0.007026311530112905,-0.007826311530112906
2026-01-21 22:00:00,2026-01-21 23:00:00,2026-01-22 14:00:00,UP,Moderate,89728.4,89570.0,kernel_flip,15.0,-0.00176532736569468,-0.00256532736569468
2026-01-21 23:00:00,2026-01-22 00:00:00,2026-01-22 14:00:00,UP,Strong,89411.4,89570.0,kernel_flip,14.0,0.001773823024804555,0.000973823024804555
2026-01-22 13:00:00,2026-01-22 14:00:00,2026-01-22 20:00:00,DOWN,Strong,89570.0,89732.8,kernel_flip,6.0,-0.0018175728480518405,-0.0026175728480518404
2026-01-22 14:00:00,2026-01-22 15:00:00,2026-01-22 20:00:00,DOWN,Moderate,89055.1,89732.8,kernel_flip,5.0,-0.007609895446751391,-0.008409895446751392
2026-01-22 16:00:00,2026-01-22 17:00:00,2026-01-22 20:00:00,DOWN,Strong,89006.9,89732.8,kernel_flip,3.0,-0.008155547491262016,-0.008955547491262017
2026-01-22 17:00:00,2026-01-22 18:00:00,2026-01-22 20:00:00,DOWN,Strong,89500.0,89732.8,kernel_flip,2.0,-0.0026011173184357084,-0.0034011173184357083
2026-01-22 19:00:00,2026-01-22 20:00:00,2026-01-22 21:00:00,UP,Strong,89732.8,89370.8,kernel_flip,1.0,-0.004034199311734432,-0.0048341993117344325
2026-01-23 06:00:00,2026-01-23 07:00:00,2026-01-23 16:00:00,DOWN,Moderate,89475.0,89711.2,kernel_flip,9.0,-0.00263984353171276,-0.00343984353171276
2026-01-23 22:00:00,2026-01-23 23:00:00,2026-01-24 00:00:00,UP,Strong,89585.4,89558.7,kernel_flip,1.0,-0.0002980396359227866,-0.0010980396359227865
2026-01-24 02:00:00,2026-01-24 03:00:00,2026-01-24 07:00:00,UP,Strong,89666.3,89612.4,kernel_flip,4.0,-0.0006011176997379186,-0.0014011176997379186
2026-01-24 03:00:00,2026-01-24 04:00:00,2026-01-24 07:00:00,UP,Strong,89738.4,89612.4,kernel_flip,3.0,-0.0014040811960097654,-0.0022040811960097654
2026-01-24 05:00:00,2026-01-24 06:00:00,2026-01-24 07:00:00,UP,Moderate,89744.5,89612.4,kernel_flip,1.0,-0.0014719564987270006,-0.0022719564987270006
2026-01-25 00:00:00,2026-01-25 01:00:00,2026-01-26 05:00:00,DOWN,Moderate,89275.7,87699.9,kernel_flip,28.0,0.017650939729400128,0.01685093972940013
2026-01-26 14:00:00,2026-01-26 15:00:00,2026-01-26 15:00:00,UP,Moderate,88137.0,87387.44685899535,hard_stop,0.0,-0.008504409510247113,-0.009304409510247113
2026-01-26 15:00:00,2026-01-26 16:00:00,2026-01-26 17:00:00,UP,Moderate,87609.4,87579.5,kernel_flip,1.0,-0.0003412875787300873,-0.0011412875787300872
2026-01-26 17:00:00,2026-01-26 18:00:00,2026-01-26 21:00:00,UP,Moderate,87657.4,87595.3,kernel_flip,3.0,-0.0007084399035334199,-0.0015084399035334198
2026-01-28 11:00:00,2026-01-28 12:00:00,2026-01-28 15:00:00,UP,Moderate,90036.9,89291.94395643545,hard_stop,3.0,-0.008273897075138481,-0.009073897075138481
2026-01-28 12:00:00,2026-01-28 13:00:00,2026-01-28 15:00:00,UP,Moderate,89954.9,89220.37295954721,hard_stop,2.0,-0.008165503385060502,-0.008965503385060502
2026-01-28 14:00:00,2026-01-28 15:00:00,2026-01-28 20:00:00,UP,Moderate,89578.1,89363.5,kernel_flip,5.0,-0.002395674835702133,-0.003195674835702133
2026-01-28 15:00:00,2026-01-28 16:00:00,2026-01-28 20:00:00,UP,Strong,89444.5,89363.5,kernel_flip,4.0,-0.0009055894996338187,-0.0017055894996338187
2026-01-28 16:00:00,2026-01-28 17:00:00,2026-01-28 20:00:00,UP,Moderate,89588.8,89363.5,kernel_flip,3.0,-0.0025148232814816707,-0.0033148232814816706
2026-01-28 17:00:00,2026-01-28 18:00:00,2026-01-28 18:00:00,UP,Moderate,90142.9,89230.31530123082,hard_stop,0.0,-0.0101237557119771,-0.0109237557119771
2026-01-28 18:00:00,2026-01-28 19:00:00,2026-01-28 20:00:00,UP,Moderate,89500.9,89363.5,kernel_flip,1.0,-0.0015351800931610038,-0.0023351800931610037
2026-01-29 12:00:00,2026-01-29 13:00:00,2026-01-30 17:00:00,DOWN,Moderate,88073.9,83115.1,kernel_flip,28.0,0.05630271851252178,0.055502718512521775
2026-01-29 13:00:00,2026-01-29 14:00:00,2026-01-30 17:00:00,DOWN,Moderate,88008.8,83115.1,kernel_flip,27.0,0.05560466680604659,0.054804666806046586
2026-02-03 05:00:00,2026-02-03 06:00:00,2026-02-03 07:00:00,DOWN,Strong,78202.8,78557.4,kernel_flip,1.0,-0.004534364498457677,-0.005334364498457677
2026-02-03 09:00:00,2026-02-03 10:00:00,2026-02-04 04:00:00,DOWN,Moderate,78351.4,76661.1,kernel_flip,18.0,0.021573322238019887,0.02077332223801989
2026-02-03 10:00:00,2026-02-03 11:00:00,2026-02-04 04:00:00,DOWN,Strong,78077.3,76661.1,kernel_flip,17.0,0.01813843460263098,0.017338434602630983
2026-02-03 11:00:00,2026-02-03 12:00:00,2026-02-04 04:00:00,DOWN,Moderate,78040.1,76661.1,kernel_flip,16.0,0.01767040278010923,0.01687040278010923
2026-02-03 12:00:00,2026-02-03 13:00:00,2026-02-04 04:00:00,DOWN,Strong,78289.8,76661.1,kernel_flip,15.0,0.020803476314922187,0.020003476314922188
2026-02-03 13:00:00,2026-02-03 14:00:00,2026-02-04 04:00:00,DOWN,Strong,78260.4,76661.1,kernel_flip,14.0,0.02043562261373555,0.01963562261373555
2026-02-03 14:00:00,2026-02-03 15:00:00,2026-02-04 04:00:00,DOWN,Moderate,77164.5,76661.1,kernel_flip,13.0,0.006523725288183013,0.005723725288183013
2026-02-03 15:00:00,2026-02-03 16:00:00,2026-02-04 04:00:00,DOWN,Strong,78094.2,76661.1,kernel_flip,12.0,0.018350914664597262,0.017550914664597263
2026-02-03 16:00:00,2026-02-03 17:00:00,2026-02-04 04:00:00,DOWN,Moderate,76458.2,76661.1,kernel_flip,11.0,-0.0026537375977986333,-0.003453737597798633
2026-02-03 17:00:00,2026-02-03 18:00:00,2026-02-03 20:00:00,DOWN,Moderate,74882.4,76204.76559450915,hard_stop,2.0,-0.017659230934226944,-0.018459230934226942
2026-02-04 03:00:00,2026-02-04 04:00:00,2026-02-04 06:00:00,UP,Strong,76661.1,76255.0,kernel_flip,2.0,-0.005297341154770874,-0.006097341154770874
2026-02-04 08:00:00,2026-02-04 09:00:00,2026-02-04 10:00:00,UP,Moderate,76541.2,76082.0,kernel_flip,1.0,-0.005999383338646358,-0.006799383338646358
2026-02-04 13:00:00,2026-02-04 14:00:00,2026-02-06 06:00:00,DOWN,Moderate,74838.3,66365.3,kernel_flip,40.0,0.11321743011265617,0.11241743011265617
2026-02-04 15:00:00,2026-02-04 16:00:00,2026-02-06 06:00:00,DOWN,Moderate,74107.0,66365.3,kernel_flip,38.0,0.10446651463424506,0.10366651463424506
2026-02-04 17:00:00,2026-02-04 18:00:00,2026-02-04 18:00:00,DOWN,Moderate,72544.3,74007.40354547046,hard_stop,0.0,-0.020168414961209358,-0.020968414961209356
2026-02-04 20:00:00,2026-02-04 21:00:00,2026-02-06 06:00:00,DOWN,Moderate,73488.9,66365.3,kernel_flip,33.0,0.09693436695881952,0.09613436695881952
2026-02-04 21:00:00,2026-02-04 22:00:00,2026-02-06 06:00:00,DOWN,Strong,72772.9,66365.3,kernel_flip,32.0,0.08804926009544756,0.08724926009544756
2026-02-04 22:00:00,2026-02-04 23:00:00,2026-02-06 06:00:00,DOWN,Moderate,72511.0,66365.3,kernel_flip,31.0,0.08475541641957773,0.08395541641957774
2026-02-04 23:00:00,2026-02-05 00:00:00,2026-02-06 06:00:00,DOWN,Moderate,73137.5,66365.3,kernel_flip,30.0,0.09259545376858658,0.09179545376858658
2026-02-05 00:00:00,2026-02-05 01:00:00,2026-02-06 06:00:00,DOWN,Moderate,72838.9,66365.3,kernel_flip,29.0,0.08887558708327548,0.08807558708327548
2026-02-05 01:00:00,2026-02-05 02:00:00,2026-02-06 06:00:00,DOWN,Moderate,72389.1,66365.3,kernel_flip,28.0,0.08321418556108584,0.08241418556108585
2026-02-05 04:00:00,2026-02-05 05:00:00,2026-02-06 06:00:00,DOWN,Moderate,70863.9,66365.3,kernel_flip,25.0,0.06348225259970153,0.06268225259970153
2026-02-07 04:00:00,2026-02-07 05:00:00,2026-02-07 06:00:00,UP,Moderate,70728.6,68897.65275984368,hard_stop,1.0,-0.025886943049294397,-0.026686943049294396
2026-02-07 05:00:00,2026-02-07 06:00:00,2026-02-07 07:00:00,UP,Moderate,70124.6,68733.6,kernel_flip,1.0,-0.019836120277334945,-0.020636120277334944
2026-02-07 19:00:00,2026-02-07 20:00:00,2026-02-08 04:00:00,UP,Moderate,69341.3,69064.7,kernel_flip,8.0,-0.003988964729533584,-0.004788964729533584
2026-02-07 20:00:00,2026-02-07 21:00:00,2026-02-08 04:00:00,UP,Moderate,69596.5,69064.7,kernel_flip,7.0,-0.007641188852887781,-0.008441188852887782
2026-02-07 21:00:00,2026-02-07 22:00:00,2026-02-08 04:00:00,UP,Moderate,69466.2,69064.7,kernel_flip,6.0,-0.005779789307605698,-0.006579789307605699
2026-02-07 22:00:00,2026-02-07 23:00:00,2026-02-08 04:00:00,UP,Moderate,69368.2,69064.7,kernel_flip,5.0,-0.004375203623562363,-0.005175203623562363
2026-02-07 23:00:00,2026-02-08 00:00:00,2026-02-08 04:00:00,UP,Moderate,69254.3,69064.7,kernel_flip,4.0,-0.0027377361405718226,-0.0035377361405718225
2026-02-08 00:00:00,2026-02-08 01:00:00,2026-02-08 04:00:00,UP,Moderate,69100.3,69064.7,kernel_flip,3.0,-0.0005151931323019721,-0.001315193132301972
2026-02-08 01:00:00,2026-02-08 02:00:00,2026-02-08 04:00:00,UP,Moderate,69341.4,69064.7,kernel_flip,2.0,-0.003990401116793052,-0.004790401116793052
2026-02-08 02:00:00,2026-02-08 03:00:00,2026-02-08 04:00:00,UP,Moderate,69335.7,69064.7,kernel_flip,1.0,-0.003908520430312201,-0.0047085204303122016
2026-02-08 04:00:00,2026-02-08 05:00:00,2026-02-09 00:00:00,UP,Moderate,69303.4,70288.2,kernel_flip,19.0,0.01420998103989124,0.01340998103989124
2026-02-08 05:00:00,2026-02-08 06:00:00,2026-02-09 00:00:00,UP,Moderate,69190.8,70288.2,kernel_flip,18.0,0.0158604901229642,0.015060490122964199
2026-02-08 06:00:00,2026-02-08 07:00:00,2026-02-09 00:00:00,UP,Moderate,69321.7,70288.2,kernel_flip,17.0,0.013942243193689752,0.013142243193689751
2026-02-08 09:00:00,2026-02-08 10:00:00,2026-02-09 00:00:00,UP,Moderate,70066.9,70288.2,kernel_flip,14.0,0.0031584100338390986,0.0023584100338390986
2026-02-08 10:00:00,2026-02-08 11:00:00,2026-02-09 00:00:00,UP,Moderate,70231.1,70288.2,kernel_flip,13.0,0.0008130301248305827,1.303012483058264e-05
2026-02-08 16:00:00,2026-02-08 17:00:00,2026-02-09 00:00:00,UP,Moderate,70388.6,70288.2,kernel_flip,7.0,-0.0014263673378929198,-0.0022263673378929197
2026-02-08 17:00:00,2026-02-08 18:00:00,2026-02-09 00:00:00,UP,Moderate,70754.4,70288.2,kernel_flip,6.0,-0.0065889895186730385,-0.007388989518673039
2026-02-08 18:00:00,2026-02-08 19:00:00,2026-02-08 23:00:00,UP,Moderate,71103.0,70047.66851899184,hard_stop,4.0,-0.014842291900597271,-0.01564229190059727
2026-02-08 19:00:00,2026-02-08 20:00:00,2026-02-08 23:00:00,UP,Moderate,71381.0,70360.38862477813,hard_stop,3.0,-0.014298081775568683,-0.015098081775568683
2026-02-08 20:00:00,2026-02-08 21:00:00,2026-02-09 00:00:00,UP,Strong,70801.5,70288.2,kernel_flip,3.0,-0.0072498464015593456,-0.008049846401559346
2026-02-08 21:00:00,2026-02-08 22:00:00,2026-02-09 00:00:00,UP,Moderate,70665.5,70288.2,kernel_flip,2.0,-0.0053392390912114784,-0.006139239091211479
2026-02-08 22:00:00,2026-02-08 23:00:00,2026-02-08 23:00:00,UP,Moderate,71036.2,70041.87084862885,hard_stop,0.0,-0.013997499181700901,-0.014797499181700901
2026-02-09 03:00:00,2026-02-09 04:00:00,2026-02-09 07:00:00,UP,Moderate,71269.8,70622.4,kernel_flip,3.0,-0.009083791451638845,-0.009883791451638846
2026-02-09 07:00:00,2026-02-09 08:00:00,2026-02-09 18:00:00,DOWN,Moderate,70393.5,70570.6,kernel_flip,10.0,-0.0025158572879599994,-0.0033158572879599993
2026-02-09 08:00:00,2026-02-09 09:00:00,2026-02-09 17:00:00,DOWN,Moderate,69832.1,70971.01270612462,hard_stop,8.0,-0.01630930053835722,-0.017109300538357217
2026-02-10 00:00:00,2026-02-10 01:00:00,2026-02-10 02:00:00,DOWN,Moderate,69793.3,70454.7,kernel_flip,1.0,-0.009476554339743037,-0.010276554339743038
2026-02-10 06:00:00,2026-02-10 07:00:00,2026-02-10 17:00:00,DOWN,Moderate,68872.4,69473.5,kernel_flip,10.0,-0.008727734186698921,-0.009527734186698921
2026-02-10 07:00:00,2026-02-10 08:00:00,2026-02-10 17:00:00,DOWN,Moderate,68882.2,69473.5,kernel_flip,9.0,-0.008584220596903114,-0.009384220596903114
2026-02-10 08:00:00,2026-02-10 09:00:00,2026-02-10 17:00:00,DOWN,Moderate,69091.8,69473.5,kernel_flip,8.0,-0.005524534025745487,-0.006324534025745487
2026-02-10 09:00:00,2026-02-10 10:00:00,2026-02-10 17:00:00,DOWN,Moderate,69115.0,69473.5,kernel_flip,7.0,-0.005187007161976398,-0.005987007161976398
2026-02-10 11:00:00,2026-02-10 12:00:00,2026-02-10 14:00:00,DOWN,Moderate,68489.9,69494.11865571646,hard_stop,2.0,-0.014662288245660626,-0.015462288245660627
2026-02-10 12:00:00,2026-02-10 13:00:00,2026-02-10 14:00:00,DOWN,Moderate,68564.7,69545.27446602243,hard_stop,1.0,-0.014301447625708619,-0.015101447625708619
2026-02-10 13:00:00,2026-02-10 14:00:00,2026-02-10 17:00:00,DOWN,Moderate,68981.8,69473.5,kernel_flip,3.0,-0.007127967086970832,-0.007927967086970833
2026-02-10 23:00:00,2026-02-11 00:00:00,2026-02-11 01:00:00,DOWN,Moderate,68805.3,69156.9,kernel_flip,1.0,-0.005110071462518073,-0.005910071462518074
2026-02-11 01:00:00,2026-02-11 02:00:00,2026-02-11 20:00:00,DOWN,Moderate,68947.5,67547.6,kernel_flip,18.0,0.020303854381957254,0.019503854381957255
2026-02-11 02:00:00,2026-02-11 03:00:00,2026-02-11 20:00:00,DOWN,Moderate,68641.3,67547.6,kernel_flip,17.0,0.015933556036963115,0.015133556036963114
2026-02-12 04:00:00,2026-02-12 05:00:00,2026-02-12 10:00:00,DOWN,Moderate,66989.8,67517.7,kernel_flip,5.0,-0.00788030416570873,-0.00868030416570873
2026-02-12 08:00:00,2026-02-12 09:00:00,2026-02-12 10:00:00,DOWN,Moderate,67107.4,67517.7,kernel_flip,1.0,-0.0061140798183210165,-0.006914079818321017
2026-02-15 04:00:00,2026-02-15 05:00:00,2026-02-15 12:00:00,UP,Moderate,70156.9,69461.89309968433,hard_stop,7.0,-0.009906465369987405,-0.010706465369987405
2026-02-15 08:00:00,2026-02-15 09:00:00,2026-02-15 12:00:00,UP,Strong,70405.1,69672.1104505957,hard_stop,3.0,-0.010411029164141494,-0.011211029164141495
2026-02-15 10:00:00,2026-02-15 11:00:00,2026-02-15 12:00:00,UP,Strong,70389.6,69693.62304158506,hard_stop,1.0,-0.00988749699408642,-0.01068749699408642
2026-02-15 12:00:00,2026-02-15 13:00:00,2026-02-16 10:00:00,DOWN,Strong,69285.0,68961.0,kernel_flip,21.0,0.004676336869452236,0.0038763368694522357
2026-02-15 21:00:00,2026-02-15 22:00:00,2026-02-16 10:00:00,DOWN,Moderate,68809.0,68961.0,kernel_flip,12.0,-0.002209013355811029,-0.003009013355811029
2026-02-16 04:00:00,2026-02-16 05:00:00,2026-02-16 10:00:00,DOWN,Strong,68832.4,68961.0,kernel_flip,5.0,-0.0018683062046362942,-0.002668306204636294
2026-02-16 13:00:00,2026-02-16 14:00:00,2026-02-16 22:00:00,DOWN,Strong,68355.5,68835.2,kernel_flip,8.0,-0.0070177235189559095,-0.00781772351895591
2026-02-16 14:00:00,2026-02-16 15:00:00,2026-02-16 22:00:00,DOWN,Strong,68386.6,68835.2,kernel_flip,7.0,-0.006559764632252385,-0.007359764632252385
2026-02-16 21:00:00,2026-02-16 22:00:00,2026-02-17 05:00:00,UP,Strong,68835.2,67947.55440038322,hard_stop,7.0,-0.012895228017304805,-0.013695228017304805
2026-02-16 22:00:00,2026-02-16 23:00:00,2026-02-17 06:00:00,UP,Strong,68561.1,68207.2,kernel_flip,7.0,-0.005161819165678594,-0.005961819165678594
2026-02-16 23:00:00,2026-02-17 00:00:00,2026-02-17 05:00:00,UP,Strong,68862.6,68008.81246767737,hard_stop,5.0,-0.01239842138290792,-0.01319842138290792
2026-02-17 00:00:00,2026-02-17 01:00:00,2026-02-17 05:00:00,UP,Moderate,68849.9,68017.89371998612,hard_stop,4.0,-0.012084349868538236,-0.012884349868538236
2026-02-17 01:00:00,2026-02-17 02:00:00,2026-02-17 06:00:00,UP,Strong,68582.7,68207.2,kernel_flip,4.0,-0.005475141690251317,-0.006275141690251318
2026-02-17 02:00:00,2026-02-17 03:00:00,2026-02-17 05:00:00,UP,Strong,68806.3,67951.46320753905,hard_stop,2.0,-0.012423815732875432,-0.013223815732875432
2026-02-17 03:00:00,2026-02-17 04:00:00,2026-02-17 06:00:00,UP,Strong,68443.6,68207.2,kernel_flip,2.0,-0.0034539387174258307,-0.004253938717425831
2026-02-19 04:00:00,2026-02-19 05:00:00,2026-02-19 06:00:00,DOWN,Moderate,66776.5,66847.6,kernel_flip,1.0,-0.0010647458312431635,-0.0018647458312431634
2026-02-20 11:00:00,2026-02-20 12:00:00,2026-02-20 13:00:00,UP,Moderate,67290.4,66625.8065811401,hard_stop,1.0,-0.009876496779033683,-0.010676496779033684
2026-02-20 16:00:00,2026-02-20 17:00:00,2026-02-21 04:00:00,UP,Moderate,67763.2,67636.9,kernel_flip,11.0,-0.001863843502077911,-0.002663843502077911
2026-02-20 17:00:00,2026-02-20 18:00:00,2026-02-21 04:00:00,UP,Moderate,67581.9,67636.9,kernel_flip,10.0,0.0008138273709381583,1.382737093815823e-05
2026-02-20 18:00:00,2026-02-20 19:00:00,2026-02-21 04:00:00,UP,Moderate,67901.0,67636.9,kernel_flip,9.0,-0.0038894861636795675,-0.004689486163679568
2026-02-20 19:00:00,2026-02-20 20:00:00,2026-02-21 04:00:00,UP,Moderate,67616.5,67636.9,kernel_flip,8.0,0.0003017015077679819,-0.0004982984922320182
2026-02-20 20:00:00,2026-02-20 21:00:00,2026-02-21 04:00:00,UP,Moderate,67719.4,67636.9,kernel_flip,7.0,-0.001218262418154925,-0.002018262418154925
2026-02-20 21:00:00,2026-02-20 22:00:00,2026-02-21 04:00:00,UP,Moderate,67792.3,67636.9,kernel_flip,6.0,-0.0022922957327012883,-0.003092295732701288
2026-02-21 07:00:00,2026-02-21 08:00:00,2026-02-21 23:00:00,UP,Moderate,67821.0,67936.7,kernel_flip,15.0,0.0017059612804293245,0.0009059612804293245
2026-02-21 22:00:00,2026-02-21 23:00:00,2026-02-22 11:00:00,DOWN,Moderate,67936.7,68096.6,kernel_flip,12.0,-0.0023536615702559605,-0.0031536615702559604
2026-02-22 02:00:00,2026-02-22 03:00:00,2026-02-22 11:00:00,DOWN,Moderate,67871.5,68096.6,kernel_flip,8.0,-0.003316561443315713,-0.0041165614433157135
2026-02-22 04:00:00,2026-02-22 05:00:00,2026-02-22 11:00:00,DOWN,Moderate,67950.2,68096.6,kernel_flip,6.0,-0.0021545190448299945,-0.0029545190448299944
2026-02-22 05:00:00,2026-02-22 06:00:00,2026-02-22 11:00:00,DOWN,Moderate,67944.5,68096.6,kernel_flip,5.0,-0.002238591791830169,-0.003038591791830169
2026-02-22 08:00:00,2026-02-22 09:00:00,2026-02-22 11:00:00,DOWN,Moderate,67909.3,68096.6,kernel_flip,2.0,-0.0027580905708055603,-0.0035580905708055602
2026-02-22 09:00:00,2026-02-22 10:00:00,2026-02-22 11:00:00,DOWN,Moderate,68022.4,68096.6,kernel_flip,1.0,-0.0010908171425885183,-0.0018908171425885182
2026-02-22 12:00:00,2026-02-22 13:00:00,2026-02-23 13:00:00,DOWN,Moderate,67892.4,66250.0,kernel_flip,24.0,0.024191220224944132,0.023391220224944134
2026-02-23 03:00:00,2026-02-23 04:00:00,2026-02-23 06:00:00,DOWN,Moderate,64894.1,65606.87662066928,hard_stop,2.0,-0.010983689128430507,-0.011783689128430508
2026-02-27 04:00:00,2026-02-27 05:00:00,2026-02-27 10:00:00,UP,Strong,67709.1,67318.3,kernel_flip,5.0,-0.005771750030645895,-0.006571750030645895
2026-02-27 05:00:00,2026-02-27 06:00:00,2026-02-27 10:00:00,UP,Moderate,67685.8,67318.3,kernel_flip,4.0,-0.005429499245041103,-0.006229499245041103
2026-02-28 00:00:00,2026-02-28 01:00:00,2026-02-28 14:00:00,DOWN,Moderate,65906.3,65069.5,kernel_flip,13.0,0.012696813506447802,0.011896813506447801
2026-02-28 01:00:00,2026-02-28 02:00:00,2026-02-28 14:00:00,DOWN,Moderate,65747.3,65069.5,kernel_flip,12.0,0.010309168589432649,0.009509168589432649
2026-02-28 02:00:00,2026-02-28 03:00:00,2026-02-28 14:00:00,DOWN,Strong,65927.0,65069.5,kernel_flip,11.0,0.013006810563198634,0.012206810563198634
2026-02-28 13:00:00,2026-02-28 14:00:00,2026-02-28 15:00:00,UP,Strong,65069.5,64402.5,kernel_flip,1.0,-0.010250578227894769,-0.01105057822789477
2026-02-28 16:00:00,2026-02-28 17:00:00,2026-03-01 10:00:00,UP,Strong,65053.7,66380.1,kernel_flip,17.0,0.0203893091399876,0.0195893091399876
2026-02-28 17:00:00,2026-02-28 18:00:00,2026-03-01 10:00:00,UP,Strong,65395.3,66380.1,kernel_flip,16.0,0.01505918621062996,0.01425918621062996
2026-02-28 18:00:00,2026-02-28 19:00:00,2026-03-01 10:00:00,UP,Strong,65872.9,66380.1,kernel_flip,15.0,0.007699676194611316,0.006899676194611315
2026-02-28 19:00:00,2026-02-28 20:00:00,2026-03-01 10:00:00,UP,Strong,66318.1,66380.1,kernel_flip,14.0,0.0009348880622332967,0.00013488806223329664
2026-02-28 21:00:00,2026-02-28 22:00:00,2026-03-01 10:00:00,UP,Moderate,66684.8,66380.1,kernel_flip,12.0,-0.004569257162051921,-0.005369257162051921
2026-02-28 22:00:00,2026-02-28 23:00:00,2026-03-01 01:00:00,UP,Moderate,67081.4,65907.50400846502,hard_stop,2.0,-0.017499575016844737,-0.018299575016844736
2026-02-28 23:00:00,2026-03-01 00:00:00,2026-03-01 10:00:00,UP,Moderate,66937.0,66380.1,kernel_flip,10.0,-0.008319763359576848,-0.009119763359576849
2026-03-01 00:00:00,2026-03-01 01:00:00,2026-03-01 10:00:00,UP,Moderate,66755.5,66380.1,kernel_flip,9.0,-0.005623506677352341,-0.006423506677352342
2026-03-01 01:00:00,2026-03-01 02:00:00,2026-03-01 10:00:00,UP,Moderate,67311.7,66380.1,kernel_flip,8.0,-0.013840090207200118,-0.014640090207200118
2026-03-05 05:00:00,2026-03-05 06:00:00,2026-03-05 07:00:00,DOWN,Strong,72375.0,72520.3,kernel_flip,1.0,-0.002007599309153729,-0.002807599309153729
2026-03-05 07:00:00,2026-03-05 08:00:00,2026-03-05 10:00:00,DOWN,Moderate,72025.4,73174.33702868759,hard_stop,2.0,-0.015951831280181628,-0.016751831280181626
2026-03-05 08:00:00,2026-03-05 09:00:00,2026-03-05 10:00:00,DOWN,Moderate,72307.6,73441.29509806706,hard_stop,1.0,-0.015678782010010828,-0.016478782010010826
2026-03-05 20:00:00,2026-03-05 21:00:00,2026-03-08 09:00:00,DOWN,Moderate,71205.8,67491.0,kernel_flip,60.0,0.052169907507534585,0.05136990750753458
2026-03-05 22:00:00,2026-03-05 23:00:00,2026-03-08 09:00:00,DOWN,Moderate,71170.9,67491.0,kernel_flip,58.0,0.05170512105368896,0.05090512105368896
2026-03-06 03:00:00,2026-03-06 04:00:00,2026-03-08 09:00:00,DOWN,Moderate,71045.4,67491.0,kernel_flip,53.0,0.05002998082915988,0.04922998082915988
2026-03-06 08:00:00,2026-03-06 09:00:00,2026-03-08 09:00:00,DOWN,Moderate,70750.2,67491.0,kernel_flip,48.0,0.046066300872647625,0.04526630087264762
2026-03-06 10:00:00,2026-03-06 11:00:00,2026-03-08 09:00:00,DOWN,Moderate,70506.8,67491.0,kernel_flip,46.0,0.042773179324547494,0.04197317932454749
2026-03-06 11:00:00,2026-03-06 12:00:00,2026-03-08 09:00:00,DOWN,Moderate,70185.6,67491.0,kernel_flip,45.0,0.03839249076733697,0.03759249076733697
2026-03-06 12:00:00,2026-03-06 13:00:00,2026-03-08 09:00:00,DOWN,Strong,69895.2,67491.0,kernel_flip,44.0,0.034397211825704765,0.03359721182570476
2026-03-07 00:00:00,2026-03-07 01:00:00,2026-03-08 09:00:00,DOWN,Moderate,68243.1,67491.0,kernel_flip,32.0,0.01102089442009535,0.01022089442009535
2026-03-07 01:00:00,2026-03-07 02:00:00,2026-03-08 09:00:00,DOWN,Moderate,68222.2,67491.0,kernel_flip,31.0,0.010717918800625004,0.009917918800625003
2026-03-07 02:00:00,2026-03-07 03:00:00,2026-03-08 09:00:00,DOWN,Moderate,68320.0,67491.0,kernel_flip,30.0,0.012134074941452022,0.011334074941452022
2026-03-07 03:00:00,2026-03-07 04:00:00,2026-03-08 09:00:00,DOWN,Moderate,68063.3,67491.0,kernel_flip,29.0,0.008408349286620043,0.007608349286620042
2026-03-07 04:00:00,2026-03-07 05:00:00,2026-03-08 09:00:00,DOWN,Strong,68028.0,67491.0,kernel_flip,28.0,0.007893808431822191,0.007093808431822191
2026-03-07 05:00:00,2026-03-07 06:00:00,2026-03-08 09:00:00,DOWN,Moderate,67990.0,67491.0,kernel_flip,27.0,0.007339314605088965,0.006539314605088964
2026-03-07 06:00:00,2026-03-07 07:00:00,2026-03-08 09:00:00,DOWN,Strong,67665.9,67491.0,kernel_flip,26.0,0.0025847583494787996,0.0017847583494787996
2026-03-07 07:00:00,2026-03-07 08:00:00,2026-03-08 09:00:00,DOWN,Strong,67809.5,67491.0,kernel_flip,25.0,0.004696981986299864,0.003896981986299864
2026-03-07 08:00:00,2026-03-07 09:00:00,2026-03-08 09:00:00,DOWN,Strong,67767.6,67491.0,kernel_flip,24.0,0.004081596515148944,0.0032815965151489442
2026-03-07 09:00:00,2026-03-07 10:00:00,2026-03-08 09:00:00,DOWN,Moderate,67970.5,67491.0,kernel_flip,23.0,0.007054531009776266,0.0062545310097762655
2026-03-07 10:00:00,2026-03-07 11:00:00,2026-03-08 09:00:00,DOWN,Strong,67851.7,67491.0,kernel_flip,22.0,0.005316005346955199,0.004516005346955199
2026-03-07 11:00:00,2026-03-07 12:00:00,2026-03-08 09:00:00,DOWN,Strong,67976.0,67491.0,kernel_flip,21.0,0.00713487113098743,0.00633487113098743
2026-03-07 12:00:00,2026-03-07 13:00:00,2026-03-08 09:00:00,DOWN,Moderate,67954.6,67491.0,kernel_flip,20.0,0.006822201881844681,0.00602220188184468
2026-03-07 13:00:00,2026-03-07 14:00:00,2026-03-08 09:00:00,DOWN,Strong,67891.2,67491.0,kernel_flip,19.0,0.005894725678732948,0.005094725678732948
2026-03-07 14:00:00,2026-03-07 15:00:00,2026-03-08 09:00:00,DOWN,Strong,67980.1,67491.0,kernel_flip,18.0,0.007194752582005748,0.0063947525820057475
2026-03-07 15:00:00,2026-03-07 16:00:00,2026-03-08 09:00:00,DOWN,Strong,67844.8,67491.0,kernel_flip,17.0,0.0052148432893899255,0.004414843289389925
2026-03-07 16:00:00,2026-03-07 17:00:00,2026-03-08 09:00:00,DOWN,Strong,67757.6,67491.0,kernel_flip,16.0,0.0039346139768823285,0.0031346139768823286
2026-03-07 17:00:00,2026-03-07 18:00:00,2026-03-08 09:00:00,DOWN,Strong,67749.7,67491.0,kernel_flip,15.0,0.0038184670928431697,0.0030184670928431697
2026-03-07 18:00:00,2026-03-07 19:00:00,2026-03-08 09:00:00,DOWN,Strong,67530.8,67491.0,kernel_flip,14.0,0.0005893607065221573,-0.0002106392934778427
2026-03-07 19:00:00,2026-03-07 20:00:00,2026-03-08 09:00:00,DOWN,Moderate,67042.6,67491.0,kernel_flip,13.0,-0.006688284762225827,-0.007488284762225827
2026-03-07 20:00:00,2026-03-07 21:00:00,2026-03-08 09:00:00,DOWN,Moderate,67354.4,67491.0,kernel_flip,12.0,-0.0020280783438053618,-0.0028280783438053617
2026-03-07 21:00:00,2026-03-07 22:00:00,2026-03-08 09:00:00,DOWN,Moderate,67416.3,67491.0,kernel_flip,11.0,-0.0011080406370564955,-0.0019080406370564954
2026-03-07 22:00:00,2026-03-07 23:00:00,2026-03-08 09:00:00,DOWN,Moderate,67220.0,67491.0,kernel_flip,10.0,-0.004031538232668774,-0.004831538232668775
2026-03-08 00:00:00,2026-03-08 01:00:00,2026-03-08 09:00:00,DOWN,Moderate,67161.0,67491.0,kernel_flip,8.0,-0.004913565908786444,-0.005713565908786444
2026-03-08 01:00:00,2026-03-08 02:00:00,2026-03-08 09:00:00,DOWN,Moderate,67266.2,67491.0,kernel_flip,7.0,-0.0033419458806949187,-0.004141945880694919
2026-03-08 02:00:00,2026-03-08 03:00:00,2026-03-08 08:00:00,DOWN,Strong,66894.9,67470.7623976648,hard_stop,5.0,-0.008608464885436762,-0.009408464885436762
2026-03-08 03:00:00,2026-03-08 04:00:00,2026-03-08 08:00:00,DOWN,Strong,66974.9,67537.11151211732,hard_stop,4.0,-0.00839436135204874,-0.00919436135204874
2026-03-08 05:00:00,2026-03-08 06:00:00,2026-03-08 09:00:00,DOWN,Moderate,67115.3,67491.0,kernel_flip,3.0,-0.0055978294070055945,-0.006397829407005595
2026-03-08 06:00:00,2026-03-08 07:00:00,2026-03-08 09:00:00,DOWN,Moderate,67134.4,67491.0,kernel_flip,2.0,-0.005311732882099296,-0.006111732882099296
2026-03-08 07:00:00,2026-03-08 08:00:00,2026-03-08 09:00:00,DOWN,Moderate,67277.1,67491.0,kernel_flip,1.0,-0.0031793879343786635,-0.003979387934378664
2026-03-08 15:00:00,2026-03-08 16:00:00,2026-03-08 20:00:00,DOWN,Strong,67174.6,67299.0,kernel_flip,4.0,-0.0018518904466866548,-0.0026518904466866547
2026-03-08 16:00:00,2026-03-08 17:00:00,2026-03-08 20:00:00,DOWN,Strong,66830.0,67299.0,kernel_flip,3.0,-0.007017806374382651,-0.007817806374382652
2026-03-08 17:00:00,2026-03-08 18:00:00,2026-03-08 20:00:00,DOWN,Moderate,67017.1,67299.0,kernel_flip,2.0,-0.004206389115613662,-0.005006389115613663
2026-03-08 18:00:00,2026-03-08 19:00:00,2026-03-08 19:00:00,DOWN,Strong,66777.6,67421.89060615849,hard_stop,0.0,-0.009648304313998768,-0.010448304313998768
2026-03-08 20:00:00,2026-03-08 21:00:00,2026-03-09 04:00:00,DOWN,Moderate,67195.6,67165.3,kernel_flip,7.0,0.0004509223818226493,-0.0003490776181773507
2026-03-08 21:00:00,2026-03-08 22:00:00,2026-03-09 04:00:00,DOWN,Moderate,66977.1,67165.3,kernel_flip,6.0,-0.0028099156278786896,-0.0036099156278786896
2026-03-09 02:00:00,2026-03-09 03:00:00,2026-03-09 03:00:00,DOWN,Moderate,66500.1,67372.70282283594,hard_stop,0.0,-0.013121827227867922,-0.013921827227867922
2026-03-15 23:00:00,2026-03-16 00:00:00,2026-03-17 06:00:00,UP,Moderate,72778.8,73996.0,kernel_flip,30.0,0.016724650585060452,0.015924650585060453
2026-03-17 04:00:00,2026-03-17 05:00:00,2026-03-17 06:00:00,UP,Moderate,74203.3,73996.0,kernel_flip,1.0,-0.0027936762920247604,-0.0035936762920247604
2026-03-17 06:00:00,2026-03-17 07:00:00,2026-03-17 15:00:00,DOWN,Moderate,74045.0,74340.2,kernel_flip,8.0,-0.003986764805185894,-0.004786764805185894
2026-03-17 07:00:00,2026-03-17 08:00:00,2026-03-17 15:00:00,DOWN,Strong,74212.8,74340.2,kernel_flip,7.0,-0.001716684992346229,-0.002516684992346229
2026-03-17 08:00:00,2026-03-17 09:00:00,2026-03-17 15:00:00,DOWN,Moderate,74150.1,74340.2,kernel_flip,6.0,-0.0025637187272842255,-0.0033637187272842254
2026-03-17 09:00:00,2026-03-17 10:00:00,2026-03-17 15:00:00,DOWN,Strong,73890.0,74340.2,kernel_flip,5.0,-0.006092840709162273,-0.006892840709162273
2026-03-17 11:00:00,2026-03-17 12:00:00,2026-03-17 15:00:00,DOWN,Strong,73997.1,74340.2,kernel_flip,3.0,-0.004636668193753524,-0.005436668193753524
2026-03-17 12:00:00,2026-03-17 13:00:00,2026-03-17 15:00:00,DOWN,Moderate,73711.0,74340.2,kernel_flip,2.0,-0.008536039397104789,-0.009336039397104789
2026-03-17 13:00:00,2026-03-17 14:00:00,2026-03-17 15:00:00,DOWN,Strong,73580.7,74340.2,kernel_flip,1.0,-0.010322000198421666,-0.011122000198421666
2026-03-17 15:00:00,2026-03-17 16:00:00,2026-03-17 18:00:00,DOWN,Strong,73878.5,74480.1,kernel_flip,2.0,-0.00814309981929795,-0.00894309981929795
2026-03-17 16:00:00,2026-03-17 17:00:00,2026-03-17 18:00:00,DOWN,Strong,74120.0,74480.1,kernel_flip,1.0,-0.004858337830545123,-0.005658337830545123
2026-03-18 00:00:00,2026-03-18 01:00:00,2026-03-18 03:00:00,DOWN,Moderate,73821.3,74299.9,kernel_flip,2.0,-0.00648322367663523,-0.007283223676635231
2026-03-18 01:00:00,2026-03-18 02:00:00,2026-03-18 03:00:00,DOWN,Strong,74035.2,74299.9,kernel_flip,1.0,-0.003575326331258566,-0.004375326331258566
2026-03-18 06:00:00,2026-03-18 07:00:00,2026-03-19 20:00:00,DOWN,Moderate,73910.1,70233.0,kernel_flip,37.0,0.04975098125966548,0.04895098125966548
2026-03-18 07:00:00,2026-03-18 08:00:00,2026-03-19 20:00:00,DOWN,Moderate,73840.1,70233.0,kernel_flip,36.0,0.048850150527965264,0.04805015052796526
2026-03-18 08:00:00,2026-03-18 09:00:00,2026-03-19 20:00:00,DOWN,Strong,74005.9,70233.0,kernel_flip,35.0,0.05098107042816846,0.05018107042816846
2026-03-18 09:00:00,2026-03-18 10:00:00,2026-03-19 20:00:00,DOWN,Strong,74136.0,70233.0,kernel_flip,34.0,0.05264648753641954,0.05184648753641954
2026-03-18 10:00:00,2026-03-18 11:00:00,2026-03-19 20:00:00,DOWN,Strong,73895.0,70233.0,kernel_flip,33.0,0.04955680357263681,0.04875680357263681
2026-03-18 11:00:00,2026-03-18 12:00:00,2026-03-19 20:00:00,DOWN,Strong,72906.4,70233.0,kernel_flip,32.0,0.03666893441453689,0.03586893441453689
2026-03-18 12:00:00,2026-03-18 13:00:00,2026-03-19 20:00:00,DOWN,Strong,72325.1,70233.0,kernel_flip,31.0,0.028926334011290744,0.028126334011290745
2026-03-18 13:00:00,2026-03-18 14:00:00,2026-03-19 20:00:00,DOWN,Strong,72104.5,70233.0,kernel_flip,30.0,0.025955384199321863,0.025155384199321864
2026-03-18 23:00:00,2026-03-19 00:00:00,2026-03-19 20:00:00,DOWN,Moderate,71202.9,70233.0,kernel_flip,20.0,0.013621636197401976,0.012821636197401976
2026-03-19 00:00:00,2026-03-19 01:00:00,2026-03-19 20:00:00,DOWN,Moderate,70970.0,70233.0,kernel_flip,19.0,0.010384669578695216,0.009584669578695216
2026-03-19 02:00:00,2026-03-19 03:00:00,2026-03-19 20:00:00,DOWN,Moderate,71020.7,70233.0,kernel_flip,17.0,0.011091132585288488,0.010291132585288488
2026-03-19 03:00:00,2026-03-19 04:00:00,2026-03-19 20:00:00,DOWN,Strong,71180.0,70233.0,kernel_flip,16.0,0.0133042989603821,0.012504298960382099
2026-03-19 19:00:00,2026-03-19 20:00:00,2026-03-20 00:00:00,UP,Moderate,70233.0,69887.4,kernel_flip,4.0,-0.004920763743539447,-0.005720763743539447
2026-03-19 22:00:00,2026-03-19 23:00:00,2026-03-20 00:00:00,UP,Moderate,70156.9,69887.4,kernel_flip,1.0,-0.0038413897991501633,-0.004641389799150164
2026-03-20 00:00:00,2026-03-20 01:00:00,2026-03-20 13:00:00,UP,Moderate,70159.9,70304.7,kernel_flip,12.0,0.00206385698953393,0.0012638569895339299
2026-03-20 01:00:00,2026-03-20 02:00:00,2026-03-20 13:00:00,UP,Moderate,70370.8,70304.7,kernel_flip,11.0,-0.0009393100547386846,-0.0017393100547386845
2026-03-20 08:00:00,2026-03-20 09:00:00,2026-03-20 10:00:00,UP,Moderate,71000.4,70180.62782732901,hard_stop,1.0,-0.011546021891017277,-0.012346021891017278
2026-03-20 09:00:00,2026-03-20 10:00:00,2026-03-20 13:00:00,UP,Moderate,70545.0,70304.7,kernel_flip,3.0,-0.0034063363810333813,-0.004206336381033382
2026-03-20 10:00:00,2026-03-20 11:00:00,2026-03-20 13:00:00,UP,Moderate,70580.9,70304.7,kernel_flip,2.0,-0.003913239984188355,-0.004713239984188355
2026-03-20 11:00:00,2026-03-20 12:00:00,2026-03-20 13:00:00,UP,Moderate,70440.0,70304.7,kernel_flip,1.0,-0.0019207836456559546,-0.0027207836456559545
2026-03-21 02:00:00,2026-03-21 03:00:00,2026-03-21 17:00:00,UP,Moderate,70703.7,70275.0,kernel_flip,14.0,-0.006063331904836655,-0.0068633319048366555
2026-03-23 04:00:00,2026-03-23 05:00:00,2026-03-23 06:00:00,UP,Moderate,68504.4,67743.08748582406,hard_stop,1.0,-0.011113337452425487,-0.011913337452425487
2026-03-23 07:00:00,2026-03-23 08:00:00,2026-03-24 05:00:00,UP,Strong,68305.9,70340.0,kernel_flip,21.0,0.029779272361538434,0.028979272361538435
2026-03-23 08:00:00,2026-03-23 09:00:00,2026-03-24 05:00:00,UP,Moderate,68400.2,70340.0,kernel_flip,20.0,0.02835956620009883,0.02755956620009883
2026-03-23 09:00:00,2026-03-23 10:00:00,2026-03-24 05:00:00,UP,Moderate,68304.9,70340.0,kernel_flip,19.0,0.0297943485752854,0.028994348575285402
2026-03-23 10:00:00,2026-03-23 11:00:00,2026-03-24 05:00:00,UP,Strong,68512.2,70340.0,kernel_flip,18.0,0.026678460186652986,0.025878460186652987
2026-03-23 12:00:00,2026-03-23 13:00:00,2026-03-24 05:00:00,UP,Moderate,70710.0,70340.0,kernel_flip,16.0,-0.005232640362042185,-0.006032640362042185
2026-03-23 13:00:00,2026-03-23 14:00:00,2026-03-23 15:00:00,UP,Strong,71449.9,70281.25947178945,hard_stop,1.0,-0.016356083468423877,-0.017156083468423875
2026-03-23 14:00:00,2026-03-23 15:00:00,2026-03-23 15:00:00,UP,Strong,71409.8,70248.6802238045,hard_stop,0.0,-0.01625994998159208,-0.01705994998159208
2026-03-23 15:00:00,2026-03-23 16:00:00,2026-03-24 05:00:00,UP,Moderate,70112.2,70340.0,kernel_flip,13.0,0.0032490779065554865,0.0024490779065554865
2026-03-23 16:00:00,2026-03-23 17:00:00,2026-03-24 05:00:00,UP,Moderate,70539.6,70340.0,kernel_flip,12.0,-0.0028296162722784013,-0.0036296162722784012
2026-03-23 17:00:00,2026-03-23 18:00:00,2026-03-24 05:00:00,UP,Moderate,71052.6,70340.0,kernel_flip,11.0,-0.01002918964260291,-0.01082918964260291
2026-03-24 04:00:00,2026-03-24 05:00:00,2026-03-24 07:00:00,DOWN,Moderate,70340.0,71254.17972166865,hard_stop,2.0,-0.01299658404419457,-0.01379658404419457
2026-03-24 21:00:00,2026-03-24 22:00:00,2026-03-25 00:00:00,DOWN,Moderate,70296.2,70524.0,kernel_flip,2.0,-0.003240573459162732,-0.004040573459162733
2026-03-24 23:00:00,2026-03-25 00:00:00,2026-03-25 16:00:00,UP,Strong,70524.0,70792.4,kernel_flip,16.0,0.0038057966082467587,0.0030057966082467588
2026-03-29 04:00:00,2026-03-29 05:00:00,2026-03-29 08:00:00,UP,Moderate,66701.9,66632.4,kernel_flip,3.0,-0.0010419493297791904,-0.0018419493297791903
2026-03-29 05:00:00,2026-03-29 06:00:00,2026-03-29 08:00:00,UP,Strong,66741.3,66632.4,kernel_flip,2.0,-0.0016316733416941176,-0.0024316733416941175
2026-03-29 06:00:00,2026-03-29 07:00:00,2026-03-29 08:00:00,UP,Moderate,66704.4,66632.4,kernel_flip,1.0,-0.0010793890657887495,-0.0018793890657887494
2026-03-29 11:00:00,2026-03-29 12:00:00,2026-03-29 14:00:00,UP,Moderate,66780.8,66546.1,kernel_flip,2.0,-0.003514483204753449,-0.0043144832047534495
2026-03-29 12:00:00,2026-03-29 13:00:00,2026-03-29 14:00:00,UP,Moderate,66818.7,66546.1,kernel_flip,1.0,-0.004079696252695553,-0.004879696252695553
2026-03-30 01:00:00,2026-03-30 02:00:00,2026-03-30 18:00:00,UP,Strong,66624.2,66805.1,kernel_flip,16.0,0.0027152296012560306,0.0019152296012560307
2026-03-30 02:00:00,2026-03-30 03:00:00,2026-03-30 18:00:00,UP,Strong,67087.1,66805.1,kernel_flip,15.0,-0.004203490685988798,-0.005003490685988798
2026-03-30 03:00:00,2026-03-30 04:00:00,2026-03-30 18:00:00,UP,Strong,67140.0,66805.1,kernel_flip,14.0,-0.004988084599344522,-0.0057880845993445226
2026-03-30 04:00:00,2026-03-30 05:00:00,2026-03-30 17:00:00,UP,Strong,67579.2,66823.69837142005,hard_stop,12.0,-0.011179499440359564,-0.011979499440359564
2026-03-30 05:00:00,2026-03-30 06:00:00,2026-03-30 17:00:00,UP,Moderate,67459.0,66717.49848774719,hard_stop,11.0,-0.010991884140779007,-0.011791884140779007
2026-03-30 06:00:00,2026-03-30 07:00:00,2026-03-30 18:00:00,UP,Moderate,67273.5,66805.1,kernel_flip,11.0,-0.0069626227266307295,-0.00776262272663073
2026-03-30 07:00:00,2026-03-30 08:00:00,2026-03-30 17:00:00,UP,Moderate,67595.9,66879.26655321057,hard_stop,9.0,-0.010601729495271495,-0.011401729495271495
2026-03-30 08:00:00,2026-03-30 09:00:00,2026-03-30 17:00:00,UP,Strong,67633.9,66931.44751369553,hard_stop,8.0,-0.010386100554669597,-0.011186100554669598
2026-03-30 09:00:00,2026-03-30 10:00:00,2026-03-30 17:00:00,UP,Strong,67466.2,66788.00483414586,hard_stop,7.0,-0.010052369421341911,-0.010852369421341912
2026-03-30 10:00:00,2026-03-30 11:00:00,2026-03-30 17:00:00,UP,Moderate,67463.1,66815.70091742116,hard_stop,6.0,-0.009596343520811401,-0.010396343520811402
2026-03-30 11:00:00,2026-03-30 12:00:00,2026-03-30 17:00:00,UP,Strong,67651.5,66992.66870903393,hard_stop,5.0,-0.009738605810160506,-0.010538605810160506
2026-03-30 12:00:00,2026-03-30 13:00:00,2026-03-30 14:00:00,UP,Strong,67859.4,67213.09594410293,hard_stop,1.0,-0.00952416401997469,-0.01032416401997469
2026-03-30 13:00:00,2026-03-30 14:00:00,2026-03-30 17:00:00,UP,Moderate,67490.8,66808.1926623813,hard_stop,3.0,-0.010114079809673271,-0.010914079809673271
2026-03-30 14:00:00,2026-03-30 15:00:00,2026-03-30 17:00:00,UP,Strong,67762.8,67044.43604363978,hard_stop,2.0,-0.010601155152387687,-0.011401155152387687
2026-03-30 15:00:00,2026-03-30 16:00:00,2026-03-30 17:00:00,UP,Strong,67590.2,66869.43704052265,hard_stop,1.0,-0.01066371988065351,-0.011463719880653511
2026-03-30 16:00:00,2026-03-30 17:00:00,2026-03-30 17:00:00,UP,Strong,67332.9,66617.88082334245,hard_stop,0.0,-0.01061916502419391,-0.011419165024193911
2026-03-31 07:00:00,2026-03-31 08:00:00,2026-03-31 09:00:00,UP,Moderate,67343.9,66745.1,kernel_flip,1.0,-0.008891673930378041,-0.009691673930378042
2026-03-31 16:00:00,2026-03-31 17:00:00,2026-04-01 14:00:00,UP,Strong,67632.6,68091.4,kernel_flip,21.0,0.006783710814015631,0.005983710814015631
2026-03-31 17:00:00,2026-03-31 18:00:00,2026-04-01 14:00:00,UP,Strong,67493.8,68091.4,kernel_flip,20.0,0.008854146603095359,0.008054146603095358
2026-03-31 18:00:00,2026-03-31 19:00:00,2026-04-01 14:00:00,UP,Strong,67814.5,68091.4,kernel_flip,19.0,0.004083197546247419,0.003283197546247419
2026-03-31 19:00:00,2026-03-31 20:00:00,2026-04-01 14:00:00,UP,Strong,67803.0,68091.4,kernel_flip,18.0,0.004253499107709002,0.0034534991077090024
2026-03-31 20:00:00,2026-03-31 21:00:00,2026-04-01 14:00:00,UP,Strong,68227.3,68091.4,kernel_flip,17.0,-0.0019918712890588663,-0.0027918712890588663
2026-04-01 00:00:00,2026-04-01 01:00:00,2026-04-01 14:00:00,UP,Moderate,68288.0,68091.4,kernel_flip,13.0,-0.002878983130271906,-0.003678983130271906
2026-04-01 01:00:00,2026-04-01 02:00:00,2026-04-01 14:00:00,UP,Moderate,67746.4,68091.4,kernel_flip,12.0,0.0050925215214387975,0.004292521521438797
2026-04-01 02:00:00,2026-04-01 03:00:00,2026-04-01 14:00:00,UP,Moderate,67623.9,68091.4,kernel_flip,11.0,0.006913236296634873,0.006113236296634872
2026-04-01 04:00:00,2026-04-01 05:00:00,2026-04-01 14:00:00,UP,Strong,68272.3,68091.4,kernel_flip,9.0,-0.0026496836930938183,-0.0034496836930938183
2026-04-01 05:00:00,2026-04-01 06:00:00,2026-04-01 14:00:00,UP,Moderate,68418.3,68091.4,kernel_flip,8.0,-0.004777961451833956,-0.005577961451833957
2026-04-01 07:00:00,2026-04-01 08:00:00,2026-04-01 14:00:00,UP,Moderate,68651.9,68091.4,kernel_flip,6.0,-0.008164377096628095,-0.008964377096628095
2026-04-01 13:00:00,2026-04-01 14:00:00,2026-04-01 15:00:00,DOWN,Moderate,68091.4,68559.2,kernel_flip,1.0,-0.006870177437973135,-0.0076701774379731354
2026-04-01 17:00:00,2026-04-01 18:00:00,2026-04-02 01:00:00,DOWN,Moderate,68239.7,68565.2,kernel_flip,7.0,-0.004769950629911923,-0.0055699506299119236
2026-04-01 18:00:00,2026-04-01 19:00:00,2026-04-02 01:00:00,DOWN,Moderate,68054.2,68565.2,kernel_flip,6.0,-0.007508720990034412,-0.008308720990034412
2026-04-01 19:00:00,2026-04-01 20:00:00,2026-04-02 01:00:00,DOWN,Moderate,68143.7,68565.2,kernel_flip,5.0,-0.006185458083432405,-0.006985458083432405
2026-04-01 20:00:00,2026-04-01 21:00:00,2026-04-02 01:00:00,DOWN,Moderate,68159.7,68565.2,kernel_flip,4.0,-0.0059492632743394225,-0.006749263274339423
2026-04-01 21:00:00,2026-04-01 22:00:00,2026-04-02 01:00:00,DOWN,Moderate,68324.8,68565.2,kernel_flip,3.0,-0.0035184881624241715,-0.004318488162424172
2026-04-01 22:00:00,2026-04-01 23:00:00,2026-04-02 01:00:00,DOWN,Strong,68088.5,68565.2,kernel_flip,2.0,-0.007001182284820384,-0.0078011822848203845
2026-04-01 23:00:00,2026-04-02 00:00:00,2026-04-02 01:00:00,DOWN,Strong,68086.4,68565.2,kernel_flip,1.0,-0.007032241387413762,-0.007832241387413763
2026-04-02 01:00:00,2026-04-02 02:00:00,2026-04-02 17:00:00,DOWN,Moderate,67316.4,67050.0,kernel_flip,15.0,0.0039574308786565204,0.0031574308786565205
2026-04-02 16:00:00,2026-04-02 17:00:00,2026-04-02 18:00:00,UP,Moderate,67050.0,66641.4,kernel_flip,1.0,-0.006093959731543697,-0.006893959731543697
2026-04-04 04:00:00,2026-04-04 05:00:00,2026-04-04 06:00:00,DOWN,Moderate,66833.5,66871.0,kernel_flip,1.0,-0.0005610958576163227,-0.0013610958576163227
2026-04-05 01:00:00,2026-04-05 02:00:00,2026-04-05 15:00:00,DOWN,Moderate,67060.6,67341.68330505937,hard_stop,13.0,-0.004191482108113709,-0.004991482108113709
2026-04-05 03:00:00,2026-04-05 04:00:00,2026-04-05 15:00:00,DOWN,Moderate,67113.4,67392.70091099506,hard_stop,11.0,-0.0041616266050454875,-0.004961626605045488
2026-04-05 22:00:00,2026-04-05 23:00:00,2026-04-06 23:00:00,UP,Moderate,68313.0,68777.0,kernel_flip,24.0,0.006792265015443721,0.005992265015443721
2026-04-06 17:00:00,2026-04-06 18:00:00,2026-04-06 22:00:00,UP,Moderate,69540.6,68894.39444716039,hard_stop,4.0,-0.00929249320310177,-0.01009249320310177
2026-04-07 06:00:00,2026-04-07 07:00:00,2026-04-07 09:00:00,DOWN,Moderate,68539.9,69168.01725169361,hard_stop,2.0,-0.0091642569028203,-0.0099642569028203
2026-04-07 07:00:00,2026-04-07 08:00:00,2026-04-07 09:00:00,DOWN,Strong,68592.0,69197.5160194298,hard_stop,1.0,-0.00882779361193431,-0.00962779361193431
2026-04-07 08:00:00,2026-04-07 09:00:00,2026-04-07 10:00:00,DOWN,Strong,68907.1,69109.9,kernel_flip,1.0,-0.0029430929468805545,-0.0037430929468805544
2026-04-07 10:00:00,2026-04-07 11:00:00,2026-04-07 17:00:00,DOWN,Moderate,68196.1,68858.01907605221,hard_stop,6.0,-0.009706113341557687,-0.010506113341557688
2026-04-07 11:00:00,2026-04-07 12:00:00,2026-04-07 17:00:00,DOWN,Moderate,68310.7,68967.88557061991,hard_stop,5.0,-0.009620536323297957,-0.010420536323297957
2026-04-07 12:00:00,2026-04-07 13:00:00,2026-04-07 18:00:00,DOWN,Moderate,68366.9,68670.1,kernel_flip,5.0,-0.004434894663938316,-0.005234894663938316
2026-04-07 17:00:00,2026-04-07 18:00:00,2026-04-07 19:00:00,UP,Strong,68670.1,68413.7,kernel_flip,1.0,-0.0037337938928297953,-0.004533793892829796
2026-04-07 21:00:00,2026-04-07 22:00:00,2026-04-08 15:00:00,UP,Moderate,69886.7,70888.0,kernel_flip,17.0,0.014327475757189845,0.013527475757189844
2026-04-07 22:00:00,2026-04-07 23:00:00,2026-04-08 15:00:00,UP,Moderate,71479.9,70888.0,kernel_flip,16.0,-0.008280649525251094,-0.009080649525251094
2026-04-07 23:00:00,2026-04-08 00:00:00,2026-04-08 14:00:00,UP,Strong,71890.2,70878.42001154434,hard_stop,14.0,-0.014073962632676795,-0.014873962632676796
2026-04-08 01:00:00,2026-04-08 02:00:00,2026-04-08 15:00:00,UP,Moderate,71446.5,70888.0,kernel_flip,13.0,-0.007817037923481207,-0.008617037923481207
2026-04-08 02:00:00,2026-04-08 03:00:00,2026-04-08 15:00:00,UP,Moderate,71329.9,70888.0,kernel_flip,12.0,-0.006195157991249034,-0.006995157991249034
2026-04-08 03:00:00,2026-04-08 04:00:00,2026-04-08 15:00:00,UP,Strong,71259.7,70888.0,kernel_flip,11.0,-0.005216131979225214,-0.006016131979225214
2026-04-13 15:00:00,2026-04-13 16:00:00,2026-04-14 19:00:00,UP,Moderate,71823.6,74049.9,kernel_flip,27.0,0.030996775433144386,0.030196775433144387
2026-04-13 16:00:00,2026-04-13 17:00:00,2026-04-14 19:00:00,UP,Moderate,72157.4,74049.9,kernel_flip,26.0,0.0262273862417437,0.0254273862417437
2026-04-13 17:00:00,2026-04-13 18:00:00,2026-04-14 19:00:00,UP,Moderate,72100.9,74049.9,kernel_flip,25.0,0.027031562712809487,0.02623156271280949
2026-04-13 18:00:00,2026-04-13 19:00:00,2026-04-14 19:00:00,UP,Moderate,72380.1,74049.9,kernel_flip,24.0,0.023069876941313794,0.022269876941313795
2026-04-13 20:00:00,2026-04-13 21:00:00,2026-04-14 19:00:00,UP,Moderate,73098.8,74049.9,kernel_flip,22.0,0.013011157501901405,0.012211157501901404
2026-04-13 23:00:00,2026-04-14 00:00:00,2026-04-14 19:00:00,UP,Moderate,74384.9,74049.9,kernel_flip,19.0,-0.004503602209588231,-0.0053036022095882315
2026-04-14 00:00:00,2026-04-14 01:00:00,2026-04-14 19:00:00,UP,Moderate,74127.9,74049.9,kernel_flip,18.0,-0.0010522353931515793,-0.0018522353931515793
2026-04-14 01:00:00,2026-04-14 02:00:00,2026-04-14 19:00:00,UP,Moderate,74345.5,74049.9,kernel_flip,17.0,-0.003976030829034749,-0.004776030829034749
2026-04-14 02:00:00,2026-04-14 03:00:00,2026-04-14 19:00:00,UP,Moderate,74294.5,74049.9,kernel_flip,16.0,-0.0032923029295574002,-0.004092302929557401
2026-04-14 03:00:00,2026-04-14 04:00:00,2026-04-14 19:00:00,UP,Moderate,74408.8,74049.9,kernel_flip,15.0,-0.004823354226919485,-0.0056233542269194855
2026-04-14 18:00:00,2026-04-14 19:00:00,2026-04-15 01:00:00,DOWN,Moderate,74049.9,74520.3,kernel_flip,6.0,-0.006352473129606073,-0.007152473129606074
2026-04-14 19:00:00,2026-04-14 20:00:00,2026-04-15 01:00:00,DOWN,Moderate,74176.5,74520.3,kernel_flip,5.0,-0.004634891104325467,-0.005434891104325467
2026-04-15 03:00:00,2026-04-15 04:00:00,2026-04-15 13:00:00,DOWN,Moderate,74296.8,74228.8,kernel_flip,9.0,0.0009152480322167644,0.00011524803221676439
2026-04-15 11:00:00,2026-04-15 12:00:00,2026-04-15 13:00:00,DOWN,Moderate,74155.0,74228.8,kernel_flip,1.0,-0.0009952127300925095,-0.0017952127300925095
2026-04-16 18:00:00,2026-04-16 19:00:00,2026-04-17 04:00:00,UP,Strong,75000.1,74582.8,kernel_flip,9.0,-0.005563992581343213,-0.006363992581343214
2026-04-16 19:00:00,2026-04-16 20:00:00,2026-04-17 04:00:00,UP,Moderate,75309.5,74582.8,kernel_flip,8.0,-0.009649513009646782,-0.010449513009646782
2026-04-17 08:00:00,2026-04-17 09:00:00,2026-04-17 10:00:00,UP,Moderate,75749.8,75046.88634815624,hard_stop,1.0,-0.009279412643251272,-0.010079412643251273
2026-04-17 10:00:00,2026-04-17 11:00:00,2026-04-18 08:00:00,UP,Moderate,75229.6,76951.0,kernel_flip,21.0,0.022881950721524325,0.022081950721524326
2026-04-20 19:00:00,2026-04-20 20:00:00,2026-04-21 03:00:00,UP,Moderate,76252.5,75434.18627949407,hard_stop,7.0,-0.01073163136298394,-0.01153163136298394
2026-04-21 13:00:00,2026-04-21 14:00:00,2026-04-22 00:00:00,DOWN,Moderate,75860.0,76288.3,kernel_flip,10.0,-0.005645926707092075,-0.006445926707092075
2026-04-21 14:00:00,2026-04-21 15:00:00,2026-04-22 00:00:00,DOWN,Moderate,75628.9,76288.3,kernel_flip,9.0,-0.008718889207697256,-0.009518889207697256
2026-04-21 15:00:00,2026-04-21 16:00:00,2026-04-22 00:00:00,DOWN,Moderate,75800.0,76288.3,kernel_flip,8.0,-0.0064419525065964045,-0.007241952506596405
2026-04-21 23:00:00,2026-04-22 00:00:00,2026-04-23 00:00:00,UP,Moderate,76288.3,78139.7,kernel_flip,24.0,0.02426846580668318,0.023468465806683183
2026-04-22 00:00:00,2026-04-22 01:00:00,2026-04-23 00:00:00,UP,Moderate,76327.1,78139.7,kernel_flip,23.0,0.02374779075845912,0.02294779075845912
2026-04-22 07:00:00,2026-04-22 08:00:00,2026-04-23 00:00:00,UP,Strong,77979.7,78139.7,kernel_flip,16.0,0.0020518160495617277,0.0012518160495617278
2026-04-23 04:00:00,2026-04-23 05:00:00,2026-04-23 15:00:00,DOWN,Strong,77871.5,78132.8,kernel_flip,10.0,-0.0033555280173105384,-0.004155528017310539
2026-04-23 05:00:00,2026-04-23 06:00:00,2026-04-23 15:00:00,DOWN,Strong,77992.0,78132.8,kernel_flip,9.0,-0.0018053133654734044,-0.0026053133654734043
2026-04-23 06:00:00,2026-04-23 07:00:00,2026-04-23 15:00:00,DOWN,Strong,78167.0,78132.8,kernel_flip,8.0,0.0004375247866746923,-0.00036247521332530774
2026-04-23 07:00:00,2026-04-23 08:00:00,2026-04-23 15:00:00,DOWN,Strong,78009.1,78132.8,kernel_flip,7.0,-0.0015857124361131625,-0.0023857124361131624
2026-04-23 08:00:00,2026-04-23 09:00:00,2026-04-23 15:00:00,DOWN,Strong,77822.1,78132.8,kernel_flip,6.0,-0.003992439165738215,-0.004792439165738216
2026-04-23 09:00:00,2026-04-23 10:00:00,2026-04-23 15:00:00,DOWN,Moderate,77613.0,78132.8,kernel_flip,5.0,-0.006697331632587344,-0.007497331632587345
2026-04-23 16:00:00,2026-04-23 17:00:00,2026-04-23 17:00:00,UP,Strong,78049.1,77246.49933419895,hard_stop,0.0,-0.010283278933402973,-0.011083278933402973
2026-04-23 19:00:00,2026-04-23 20:00:00,2026-04-23 23:00:00,DOWN,Strong,77670.4,78194.1,kernel_flip,3.0,-0.006742594347396436,-0.007542594347396436
2026-04-23 21:00:00,2026-04-23 22:00:00,2026-04-23 23:00:00,DOWN,Moderate,77819.5,78194.1,kernel_flip,1.0,-0.004813703506190592,-0.005613703506190592
2026-04-24 14:00:00,2026-04-24 15:00:00,2026-04-24 17:00:00,UP,Moderate,77986.3,77732.6,kernel_flip,2.0,-0.003253135486617431,-0.0040531354866174315
2026-04-24 19:00:00,2026-04-24 20:00:00,2026-04-25 09:00:00,DOWN,Moderate,77596.0,77603.4,kernel_flip,13.0,-9.536574050206248e-05,-0.0008953657405020625
2026-04-24 20:00:00,2026-04-24 21:00:00,2026-04-25 09:00:00,DOWN,Moderate,77688.2,77603.4,kernel_flip,12.0,0.0010915428597908505,0.0002915428597908505
2026-04-24 21:00:00,2026-04-24 22:00:00,2026-04-25 09:00:00,DOWN,Moderate,77490.0,77603.4,kernel_flip,11.0,-0.0014634146341463428,-0.0022634146341463427
2026-04-24 22:00:00,2026-04-24 23:00:00,2026-04-25 09:00:00,DOWN,Moderate,77294.6,77603.4,kernel_flip,10.0,-0.003995104444553643,-0.004795104444553644
2026-04-25 00:00:00,2026-04-25 01:00:00,2026-04-25 09:00:00,DOWN,Moderate,77420.0,77603.4,kernel_flip,8.0,-0.0023688969258588433,-0.003168896925858843
2026-04-25 03:00:00,2026-04-25 04:00:00,2026-04-25 09:00:00,DOWN,Moderate,77629.0,77603.4,kernel_flip,5.0,0.0003297736670574425,-0.00047022633294255755
2026-04-25 04:00:00,2026-04-25 05:00:00,2026-04-25 09:00:00,DOWN,Moderate,77579.5,77603.4,kernel_flip,4.0,-0.00030807107547725643,-0.0011080710754772564
2026-04-26 05:00:00,2026-04-26 06:00:00,2026-04-27 05:00:00,UP,Strong,77949.4,77583.74833798502,hard_stop,23.0,-0.004690884881923152,-0.005490884881923152
2026-04-26 06:00:00,2026-04-26 07:00:00,2026-04-27 05:00:00,UP,Strong,77963.3,77606.51631384324,hard_stop,22.0,-0.004576303031769591,-0.005376303031769591
2026-04-26 07:00:00,2026-04-26 08:00:00,2026-04-27 05:00:00,UP,Strong,78061.5,77712.57586285443,hard_stop,21.0,-0.0044698620593451865,-0.005269862059345187
2026-04-26 08:00:00,2026-04-26 09:00:00,2026-04-27 05:00:00,UP,Moderate,77989.1,77642.6740155077,hard_stop,20.0,-0.004441979513705174,-0.005241979513705175
2026-04-26 09:00:00,2026-04-26 10:00:00,2026-04-27 05:00:00,UP,Moderate,77971.8,77635.11872868572,hard_stop,19.0,-0.004317987673931989,-0.005117987673931989
2026-04-26 10:00:00,2026-04-26 11:00:00,2026-04-27 05:00:00,UP,Moderate,77961.5,77637.8102480653,hard_stop,18.0,-0.004151917958667983,-0.004951917958667984
2026-04-26 11:00:00,2026-04-26 12:00:00,2026-04-26 12:00:00,UP,Moderate,78050.0,77733.0273732035,hard_stop,0.0,-0.00406114832538762,-0.0048611483253876205
2026-04-26 12:00:00,2026-04-26 13:00:00,2026-04-27 06:00:00,UP,Moderate,77795.4,77730.5,kernel_flip,17.0,-0.0008342395565803518,-0.0016342395565803517
2026-04-26 13:00:00,2026-04-26 14:00:00,2026-04-27 05:00:00,UP,Strong,77940.0,77609.45549016015,hard_stop,15.0,-0.004241012443416126,-0.005041012443416126
2026-04-26 14:00:00,2026-04-26 15:00:00,2026-04-27 05:00:00,UP,Moderate,78053.5,77714.85152657729,hard_stop,14.0,-0.004338671211703615,-0.005138671211703616
2026-04-26 15:00:00,2026-04-26 16:00:00,2026-04-27 05:00:00,UP,Moderate,78007.9,77674.28356039319,hard_stop,13.0,-0.0042767006880944924,-0.005076700688094493
2026-04-26 16:00:00,2026-04-26 17:00:00,2026-04-27 05:00:00,UP,Moderate,77890.1,77562.55973465083,hard_stop,12.0,-0.004205159132536385,-0.005005159132536385
2026-04-26 17:00:00,2026-04-26 18:00:00,2026-04-27 05:00:00,UP,Moderate,77976.7,77649.85189646148,hard_stop,11.0,-0.0041916124116373465,-0.004991612411637347
2026-04-26 18:00:00,2026-04-26 19:00:00,2026-04-26 21:00:00,UP,Strong,78238.1,77893.83033242852,hard_stop,2.0,-0.004400281545327456,-0.005200281545327456
2026-04-26 19:00:00,2026-04-26 20:00:00,2026-04-26 21:00:00,UP,Strong,78183.2,77808.87816582648,hard_stop,1.0,-0.004787752793100286,-0.0055877527931002865
2026-04-26 20:00:00,2026-04-26 21:00:00,2026-04-27 05:00:00,UP,Moderate,78150.0,77775.83329683887,hard_stop,8.0,-0.004787801703917238,-0.005587801703917239
2026-04-26 21:00:00,2026-04-26 22:00:00,2026-04-27 05:00:00,UP,Strong,78369.6,77891.68091849325,hard_stop,7.0,-0.006098271287677259,-0.00689827128767726
2026-04-26 22:00:00,2026-04-26 23:00:00,2026-04-27 05:00:00,UP,Strong,78274.7,77733.88942431514,hard_stop,6.0,-0.006909136358042245,-0.007709136358042245
2026-04-26 23:00:00,2026-04-27 00:00:00,2026-04-27 05:00:00,UP,Strong,78614.4,78017.69732257834,hard_stop,5.0,-0.0075902465378053785,-0.008390246537805379
2026-04-27 00:00:00,2026-04-27 01:00:00,2026-04-27 05:00:00,UP,Strong,79264.1,78600.85108525134,hard_stop,4.0,-0.008367582736051538,-0.009167582736051538
2026-04-27 01:00:00,2026-04-27 02:00:00,2026-04-27 05:00:00,UP,Strong,79245.3,78545.5117220191,hard_stop,3.0,-0.008830659710808098,-0.009630659710808098
2026-04-27 02:00:00,2026-04-27 03:00:00,2026-04-27 05:00:00,UP,Strong,79082.9,78402.65731330344,hard_stop,2.0,-0.008601640641612174,-0.009401640641612174
2026-04-27 04:00:00,2026-04-27 05:00:00,2026-04-27 05:00:00,UP,Moderate,78882.6,78240.13793851165,hard_stop,0.0,-0.008144534555001526,-0.008944534555001526
