era,feature,h,n,ic_all,mo_mean_ic,n_months,mo_sign_share,halves_agree,top5_net_bps,top5_ci_lo
A_ohlcv15mo,ti_5,5,653751,-0.0257,-0.0257,15,1.0,True,,
A_ohlcv15mo,dz_5,5,653036,-0.0303,-0.0298,15,1.0,True,,
A_ohlcv15mo,ret_5,5,653750,-0.0326,-0.0312,15,1.0,True,,
A_ohlcv15mo,ti_15,5,653741,-0.0267,-0.0268,15,1.0,True,,
A_ohlcv15mo,dz_15,5,653036,-0.0297,-0.0294,15,1.0,True,,
A_ohlcv15mo,ret_15,5,653740,-0.0345,-0.0336,15,1.0,True,,
A_ohlcv15mo,ti_60,5,653696,-0.022,-0.0223,15,1.0,True,,
A_ohlcv15mo,dz_60,5,653036,-0.0207,-0.0206,15,1.0,True,,
A_ohlcv15mo,ret_60,5,653695,-0.0306,-0.0298,15,1.0,True,,
A_ohlcv15mo,vshock_60,5,653696,0.0001,0.0004,15,0.53,False,,
A_ohlcv15mo,ti_5,15,653741,-0.026,-0.0262,15,1.0,True,,
A_ohlcv15mo,dz_5,15,653026,-0.03,-0.03,15,1.0,True,,
A_ohlcv15mo,ret_5,15,653740,-0.0306,-0.0302,15,1.0,True,,
A_ohlcv15mo,ti_15,15,653731,-0.0332,-0.0336,15,1.0,True,,
A_ohlcv15mo,dz_15,15,653026,-0.0349,-0.0352,15,1.0,True,,
A_ohlcv15mo,ret_15,15,653730,-0.0405,-0.0408,15,1.0,True,,
A_ohlcv15mo,ti_60,15,653686,-0.0255,-0.026,15,0.93,True,,
A_ohlcv15mo,dz_60,15,653026,-0.0246,-0.0246,15,0.93,True,,
A_ohlcv15mo,ret_60,15,653685,-0.0348,-0.0348,15,1.0,True,,
A_ohlcv15mo,vshock_60,15,653686,-0.0022,-0.0022,15,0.53,True,,
A_ohlcv15mo,ti_5,30,653726,-0.0245,-0.0249,15,1.0,True,-7.59,-7.8
A_ohlcv15mo,dz_5,30,653011,-0.0267,-0.027,15,1.0,True,-6.77,-7.34
A_ohlcv15mo,ret_5,30,653725,-0.0279,-0.0283,15,1.0,True,-7.41,-8.15
A_ohlcv15mo,ti_15,30,653716,-0.0332,-0.034,15,0.93,True,-7.1,-7.37
A_ohlcv15mo,dz_15,30,653011,-0.033,-0.0338,15,1.0,True,-6.19,-6.73
A_ohlcv15mo,ret_15,30,653715,-0.0385,-0.0398,15,1.0,True,-6.63,-7.44
A_ohlcv15mo,ti_60,30,653671,-0.0214,-0.022,15,0.93,True,-7.61,-7.87
A_ohlcv15mo,dz_60,30,653011,-0.0221,-0.0219,15,0.93,True,-8.15,-8.7
A_ohlcv15mo,ret_60,30,653670,-0.0317,-0.0318,15,1.0,True,-5.13,-5.91
A_ohlcv15mo,vshock_60,30,653671,-0.0012,-0.0013,15,0.47,True,-7.35,-7.82
A_ohlcv15mo,ti_5,60,653696,-0.0192,-0.0193,15,1.0,True,-7.41,-7.73
A_ohlcv15mo,dz_5,60,652981,-0.0204,-0.0204,15,1.0,True,-7.25,-7.99
A_ohlcv15mo,ret_5,60,653695,-0.0236,-0.024,15,1.0,True,-6.97,-7.82
A_ohlcv15mo,ti_15,60,653686,-0.0224,-0.0228,15,0.93,True,-7.33,-7.68
A_ohlcv15mo,dz_15,60,652981,-0.0218,-0.0219,15,1.0,True,-7.31,-7.97
A_ohlcv15mo,ret_15,60,653685,-0.0282,-0.0288,15,1.0,True,-5.31,-6.3
A_ohlcv15mo,ti_60,60,653641,-0.0167,-0.0169,15,0.87,True,-8.39,-8.74
A_ohlcv15mo,dz_60,60,652981,-0.0171,-0.0164,15,0.8,True,-9.53,-10.27
A_ohlcv15mo,ret_60,60,653640,-0.0256,-0.025,15,0.8,True,-4.9,-5.84
A_ohlcv15mo,vshock_60,60,653641,-0.0014,-0.0016,15,0.53,False,-7.28,-7.86
A_ohlcv15mo,ti_5,120,653636,-0.0147,-0.0147,15,1.0,True,,
A_ohlcv15mo,dz_5,120,652921,-0.016,-0.0161,15,1.0,True,,
A_ohlcv15mo,ret_5,120,653635,-0.0173,-0.0178,15,1.0,True,,
A_ohlcv15mo,ti_15,120,653626,-0.0196,-0.0197,15,0.93,True,,
A_ohlcv15mo,dz_15,120,652921,-0.0189,-0.019,15,0.93,True,,
A_ohlcv15mo,ret_15,120,653625,-0.0222,-0.0229,15,1.0,True,,
A_ohlcv15mo,ti_60,120,653581,-0.0209,-0.0209,15,0.87,True,,
A_ohlcv15mo,dz_60,120,652921,-0.0207,-0.0206,15,0.73,True,,
A_ohlcv15mo,ret_60,120,653580,-0.0243,-0.0248,15,0.87,True,,
A_ohlcv15mo,vshock_60,120,653581,-0.0012,-0.0011,15,0.53,True,,
A_ohlcv15mo,ti_5,240,653516,-0.01,-0.0103,15,0.8,True,,
A_ohlcv15mo,dz_5,240,652801,-0.0114,-0.012,15,0.87,True,,
A_ohlcv15mo,ret_5,240,653515,-0.0105,-0.0115,15,1.0,True,,
A_ohlcv15mo,ti_15,240,653506,-0.0135,-0.0143,15,0.73,True,,
A_ohlcv15mo,dz_15,240,652801,-0.0141,-0.0151,15,0.8,True,,
A_ohlcv15mo,ret_15,240,653505,-0.0132,-0.0152,15,0.93,True,,
A_ohlcv15mo,ti_60,240,653461,-0.0095,-0.0116,15,0.6,False,,
A_ohlcv15mo,dz_60,240,652801,-0.0092,-0.0117,15,0.67,False,,
A_ohlcv15mo,ret_60,240,653460,-0.0108,-0.0136,15,0.67,True,,
A_ohlcv15mo,vshock_60,240,653461,-0.0006,-0.001,15,0.67,False,,
B_flow90d,ti_5,5,93147,0.0043,0.0059,3,0.67,True,,
B_flow90d,dz_5,5,93147,-0.003,-0.002,3,0.67,True,,
B_flow90d,ret_5,5,92620,-0.0405,-0.0412,3,1.0,True,,
B_flow90d,ti_15,5,93137,-0.0043,-0.0036,3,0.67,True,,
B_flow90d,dz_15,5,93137,-0.0064,-0.0073,3,1.0,True,,
B_flow90d,ret_15,5,92427,-0.0348,-0.0363,3,1.0,True,,
B_flow90d,ti_60,5,93092,-0.0112,-0.0114,3,1.0,True,,
B_flow90d,dz_60,5,93092,-0.0153,-0.0148,3,1.0,True,,
B_flow90d,ret_60,5,91902,-0.026,-0.0258,3,1.0,True,,
B_flow90d,vshock_60,5,93092,0.0016,0.001,3,0.67,False,,
B_flow90d,obi,5,93151,0.034,0.0356,3,1.0,True,,
B_flow90d,liq_z15,5,93151,0.0074,0.0105,3,1.0,True,,
B_flow90d,liq_dir15,5,93151,-0.0024,-0.0011,3,0.67,False,,
B_flow90d,ti_5,15,92954,0.0041,0.0056,3,0.67,False,,
B_flow90d,dz_5,15,92954,-0.0009,-0.0003,3,0.67,False,,
B_flow90d,ret_5,15,92422,-0.0299,-0.031,3,1.0,True,,
B_flow90d,ti_15,15,92944,-0.0095,-0.0093,3,1.0,True,,
B_flow90d,dz_15,15,92944,-0.0101,-0.0108,3,1.0,True,,
B_flow90d,ret_15,15,92246,-0.0323,-0.0332,3,1.0,True,,
B_flow90d,ti_60,15,92899,-0.0179,-0.017,3,1.0,True,,
B_flow90d,dz_60,15,92899,-0.0258,-0.0231,3,1.0,True,,
B_flow90d,ret_60,15,91747,-0.0279,-0.0265,3,1.0,True,,
B_flow90d,vshock_60,15,92899,0.0145,0.0153,3,1.0,True,,
B_flow90d,obi,15,92958,0.0163,0.0166,3,1.0,True,,
B_flow90d,liq_z15,15,92958,0.0144,0.0185,3,1.0,True,,
B_flow90d,liq_dir15,15,92958,-0.0031,-0.0006,3,0.67,False,,
B_flow90d,ti_5,30,92717,0.0015,0.0008,3,0.67,False,-7.56,-8.25
B_flow90d,dz_5,30,92717,-0.0019,-0.0033,3,0.67,False,-8.21,-9.55
B_flow90d,ret_5,30,92189,-0.0184,-0.0209,3,1.0,True,-7.86,-9.37
B_flow90d,ti_15,30,92707,-0.0092,-0.0082,3,1.0,False,-8.25,-8.87
B_flow90d,dz_15,30,92707,-0.0133,-0.0117,3,1.0,False,-7.35,-8.6
B_flow90d,ret_15,30,92028,-0.0286,-0.0277,3,1.0,True,-8.56,-10.23
B_flow90d,ti_60,30,92662,-0.0233,-0.0195,3,1.0,True,-7.98,-8.81
B_flow90d,dz_60,30,92662,-0.0316,-0.0257,3,1.0,True,-5.4,-6.6
B_flow90d,ret_60,30,91559,-0.0317,-0.0268,3,1.0,True,-3.4,-4.95
B_flow90d,vshock_60,30,92662,0.0044,0.0069,3,0.67,True,-6.9,-7.84
B_flow90d,obi,30,92721,0.0152,0.0146,3,1.0,True,-7.25,-8.14
B_flow90d,liq_z15,30,92721,0.0085,0.0134,3,0.67,True,-6.68,-7.88
B_flow90d,liq_dir15,30,92721,-0.0092,-0.0064,3,0.67,True,-6.38,-7.08
B_flow90d,ti_5,60,92433,-0.0003,0.0005,3,0.67,False,-8.15,-9.02
B_flow90d,dz_5,60,92433,-0.0063,-0.0068,3,1.0,True,-5.64,-7.22
B_flow90d,ret_5,60,91909,-0.0192,-0.0197,3,1.0,True,-5.28,-7.32
B_flow90d,ti_15,60,92423,-0.0143,-0.013,3,1.0,True,-9.4,-10.32
B_flow90d,dz_15,60,92423,-0.0225,-0.0216,3,1.0,True,-4.52,-6.17
B_flow90d,ret_15,60,91777,-0.0318,-0.0307,3,1.0,True,-5.62,-7.49
B_flow90d,ti_60,60,92378,-0.0307,-0.0247,3,0.67,True,-10.02,-11.21
B_flow90d,dz_60,60,92378,-0.0384,-0.0323,3,1.0,True,-5.18,-6.89
B_flow90d,ret_60,60,91318,-0.0421,-0.0412,3,1.0,True,-1.78,-3.88
B_flow90d,vshock_60,60,92378,-0.0028,-0.0,3,0.33,False,-7.99,-9.39
B_flow90d,obi,60,92437,0.0102,0.0097,3,1.0,True,-7.1,-8.6
B_flow90d,liq_z15,60,92437,0.0052,0.0144,3,1.0,False,-6.55,-7.99
B_flow90d,liq_dir15,60,92437,0.0056,0.0083,3,0.67,False,-8.76,-9.77
B_flow90d,ti_5,120,92063,-0.0041,0.0009,3,0.67,False,,
B_flow90d,dz_5,120,92063,-0.0085,-0.0055,3,0.67,True,,
B_flow90d,ret_5,120,91519,-0.0168,-0.0171,3,1.0,True,,
B_flow90d,ti_15,120,92053,-0.0125,-0.0075,3,0.33,True,,
B_flow90d,dz_15,120,92053,-0.0186,-0.0159,3,1.0,True,,
B_flow90d,ret_15,120,91360,-0.0297,-0.0312,3,1.0,True,,
B_flow90d,ti_60,120,92009,-0.0292,-0.0282,3,0.67,True,,
B_flow90d,dz_60,120,92009,-0.0391,-0.0405,3,1.0,True,,
B_flow90d,ret_60,120,90921,-0.0437,-0.051,3,1.0,True,,
B_flow90d,vshock_60,120,92009,0.005,0.0005,3,0.33,False,,
B_flow90d,obi,120,92067,0.0062,0.005,3,0.67,True,,
B_flow90d,liq_z15,120,92067,0.0198,0.0319,3,1.0,True,,
B_flow90d,liq_dir15,120,92067,0.0022,-0.004,3,0.33,False,,
B_flow90d,ti_5,240,91625,-0.0044,-0.0027,3,0.67,True,,
B_flow90d,dz_5,240,91625,-0.0083,-0.0087,3,1.0,True,,
B_flow90d,ret_5,240,91079,-0.0168,-0.0183,3,1.0,True,,
B_flow90d,ti_15,240,91615,-0.0197,-0.0192,3,1.0,True,,
B_flow90d,dz_15,240,91615,-0.0241,-0.026,3,1.0,True,,
B_flow90d,ret_15,240,90918,-0.035,-0.0361,3,1.0,True,,
B_flow90d,ti_60,240,91570,-0.0361,-0.039,3,1.0,True,,
B_flow90d,dz_60,240,91570,-0.0413,-0.0474,3,1.0,True,,
B_flow90d,ret_60,240,90490,-0.0614,-0.0618,3,1.0,True,,
B_flow90d,vshock_60,240,91570,0.003,0.0035,3,0.67,False,,
B_flow90d,obi,240,91629,0.0071,0.0061,3,0.67,True,,
B_flow90d,liq_z15,240,91629,-0.0033,0.0103,3,0.67,False,,
B_flow90d,liq_dir15,240,91629,0.0111,-0.0027,3,0.33,False,,
