signal_ts,entry_ts,exit_ts,direction,tier,exit_reason,hold_h,stop_pct,size_frac,cap_bound,price_ret_pct,equity_ret_pct,equity_after,regime
2025-12-01 08:00:00,2025-12-01 09:00:00,2025-12-01 12:00:00,UP,Strong,trail_stop,3.0,2.147167320605635,0.9314597799652965,False,-2.060772739273764,-1.9940437046796489,980.0595629532036,BEAR
2025-12-01 12:00:00,2025-12-01 13:00:00,2025-12-01 15:00:00,UP,Strong,trail_stop,2.0,2.2738764360006205,0.8795552688507893,False,-0.8350553161160401,-0.8048417245797856,972.1716346648219,BEAR
2025-12-01 15:00:00,2025-12-01 16:00:00,2025-12-04 14:00:00,UP,Strong,trail_stop,70.0,2.7901896401523523,0.7167971564437442,False,8.47383871188545,6.016679720326912,1030.664088254471,BEAR
2025-12-09 04:00:00,2025-12-09 05:00:00,2025-12-09 09:00:00,UP,Moderate,opp_signal,4.0,2.216270280101822,0.9024170102159715,False,0.6494554121098783,0.5138862504475039,1035.9605292923109,CHOPPY
2025-12-09 09:00:00,2025-12-09 10:00:00,2025-12-09 12:00:00,DOWN,Moderate,opp_signal,2.0,1.99584121963131,1.0,True,-0.26859045504994405,-0.34859045504994635,1032.3492697691129,CHOPPY
2025-12-09 12:00:00,2025-12-09 13:00:00,2025-12-09 19:00:00,UP,Moderate,opp_signal,6.0,1.8362275026308075,1.0,True,3.7052910163951847,3.6252910163951935,1069.774935103874,CHOPPY
2025-12-09 19:00:00,2025-12-09 20:00:00,2025-12-09 21:00:00,DOWN,Strong,opp_signal,1.0,2.4878890126195032,0.803894381885708,False,0.7323870356722662,0.5244502727919986,1075.3853726692867,BULL
2025-12-09 21:00:00,2025-12-09 22:00:00,2025-12-10 21:00:00,UP,Moderate,trail_stop,23.0,2.6384017087181384,0.758034681902816,False,-0.6376716177375674,-0.5440199764623732,1069.5350614180113,BULL
2025-12-10 21:00:00,2025-12-10 22:00:00,2025-12-11 02:00:00,UP,Moderate,trail_stop,4.0,2.6111101245241124,0.7659577362193829,False,-2.2308626278201293,-1.7700231071190786,1050.6040436921724,CHOPPY
2025-12-11 02:00:00,2025-12-11 03:00:00,2025-12-11 23:00:00,UP,Moderate,opp_signal,20.0,2.686459938631414,0.7444741576972397,False,2.5445829594021863,1.8348183227759218,1069.880719185661,CHOPPY
2025-12-11 23:00:00,2025-12-12 00:00:00,2025-12-12 09:00:00,DOWN,Strong,opp_signal,9.0,2.6985483633556093,0.7411392091980247,False,0.17971919686498028,0.07390580670636471,1070.671423161971,CHOPPY
2025-12-12 09:00:00,2025-12-12 10:00:00,2025-12-12 15:00:00,DOWN,Strong,opp_signal,5.0,2.175296221840887,0.9194150111231568,False,0.09591086669038518,0.01462868967512243,1070.8280483619055,BULL
2025-12-12 15:00:00,2025-12-12 16:00:00,2025-12-12 22:00:00,UP,Moderate,opp_signal,6.0,2.455716705925018,0.8144261897858618,False,0.2846654430168405,0.16668489693703048,1072.6129569906905,CHOPPY
2025-12-12 22:00:00,2025-12-12 23:00:00,2025-12-15 02:00:00,DOWN,Strong,trail_stop,51.0,2.118949782473436,0.9438638029757428,False,0.9713755633109833,0.8413371290663552,1081.6372480490297,BEAR
2025-12-15 12:00:00,2025-12-15 13:00:00,2025-12-15 16:00:00,DOWN,Strong,opp_signal,3.0,1.4390537163211075,1.0,True,2.9683943076962427,2.8883943076962515,1112.8791967516004,CHOPPY
2025-12-15 16:00:00,2025-12-15 17:00:00,2025-12-17 15:00:00,UP,Moderate,trail_stop,46.0,2.308933071990315,0.8662009411455079,False,1.5174646139914927,1.2451332015027905,1126.736025122972,BEAR
2025-12-17 15:00:00,2025-12-17 16:00:00,2025-12-18 17:00:00,UP,Moderate,trail_stop,25.0,3.2099497211747283,0.6230627186484624,False,-0.6214944907037001,-0.43707506449476297,1121.81134291448,BEAR
2025-12-19 03:00:00,2025-12-19 04:00:00,2025-12-19 07:00:00,UP,Moderate,opp_signal,3.0,3.1781265151351232,0.6293015682275213,False,0.6755449948885106,0.3747773992333947,1126.01563828976,CHOPPY
2025-12-19 08:00:00,2025-12-19 09:00:00,2025-12-22 00:00:00,DOWN,Strong,trail_stop,63.0,2.8206100347234897,0.7090664697986385,False,-1.3810757002909568,-1.0359997889138772,1114.3501186539409,BULL
2025-12-22 03:00:00,2025-12-22 04:00:00,2025-12-22 07:00:00,UP,Moderate,opp_signal,3.0,1.6528822877913862,1.0,True,0.15767395415622332,0.07767395415623213,1115.215678454244,CHOPPY
2025-12-22 07:00:00,2025-12-22 08:00:00,2025-12-22 12:00:00,DOWN,Strong,trail_stop,4.0,1.4836667919751247,1.0,True,-1.396488605146784,-1.4764886051467863,1098.7496460390566,CHOPPY
2025-12-22 12:00:00,2025-12-22 13:00:00,2025-12-23 00:00:00,DOWN,Strong,opp_signal,11.0,1.6131160665146442,1.0,True,1.7629797540678172,1.6829797540678149,1117.2413801297857,CHOPPY
2025-12-23 02:00:00,2025-12-23 03:00:00,2025-12-23 14:00:00,UP,Moderate,trail_stop,11.0,1.9297379784244777,1.0,True,-1.7320465335983082,-1.8120465335983105,1096.996446429218,CHOPPY
2025-12-23 16:00:00,2025-12-23 17:00:00,2025-12-25 05:00:00,DOWN,Moderate,opp_signal,36.0,1.9716946948968948,1.0,True,0.24931843865039216,0.16931843865040097,1098.8538636843623,CHOPPY
2025-12-25 05:00:00,2025-12-25 06:00:00,2025-12-25 18:00:00,UP,Strong,opp_signal,12.0,1.214584355628977,1.0,True,0.44466690458246916,0.36466690458247797,1102.8610200549451,CHOPPY
2025-12-25 18:00:00,2025-12-25 19:00:00,2025-12-26 00:00:00,DOWN,Moderate,opp_signal,5.0,1.127796610821954,1.0,True,1.1516068867384321,1.071606886738441,1114.6793546970077,CHOPPY
2025-12-26 00:00:00,2025-12-26 01:00:00,2025-12-26 03:00:00,UP,Strong,opp_signal,2.0,1.3340520838946708,1.0,True,2.374018767999786,2.2940187679997948,1140.2503082967762,CHOPPY
2025-12-26 03:00:00,2025-12-26 04:00:00,2025-12-26 17:00:00,DOWN,Strong,opp_signal,13.0,1.728972872091221,1.0,True,2.2236311914248574,2.1436311914248662,1164.693069565744,BULL
2025-12-26 17:00:00,2025-12-26 18:00:00,2025-12-26 20:00:00,UP,Moderate,opp_signal,2.0,1.9483657064645328,1.0,True,0.18925746232321128,0.10925746232322009,1165.9655836574061,BEAR
2025-12-26 21:00:00,2025-12-26 22:00:00,2025-12-29 02:00:00,DOWN,Moderate,trail_stop,52.0,1.7258981505158772,1.0,True,-1.4671745204243303,-1.5471745204243326,1147.9260612301418,CHOPPY
2025-12-29 03:00:00,2025-12-29 04:00:00,2025-12-29 14:00:00,DOWN,Moderate,opp_signal,10.0,1.2995940374768316,1.0,True,3.0382444514743256,2.9582444514743234,1181.8845202435102,CHOPPY
2025-12-29 14:00:00,2025-12-29 15:00:00,2025-12-29 20:00:00,UP,Strong,opp_signal,5.0,1.8333536365105998,1.0,True,-0.08135011441647855,-0.16135011441648084,1179.9775482178266,CHOPPY
2025-12-29 22:00:00,2025-12-29 23:00:00,2025-12-30 03:00:00,DOWN,Moderate,opp_signal,4.0,1.697919983568324,1.0,True,0.27978483023370915,0.19978483023370686,1182.3349643593294,BEAR
2025-12-30 04:00:00,2025-12-30 05:00:00,2025-12-30 09:00:00,DOWN,Moderate,opp_signal,4.0,1.4927114364627485,1.0,True,-0.6473600795763534,-0.7273600795763557,1173.7351318217063,CHOPPY
2025-12-30 10:00:00,2025-12-30 11:00:00,2025-12-30 13:00:00,UP,Moderate,opp_signal,2.0,1.4021572683856354,1.0,True,0.08986023889174799,0.0098602388917568,1173.8508649096605,CHOPPY
2025-12-30 13:00:00,2025-12-30 14:00:00,2025-12-30 15:00:00,DOWN,Strong,trail_stop,1.0,1.2778252193668904,1.0,True,-0.9579656532722192,-1.0379656532722215,1161.6666961112592,CHOPPY
2025-12-30 15:00:00,2025-12-30 16:00:00,2025-12-30 17:00:00,DOWN,Moderate,opp_signal,1.0,1.5914960973932746,1.0,True,0.30123596667520625,0.22123596667520395,1164.2367206559447,CHOPPY
2025-12-30 17:00:00,2025-12-30 18:00:00,2025-12-31 15:00:00,DOWN,Moderate,opp_signal,21.0,1.7620515230553118,1.0,True,-0.1281554892890613,-0.20815548928906358,1161.8132980135804,CHOPPY
2025-12-31 15:00:00,2025-12-31 16:00:00,2026-01-02 14:00:00,UP,Moderate,trail_stop,46.0,1.4005325841969236,1.0,True,0.8643094683801866,0.7843094683801954,1170.9255097148011,CHOPPY
2026-01-03 20:00:00,2026-01-03 21:00:00,2026-01-04 00:00:00,DOWN,Moderate,trail_stop,3.0,1.0602817879792086,1.0,True,-1.0298389049164136,-1.109838904916416,1157.9301228603954,CHOPPY
2026-01-04 00:00:00,2026-01-04 01:00:00,2026-01-05 00:00:00,DOWN,Moderate,trail_stop,23.0,1.197020943550547,1.0,True,-0.6370076250253209,-0.7170076250253232,1149.6276755870213,CHOPPY
2026-01-05 02:00:00,2026-01-05 03:00:00,2026-01-05 14:00:00,DOWN,Moderate,trail_stop,11.0,1.3291591506639095,1.0,True,-0.3738982255996781,-0.4538982255996804,1144.409535966529,CHOPPY
2026-01-05 15:00:00,2026-01-05 16:00:00,2026-01-05 20:00:00,DOWN,Moderate,trail_stop,4.0,1.6090249000708157,1.0,True,-0.8646159543839183,-0.9446159543839205,1133.599260906298,CHOPPY
2026-01-05 20:00:00,2026-01-05 21:00:00,2026-01-06 21:00:00,DOWN,Moderate,trail_stop,24.0,1.795955043282455,1.0,True,1.3082295505282948,1.2282295505283036,1147.5224620133197,CHOPPY
2026-01-07 01:00:00,2026-01-07 02:00:00,2026-01-07 19:00:00,DOWN,Moderate,opp_signal,17.0,2.2094199442147344,0.9052149661439007,False,1.675439583748184,1.444215788787262,1164.0951625895964,BEAR
2026-01-11 20:00:00,2026-01-11 21:00:00,2026-01-12 00:00:00,DOWN,Moderate,trail_stop,3.0,0.7812001974798547,1.0,True,-0.342179402609033,-0.4221794026090353,1159.180592586375,CHOPPY
2026-01-12 02:00:00,2026-01-12 03:00:00,2026-01-12 15:00:00,DOWN,Moderate,opp_signal,12.0,1.2574383545833008,1.0,True,1.4279235489666808,1.3479235489666896,1174.8054607688985,CHOPPY
2026-01-13 08:00:00,2026-01-13 09:00:00,2026-01-13 15:00:00,DOWN,Moderate,trail_stop,6.0,1.5778737821785473,1.0,True,-1.1034751375412322,-1.1834751375412345,1160.9019302262218,CHOPPY
2026-01-13 17:00:00,2026-01-13 18:00:00,2026-01-13 22:00:00,DOWN,Moderate,trail_stop,4.0,1.886546526694571,1.0,True,-1.8309614616933034,-1.9109614616933057,1138.717541731545,CHOPPY
2026-01-14 03:00:00,2026-01-14 04:00:00,2026-01-14 14:00:00,DOWN,Moderate,trail_stop,10.0,2.145228914096272,0.9323014373235534,False,-0.8362944590779353,-0.8542626412099685,1128.9899031836278,BULL
2026-01-16 04:00:00,2026-01-16 05:00:00,2026-01-19 05:00:00,DOWN,Strong,time_cap,72.0,1.7231057704921033,1.0,True,2.9002429819790065,2.8202429819790042,1160.8301616954157,CHOPPY
2026-01-20 05:00:00,2026-01-20 06:00:00,2026-01-20 13:00:00,UP,Strong,opp_signal,7.0,1.3816941552359516,1.0,True,-0.3822465528479646,-0.4622465528479669,1155.4642642885592,CHOPPY
2026-01-20 13:00:00,2026-01-20 14:00:00,2026-01-20 15:00:00,UP,Moderate,trail_stop,1.0,1.3839135848611255,1.0,True,-0.9155846327169037,-0.995584632716906,1143.960639636767,CHOPPY
2026-01-20 16:00:00,2026-01-20 17:00:00,2026-01-20 22:00:00,UP,Strong,trail_stop,5.0,1.7850886800564907,1.0,True,-1.4074195333180661,-1.4874195333180684,1126.9451456293393,CHOPPY
2026-01-20 22:00:00,2026-01-20 23:00:00,2026-01-21 07:00:00,UP,Strong,opp_signal,8.0,2.184586378923897,0.9155051131396222,False,1.299326656033939,1.1162997881865033,1139.5252319029778,CHOPPY
2026-01-21 10:00:00,2026-01-21 11:00:00,2026-01-21 12:00:00,DOWN,Moderate,opp_signal,1.0,1.8594235533830228,1.0,True,0.49752917014197484,0.41752917014197255,1144.2830821473008,CHOPPY
2026-01-21 12:00:00,2026-01-21 13:00:00,2026-01-21 16:00:00,UP,Strong,trail_stop,3.0,1.9487123636068224,1.0,True,0.20141306977254914,0.12141306977255795,1145.6723913642238,CHOPPY
2026-01-21 16:00:00,2026-01-21 17:00:00,2026-01-22 02:00:00,UP,Moderate,opp_signal,9.0,2.74272943664052,0.7292006179252355,False,2.8651600060756843,2.030940397451042,1168.9403147828832,BEAR
2026-01-22 02:00:00,2026-01-22 03:00:00,2026-01-22 16:00:00,DOWN,Moderate,opp_signal,13.0,2.6659184950339743,0.7502104823255341,False,1.0547051842063393,0.731234046368634,1177.4880043463043,BULL
2026-01-22 16:00:00,2026-01-22 17:00:00,2026-01-22 19:00:00,DOWN,Strong,opp_signal,2.0,1.9696174201421532,1.0,True,-0.3241321740224734,-0.4041321740224757,1172.7293964754856,BULL
2026-01-22 19:00:00,2026-01-22 20:00:00,2026-01-23 02:00:00,UP,Strong,opp_signal,6.0,1.9948254806161307,1.0,True,0.17931012962928428,0.09931012962929309,1173.8940355593263,CHOPPY
2026-01-23 02:00:00,2026-01-23 03:00:00,2026-01-23 10:00:00,DOWN,Strong,opp_signal,7.0,1.721739544793471,1.0,True,0.7491242733896342,0.6691242733896319,1181.748845495127,CHOPPY
2026-01-23 10:00:00,2026-01-23 11:00:00,2026-01-23 16:00:00,UP,Strong,opp_signal,5.0,1.5238970175548734,1.0,True,0.7803038983740018,0.7003038983740106,1190.0246787291192,CHOPPY
2026-01-23 16:00:00,2026-01-23 17:00:00,2026-01-23 21:00:00,DOWN,Strong,opp_signal,4.0,1.8746193017312511,1.0,True,0.6911703158668403,0.611170315866838,1197.2977563170011,CHOPPY
2026-01-23 21:00:00,2026-01-23 22:00:00,2026-01-25 01:00:00,UP,Strong,opp_signal,27.0,2.15091628968561,0.9298362793525224,False,-0.028555047412581747,-0.10093842139105025,1196.0892228624243,CHOPPY
2026-01-25 03:00:00,2026-01-25 04:00:00,2026-01-25 08:00:00,UP,Moderate,trail_stop,4.0,0.7808605061253717,1.0,True,-0.6258897458914503,-0.7058897458914526,1187.6461516865256,CHOPPY
2026-01-25 08:00:00,2026-01-25 09:00:00,2026-01-25 16:00:00,UP,Strong,trail_stop,7.0,0.8838094021391834,1.0,True,-0.09949034450044136,-0.17949034450044365,1185.5144415174173,CHOPPY
2026-01-25 19:00:00,2026-01-25 20:00:00,2026-01-26 16:00:00,UP,Moderate,trail_stop,20.0,1.5935561421887023,1.0,True,1.1530509358155694,1.0730509358155782,1198.2356153263488,CHOPPY
2026-01-26 16:00:00,2026-01-26 17:00:00,2026-01-27 20:00:00,UP,Moderate,opp_signal,27.0,2.0167400188328686,0.9916994661302173,False,0.911857226862467,0.8249523677760662,1208.1204884065196,CHOPPY
2026-01-27 23:00:00,2026-01-28 00:00:00,2026-01-28 12:00:00,DOWN,Moderate,opp_signal,12.0,1.9718421949320781,1.0,True,-0.9407182688362159,-1.0207182688362182,1195.7889818718008,BULL
2026-01-28 12:00:00,2026-01-28 13:00:00,2026-01-28 15:00:00,UP,Moderate,trail_stop,2.0,1.6331006770121257,1.0,True,-1.0889391027121165,-1.1689391027121188,1181.8109368767782,BULL
2026-01-28 15:00:00,2026-01-28 16:00:00,2026-01-28 21:00:00,UP,Strong,trail_stop,5.0,1.839894713180675,1.0,True,-0.5561936471564888,-0.6361936471564911,1174.2923307749675,BULL
2026-01-28 21:00:00,2026-01-28 22:00:00,2026-01-29 13:00:00,UP,Moderate,opp_signal,15.0,2.198772340581711,0.9095984896148352,False,-1.4496013176769629,-1.3913230482718308,1157.9541309228068,CHOPPY
2026-01-29 13:00:00,2026-01-29 14:00:00,2026-01-29 16:00:00,DOWN,Moderate,opp_signal,2.0,1.5394227287822568,1.0,True,3.5347601603476164,3.4547601603476252,1197.9586689130276,CHOPPY
2026-01-29 16:00:00,2026-01-29 17:00:00,2026-01-29 18:00:00,UP,Moderate,trail_stop,1.0,2.4220994939555247,0.8257299111746252,False,-1.9929094054541352,-1.711663299238686,1177.453650037195,BEAR
2026-01-29 18:00:00,2026-01-29 19:00:00,2026-01-30 01:00:00,UP,Strong,trail_stop,6.0,2.8469212046050845,0.7025132963865902,False,-1.3379471775104457,-0.9961267457749279,1165.7247193100714,BEAR
2026-01-30 01:00:00,2026-01-30 02:00:00,2026-01-31 14:00:00,UP,Moderate,trail_stop,36.0,3.1665533862729385,0.6316015414962001,False,-0.5410813459792219,-0.3922759355150074,1161.151861761868,BEAR
2026-01-31 21:00:00,2026-01-31 22:00:00,2026-02-01 23:00:00,UP,Moderate,trail_stop,25.0,4.228694113663994,0.4729592508328961,False,-2.766376615820476,-1.3462201518067318,1145.5202014057509,BEAR
2026-02-03 04:00:00,2026-02-03 05:00:00,2026-02-03 20:00:00,DOWN,Moderate,trail_stop,15.0,3.1966062939311612,0.6256635369194672,False,4.266243231571121,2.619179746669964,1175.5234345149834,BULL
2026-02-03 20:00:00,2026-02-03 21:00:00,2026-02-04 14:00:00,UP,Moderate,opp_signal,17.0,4.504163088896332,0.4440336552045378,False,-2.0849933077680793,-0.9613298919416202,1164.2227763522121,BEAR
2026-02-04 15:00:00,2026-02-04 16:00:00,2026-02-05 17:00:00,DOWN,Moderate,opp_signal,25.0,3.6355634965403616,0.5501210477834372,False,7.8862995398545355,4.294409682176137,1214.2192719819814,BEAR
2026-02-05 20:00:00,2026-02-05 21:00:00,2026-02-06 00:00:00,UP,Moderate,trail_stop,3.0,6.875565167074986,0.29088517836721245,False,-5.126413390394191,-1.5144684877182568,1195.8303037360122,BEAR
2026-02-06 02:00:00,2026-02-06 03:00:00,2026-02-09 03:00:00,UP,Moderate,time_cap,72.0,8.26759211411479,0.2419084023975389,False,9.72094784745272,2.3322262913752834,1223.7197724799764,BEAR
2026-02-09 03:00:00,2026-02-09 04:00:00,2026-02-09 08:00:00,UP,Moderate,opp_signal,4.0,3.3340908909832483,0.5998636706062279,False,-1.2295530505207042,-0.7855532997389281,1214.1068014277023,BULL
2026-02-09 08:00:00,2026-02-09 09:00:00,2026-02-09 17:00:00,DOWN,Moderate,trail_stop,8.0,3.2618601076714464,0.6131470798812846,False,-1.0273576367447523,-0.6789731013542855,1205.8633428242954,BEAR
2026-02-09 22:00:00,2026-02-09 23:00:00,2026-02-11 07:00:00,DOWN,Moderate,opp_signal,32.0,3.569599820072932,0.560286895117318,False,5.0443454251274495,2.7814576845345274,1239.4039214382667,CHOPPY
2026-02-11 10:00:00,2026-02-11 11:00:00,2026-02-11 15:00:00,UP,Moderate,trail_stop,4.0,2.8731347674376764,0.6961037897235998,False,0.08074447306336552,0.0005182305207629412,1239.4103444076632,BEAR
2026-02-11 20:00:00,2026-02-11 21:00:00,2026-02-12 16:00:00,DOWN,Moderate,opp_signal,19.0,3.7372668841448076,0.5351504353314753,False,0.6165279244349731,0.2871231523288609,1242.9689784588165,BEAR
2026-02-12 17:00:00,2026-02-12 18:00:00,2026-02-15 08:00:00,UP,Moderate,opp_signal,62.0,3.548059979777928,0.5636883286638179,False,8.259232409251215,4.610537846523743,1300.2765336312098,BEAR
2026-02-15 08:00:00,2026-02-15 09:00:00,2026-02-15 13:00:00,UP,Strong,opp_signal,4.0,2.0822058328283277,0.960519833566759,False,-1.5909358839061416,-1.6049670571102514,1279.4075236150939,CHOPPY
2026-02-15 14:00:00,2026-02-15 15:00:00,2026-02-15 22:00:00,UP,Moderate,opp_signal,7.0,2.2256040994192006,0.8986324209781628,False,-0.4785948489945624,-0.5019714414979171,1272.9852632261704,CHOPPY
2026-02-15 22:00:00,2026-02-15 23:00:00,2026-02-16 05:00:00,UP,Strong,opp_signal,6.0,2.1503910933503025,0.9300633759992032,False,-0.18821905333646916,-0.24946071825342475,1269.8096650452662,CHOPPY
2026-02-16 05:00:00,2026-02-16 06:00:00,2026-02-16 10:00:00,UP,Strong,opp_signal,4.0,2.1898112405018013,0.9133207296632995,False,0.8937806967363571,0.7432427797291474,1279.247433697018,CHOPPY
2026-02-16 10:00:00,2026-02-16 11:00:00,2026-02-16 12:00:00,DOWN,Strong,trail_stop,1.0,1.9116826990210982,1.0,True,-1.239799973096889,-1.3197999730968912,1262.3639264112421,CHOPPY
2026-02-16 12:00:00,2026-02-16 13:00:00,2026-02-16 16:00:00,DOWN,Strong,opp_signal,3.0,2.12101224772518,0.9429459929545586,False,3.2030720124807677,2.9448882398772636,1299.5391332245797,BEAR
2026-02-16 16:00:00,2026-02-16 17:00:00,2026-02-17 14:00:00,UP,Strong,trail_stop,21.0,2.778055907977819,0.7199279158697078,False,-0.752386125311777,-0.5992580083945653,1291.75154089651,BEAR
2026-02-19 04:00:00,2026-02-19 05:00:00,2026-02-19 13:00:00,DOWN,Moderate,opp_signal,8.0,2.1150378805834813,0.9456095412571308,False,0.42979191781540305,0.33076657494086614,1296.0242232250794,CHOPPY
2026-02-19 13:00:00,2026-02-19 14:00:00,2026-02-19 21:00:00,UP,Strong,opp_signal,7.0,2.06128060437404,0.9702706151486593,False,1.8936955756081675,1.7597755218377475,1318.8313402624822,BEAR
2026-02-20 03:00:00,2026-02-20 04:00:00,2026-02-20 12:00:00,DOWN,Moderate,opp_signal,8.0,1.9932686353129125,1.0,True,0.05465844413551357,-0.02534155586448872,1318.497127881631,CHOPPY
2026-02-20 14:00:00,2026-02-20 15:00:00,2026-02-20 16:00:00,UP,Strong,opp_signal,1.0,2.22423244176714,0.8991865968877836,False,0.7523507231158577,0.6045687586335946,1326.4683496002847,CHOPPY
2026-02-20 16:00:00,2026-02-20 17:00:00,2026-02-20 23:00:00,UP,Moderate,opp_signal,6.0,2.567819049092277,0.7788710815534293,False,0.42294342652060557,0.2671087175257325,1330.0114621972868,CHOPPY
2026-02-21 07:00:00,2026-02-21 08:00:00,2026-02-21 15:00:00,UP,Moderate,opp_signal,7.0,1.728075984093589,1.0,True,0.8781940696834356,0.7981940696834444,1340.6275348146557,CHOPPY
2026-02-21 15:00:00,2026-02-21 16:00:00,2026-02-22 16:00:00,DOWN,Moderate,opp_signal,24.0,1.5040768262022914,1.0,True,1.3292694486776613,1.24926944867767,1357.375585027656,CHOPPY
2026-02-22 17:00:00,2026-02-22 18:00:00,2026-02-23 00:00:00,UP,Moderate,trail_stop,6.0,1.3380853873390133,1.0,True,-0.7990806534197037,-0.879080653419706,1345.4431588654352,CHOPPY
2026-02-23 02:00:00,2026-02-23 03:00:00,2026-02-23 04:00:00,UP,Strong,opp_signal,1.0,2.2237972772301857,0.8993625545270328,False,0.23415839672549232,0.13864428948082708,1347.3085389734126,BEAR
2026-02-27 04:00:00,2026-02-27 05:00:00,2026-02-27 09:00:00,UP,Strong,opp_signal,4.0,2.5546389057384546,0.7828895095535515,False,0.27824915705569886,0.1552071853367476,1349.399658634555,CHOPPY
2026-02-27 09:00:00,2026-02-27 10:00:00,2026-02-27 12:00:00,UP,Strong,trail_stop,2.0,2.410185400824642,0.8298116814232227,False,-2.317045793912409,-1.9890966006949173,1322.5587958948663,CHOPPY
2026-02-27 12:00:00,2026-02-27 13:00:00,2026-02-28 01:00:00,UP,Moderate,opp_signal,12.0,2.617670992667793,0.7640379580176747,False,0.00576609385076754,-0.056717522069937854,1321.8086733179168,BEAR
2026-02-28 01:00:00,2026-02-28 02:00:00,2026-02-28 06:00:00,DOWN,Moderate,opp_signal,4.0,2.3010389810795027,0.8691725852735124,False,0.2870079835977979,0.17992566427595946,1324.1869463538414,BEAR
2026-02-28 06:00:00,2026-02-28 07:00:00,2026-03-01 01:00:00,UP,Moderate,trail_stop,18.0,2.837900473011601,0.7047463499935871,False,4.382181269736174,3.0319465468573448,1364.3355867477524,BEAR
2026-03-01 01:00:00,2026-03-01 02:00:00,2026-03-01 04:00:00,UP,Moderate,opp_signal,2.0,3.6764677243634627,0.5440004237617172,False,0.2423055724339207,0.08829430018293394,1365.540217306218,BULL
2026-03-05 04:00:00,2026-03-05 05:00:00,2026-03-08 05:00:00,DOWN,Strong,time_cap,72.0,3.1697059205477296,0.6309733616090155,False,7.788376857033352,4.863780458031464,1431.9570955421182,BULL
2026-03-08 05:00:00,2026-03-08 06:00:00,2026-03-09 03:00:00,DOWN,Moderate,trail_stop,21.0,1.8116082042399835,1.0,True,0.492039399212596,0.4120393992125937,1437.857322955572,CHOPPY
2026-03-15 23:00:00,2026-03-16 00:00:00,2026-03-16 08:00:00,UP,Moderate,trail_stop,8.0,1.9281782937188887,1.0,True,0.3598506377831434,0.2798506377831522,1441.881175844275,CHOPPY
2026-03-17 04:00:00,2026-03-17 05:00:00,2026-03-17 07:00:00,UP,Moderate,opp_signal,2.0,2.8325398362882486,0.7060800961658473,False,-0.21333283021105487,-0.20711647296401958,1438.8948024085344,CHOPPY
2026-03-17 07:00:00,2026-03-17 08:00:00,2026-03-18 16:00:00,DOWN,Strong,opp_signal,32.0,2.6646523784644764,0.7505669468047135,False,3.741268352629201,2.748027008865628,1478.4360202078847,CHOPPY
2026-03-18 16:00:00,2026-03-18 17:00:00,2026-03-19 00:00:00,UP,Moderate,opp_signal,7.0,2.5270568222496856,0.7914345187614424,False,-0.1214765147742769,-0.15945546851211523,1476.0785731252104,CHOPPY
2026-03-19 00:00:00,2026-03-19 01:00:00,2026-03-19 09:00:00,DOWN,Moderate,opp_signal,8.0,2.3780196794069006,0.8410359330999388,False,1.4268000563618544,1.1327072421013495,1492.7982220221058,CHOPPY
2026-03-19 16:00:00,2026-03-19 17:00:00,2026-03-20 17:00:00,UP,Moderate,trail_stop,24.0,2.778601031068767,0.719786675970071,False,-0.018983998330457386,-0.07124736313250946,1491.7346426520262,CHOPPY
2026-03-20 17:00:00,2026-03-20 18:00:00,2026-03-20 22:00:00,UP,Strong,opp_signal,4.0,2.4374282497864046,0.8205369738269273,False,0.7537419127094491,0.5528301501949828,1499.98140151751,CHOPPY
2026-03-21 02:00:00,2026-03-21 03:00:00,2026-03-21 23:00:00,UP,Moderate,trail_stop,20.0,2.1660094117176456,0.9233570219872683,False,-1.6370413379110493,-1.585442176402585,1476.2000637396568,CHOPPY
2026-03-22 08:00:00,2026-03-22 09:00:00,2026-03-22 21:00:00,UP,Strong,trail_stop,12.0,1.7177010022598367,1.0,True,-1.3636986228519055,-1.4436986228519078,1454.8881837489084,CHOPPY
2026-03-22 22:00:00,2026-03-22 23:00:00,2026-03-23 07:00:00,UP,Moderate,trail_stop,8.0,2.005309960854731,0.9973520498285126,False,-1.169457161135845,-1.2461486608317474,1436.758114130522,CHOPPY
2026-03-23 07:00:00,2026-03-23 08:00:00,2026-03-23 12:00:00,UP,Strong,opp_signal,4.0,2.541609170937427,0.7869030466483309,False,2.6224674588871677,2.000675389402562,1465.5029801251758,BEAR
2026-03-23 12:00:00,2026-03-23 13:00:00,2026-03-23 19:00:00,UP,Moderate,opp_signal,6.0,3.2289127628444616,0.6194035413450224,False,0.46740206477160484,0.23995821084390467,1469.0195748561482,BULL
2026-03-23 23:00:00,2026-03-24 00:00:00,2026-03-24 14:00:00,DOWN,Strong,opp_signal,14.0,2.8612595120864532,0.6989928706402392,False,1.1274800327378487,0.7321810750217539,1479.77545817161,BULL
2026-03-24 15:00:00,2026-03-24 16:00:00,2026-03-24 22:00:00,UP,Moderate,opp_signal,6.0,2.557465691672195,0.7820241759303144,False,0.6566663230122227,0.4509670060403925,1486.448757251447,CHOPPY
2026-03-24 23:00:00,2026-03-25 00:00:00,2026-03-26 05:00:00,UP,Strong,trail_stop,29.0,2.5650511425625124,0.7797115491436086,False,-0.472288395129028,-0.4306256401400921,1480.0477277751786,CHOPPY
2026-03-28 01:00:00,2026-03-28 02:00:00,2026-03-29 22:00:00,UP,Moderate,trail_stop,44.0,2.132721299539936,0.937769037347465,False,-0.39875010027536906,-0.44895702066523047,1473.4029495921357,CHOPPY
2026-03-29 22:00:00,2026-03-29 23:00:00,2026-03-30 17:00:00,UP,Strong,trail_stop,18.0,1.8479667011850998,1.0,True,1.6892452793315194,1.6092452793315282,1497.1136170039786,CHOPPY
2026-03-30 17:00:00,2026-03-30 18:00:00,2026-03-31 03:00:00,UP,Strong,opp_signal,9.0,2.2528218646583276,0.8877754745616908,False,1.6566100492327651,1.3996757346563582,1518.0683530214194,CHOPPY
2026-03-31 03:00:00,2026-03-31 04:00:00,2026-03-31 08:00:00,DOWN,Moderate,opp_signal,4.0,2.278975456494512,0.87758733614287,False,0.4830739403110518,0.3537325855461848,1523.4382554569204,CHOPPY
2026-03-31 08:00:00,2026-03-31 09:00:00,2026-03-31 14:00:00,UP,Moderate,opp_signal,5.0,2.294870972591448,0.8715086921603835,False,0.7648501537940611,0.5968528618589097,1532.5309402832684,CHOPPY
2026-03-31 14:00:00,2026-03-31 15:00:00,2026-03-31 22:00:00,UP,Strong,opp_signal,7.0,2.735081943781256,0.731239517173294,False,2.5222369132760436,1.7858601412867658,1559.8997994986746,BEAR
2026-03-31 22:00:00,2026-03-31 23:00:00,2026-04-01 01:00:00,DOWN,Moderate,opp_signal,2.0,2.7229850395823667,0.7344880603188135,False,-0.21469966261482565,-0.21645338357056954,1556.523343602349,BULL
2026-04-01 01:00:00,2026-04-01 02:00:00,2026-04-01 07:00:00,UP,Moderate,opp_signal,5.0,2.6128452525431634,0.7654490820125448,False,1.9524284685238147,1.433248652365715,1578.8321934482876,CHOPPY
2026-04-01 07:00:00,2026-04-01 08:00:00,2026-04-01 09:00:00,UP,Moderate,opp_signal,1.0,2.589539068674468,0.7723382219615474,False,-0.030589102413769442,-0.0854121907265748,1577.483678283967,BULL
2026-04-01 09:00:00,2026-04-01 10:00:00,2026-04-02 04:00:00,DOWN,Strong,opp_signal,18.0,2.4559924286726718,0.8143347579784233,False,3.0171232677048243,2.3918015653592084,1615.213957594449,BULL
2026-04-02 04:00:00,2026-04-02 05:00:00,2026-04-04 05:00:00,UP,Moderate,opp_signal,48.0,2.5257728350894038,0.7918368478015588,False,0.8043716308548055,0.5735841488129445,1624.478568824625,BEAR
2026-04-04 06:00:00,2026-04-04 07:00:00,2026-04-04 15:00:00,DOWN,Moderate,trail_stop,8.0,0.9345767864798737,1.0,True,-0.7748311850824807,-0.854831185082483,1610.5920194233304,CHOPPY
2026-04-04 15:00:00,2026-04-04 16:00:00,2026-04-05 15:00:00,DOWN,Moderate,trail_stop,23.0,0.9150567680932902,1.0,True,0.24576594774787797,0.16576594774788678,1613.2618325486792,CHOPPY
2026-04-05 22:00:00,2026-04-05 23:00:00,2026-04-06 05:00:00,UP,Moderate,opp_signal,6.0,1.4001577599475976,1.0,True,1.1631753838947212,1.08317538389473,1630.7362875966155,CHOPPY
2026-04-06 05:00:00,2026-04-06 06:00:00,2026-04-06 09:00:00,DOWN,Strong,trail_stop,3.0,1.5346342133657185,1.0,True,-0.9600827654208999,-1.0400827654209022,1613.7752805198584,CHOPPY
2026-04-06 09:00:00,2026-04-06 10:00:00,2026-04-06 18:00:00,DOWN,Strong,opp_signal,8.0,1.7858711893648251,1.0,True,0.22783553373485477,0.14783553373485248,1616.161013819096,CHOPPY
2026-04-06 18:00:00,2026-04-06 19:00:00,2026-04-06 23:00:00,DOWN,Strong,opp_signal,4.0,1.8772173539858228,1.0,True,1.5400957441935037,1.4600957441935014,1639.7585120011831,CHOPPY
2026-04-06 23:00:00,2026-04-07 00:00:00,2026-04-07 07:00:00,UP,Moderate,opp_signal,7.0,2.0105128659671867,0.994771052627843,False,-0.4039646661696983,-0.4814340404003081,1631.8641563440478,CHOPPY
2026-04-07 07:00:00,2026-04-07 08:00:00,2026-04-07 17:00:00,DOWN,Strong,opp_signal,9.0,1.7655587223868576,1.0,True,0.5609983671565288,0.48099836715653765,1639.7133962902756,CHOPPY
2026-04-07 17:00:00,2026-04-07 18:00:00,2026-04-08 02:00:00,UP,Strong,trail_stop,8.0,2.084497287728591,0.9594639493051752,False,3.8471964188481866,3.6144891538363977,1698.9806591531901,CHOPPY
2026-04-08 02:00:00,2026-04-08 03:00:00,2026-04-08 14:00:00,UP,Moderate,trail_stop,11.0,2.6638113549619415,0.7508039172047807,False,-0.5208110142913447,-0.4510912630297237,1691.3167058391853,BULL
2026-04-12 13:00:00,2026-04-12 14:00:00,2026-04-14 15:00:00,UP,Moderate,trail_stop,49.0,1.4914159436729109,1.0,True,5.772905675713669,5.692905675713678,1787.6017705801978,BEAR
2026-04-14 16:00:00,2026-04-14 17:00:00,2026-04-15 19:00:00,DOWN,Moderate,trail_stop,26.0,2.3515295767048316,0.850510246527528,False,-0.8123297139754015,-0.7589355650170604,1774.03502498239,BULL
2026-04-16 00:00:00,2026-04-16 01:00:00,2026-04-16 14:00:00,DOWN,Moderate,opp_signal,13.0,2.0031417844102553,0.9984315716267781,False,1.3589293332673669,1.2769234242137273,1796.688093770146,CHOPPY
2026-04-16 14:00:00,2026-04-16 15:00:00,2026-04-17 14:00:00,UP,Strong,opp_signal,23.0,2.126193710947856,0.9406480649914072,False,4.5409052055268795,4.19614184968895,1872.0796747812137,CHOPPY
2026-04-17 14:00:00,2026-04-17 15:00:00,2026-04-20 07:00:00,DOWN,Moderate,trail_stop,64.0,2.394348087091147,0.8353004355476844,False,2.945959859830871,2.3939375191789125,1916.8960925047238,BULL
2026-04-20 19:00:00,2026-04-20 20:00:00,2026-04-21 14:00:00,UP,Moderate,opp_signal,18.0,2.1463262725967933,0.9318247768454343,False,-0.5147372217304325,-0.5541908789206351,1906.2728292016766,CHOPPY
2026-04-21 14:00:00,2026-04-21 15:00:00,2026-04-21 23:00:00,DOWN,Moderate,trail_stop,8.0,2.137514908478194,0.9356659886053859,False,-1.0122836807332503,-1.0220126899708082,1886.7904789817699,CHOPPY
2026-04-21 23:00:00,2026-04-22 00:00:00,2026-04-22 05:00:00,UP,Moderate,opp_signal,5.0,2.3188003319335126,0.8625149705461342,False,1.5560708522800892,1.2731332076783675,1910.8118351290004,CHOPPY
2026-04-22 05:00:00,2026-04-22 06:00:00,2026-04-22 08:00:00,DOWN,Strong,opp_signal,2.0,2.3423552863697865,0.8538414354295615,False,-0.032454871052833845,-0.09601862852079979,1908.9770998112965,BULL
2026-04-22 09:00:00,2026-04-22 10:00:00,2026-04-23 04:00:00,DOWN,Moderate,opp_signal,18.0,1.9911605653896132,1.0,True,0.3278608618020207,0.24786086180201838,1913.708706902492,BULL
2026-04-23 04:00:00,2026-04-23 05:00:00,2026-04-23 12:00:00,DOWN,Strong,opp_signal,7.0,1.954677581207993,1.0,True,0.2844429605182941,0.2044429605182918,1917.6211496385797,CHOPPY
2026-04-23 12:00:00,2026-04-23 13:00:00,2026-04-23 17:00:00,UP,Strong,trail_stop,4.0,1.9227731525602494,1.0,True,-0.8676096356226348,-0.9476096356226371,1899.449586849867,CHOPPY
2026-04-23 17:00:00,2026-04-23 18:00:00,2026-04-23 20:00:00,UP,Strong,opp_signal,2.0,2.2592334336595803,0.885256021003697,False,-0.05751777968504568,-0.12173844246124998,1897.1372265074995,CHOPPY
2026-04-23 21:00:00,2026-04-23 22:00:00,2026-04-24 04:00:00,DOWN,Moderate,opp_signal,6.0,2.049525015878589,0.9758358568473687,False,0.1662822300323108,0.08419729387427743,1898.7345647133002,CHOPPY
2026-04-24 05:00:00,2026-04-24 06:00:00,2026-04-24 20:00:00,UP,Moderate,opp_signal,14.0,1.9722129325580893,1.0,True,-0.4044353115281507,-0.484435311528153,1889.5364240096385,CHOPPY
2026-04-24 20:00:00,2026-04-24 21:00:00,2026-04-26 06:00:00,DOWN,Moderate,opp_signal,33.0,1.7121801081773573,1.0,True,-0.33621579596385676,-0.41621579596385905,1881.6718749424197,CHOPPY
2026-04-26 06:00:00,2026-04-26 07:00:00,2026-04-26 22:00:00,UP,Strong,trail_stop,15.0,0.9152606063539199,1.0,True,0.40779780702775437,0.3277978070277632,1887.8399540839391,CHOPPY
2026-04-26 22:00:00,2026-04-26 23:00:00,2026-04-27 05:00:00,UP,Strong,trail_stop,6.0,1.381827271608446,1.0,True,0.12606736101232752,0.04606736101233633,1888.709632130922,CHOPPY
2026-04-27 05:00:00,2026-04-27 06:00:00,2026-04-27 15:00:00,UP,Strong,trail_stop,9.0,1.9210618371624022,1.0,True,-1.2758839468876793,-1.3558839468876815,1863.1009214255375,CHOPPY
2026-04-27 16:00:00,2026-04-27 17:00:00,2026-04-28 13:00:00,UP,Strong,trail_stop,20.0,1.8094175998423028,1.0,True,-0.6837828716411143,-0.7637828716411166,1848.8708757063014,BEAR
