raw_ic,cond_ic,n,fold_ics,frac_pos_folds,n_folds,name
0.05088536790127664,0.05730812089641621,1941,"[0.048319685061844156, -0.22222243244960574, 0.35363911100871676, -0.08835796970667574, -0.09151886976602619, -0.1666687530185574, -0.16339176526311971, -0.11362324144006533, -0.06397456957198382, 0.13488946405622976, 0.29522325779702535, -0.09209932672764362, -0.26589577145932486, 0.1939324369648797, -0.19166276541551333, -0.05626104758773013, 0.24338100140276725, 0.36892047036882103, 0.18171184725572737, -0.06933415560341206, 0.27604636610374444, 0.3567818161791683, -0.006316986158888477, 0.12887480615595717, -0.29657334993440726, 0.010455029568979028, -0.27477025944150246, -0.15972402216206766, -0.04287163607836163, -0.04171383514828364, 0.0785347401074342, 0.17668516863571018, 0.3111502839942839, 0.18138522301345958, -0.12197756934979197, 0.3690425450783103, 0.008033203687503217, -0.0541803737847506, -0.016728011102163147, 0.20798080197742833, -0.2554370255953802, 0.2646557954336125, 0.0021382800130821684, 0.03422313772512196, 0.02652450934331515, 0.2468457067529412, -0.16409361992490287, 0.03202704878339306, 0.10306570215488192, -0.2103505236690763, 0.06522388329178701, 0.12247019906099839, 0.24948678446953976, -0.06847151355994731]",0.5370370370370371,54,alpha001
0.0109761799230592,0.0016964226164652534,2061,"[0.22927793940066712, 0.34291443850267384, 0.06776556776556776, 0.24513987671882406, -0.2786956997483313, -0.44570886676149835, -0.09838786154575627, -0.1142857142857143, 0.1433719433719434, -0.20197044334975364, -0.11653353758616918, -0.007586533902323376, 0.5568181818181819, 0.05058651026392961, 0.31402396053558845, 0.4458128078817733, 0.13249299719887955, 0.2617408906882592, 0.22862903225806452, -0.11731283422459894, -0.4225140712945592, -0.12080088987764183, -0.4562717770034845, -0.10509031198686371, 0.1204502814258912, 0.09377393587919904, 0.13822393822393822, 0.21167247386759583, -0.02068059962796805, 0.12588904694167852, -0.49193548387096764, 0.2801231666801718, -0.10993031358885018, 0.5012145748987854, 0.3311740890688259, 0.29445187165775405, 0.1439377085650723, 0.20278745644599308, -0.034275990600437574, -0.08823529411764706, -0.012235817575083427, 0.0270034843205575, 0.06756756756756756, 0.2510668563300142, 0.1444991789819376, -0.192436974789916, -0.4438052021716231, -0.00392156862745098, 0.16885456885456887, 0.31781376518218624, 0.26270053475935834, 0.22232645403377113, 0.26409266409266413, 0.013333333333333332, 0.3952380952380953]",0.6181818181818182,55,alpha002
0.017648933582708012,0.014466001534712006,2061,"[-0.28977355845577696, 0.1931818181818182, 0.6422466422466423, 0.04623044096728307, 0.07057664952401796, -0.39307728781412987, 0.11759127548601231, 0.014005602240896357, 0.19433719433719435, 0.4448275862068965, 0.11346974504869242, -0.5187292555713607, 0.3315508021390374, 0.20197947214076245, 0.029175475687103592, 0.11527093596059108, 0.05350140056022409, 0.15587044534412955, 0.43064516129032265, -0.10862299465240642, 0.3748592870544091, 0.07452725250278086, 0.02090592334494774, 0.0071154898741105635, 0.26285178236397755, 0.24411861253966516, 0.2200772200772201, 0.3714285714285715, -0.044534412955465584, 0.5889046941678521, 0.20747800586510262, 0.5917672797990439, 0.1015679442508711, -0.25748987854251015, 0.0840080971659919, 0.0053475935828877, -0.038042269187986644, 0.2550522648083624, 0.48383437322745315, 0.05247326203208557, 0.14438264738598441, 0.033972125435540075, -0.21028923660502608, 0.5184921763869131, 0.19047619047619047, 0.04285714285714286, 0.04626853577505875, 0.0946778711484594, 0.02290862290862291, 0.20182186234817817, 0.15708556149732622, -0.07242026266416511, -0.06924066924066924, 0.07076923076923076, 0.09299719887955182]",0.8181818181818182,55,alpha003
0.022102373452215676,0.009277082350349743,1954,"[0.2871501445960801, 0.4998492240229675, 0.175693658806518, -0.04077998161617395, 0.15920142492672532, -0.015892491613047458, 0.15828360816322756, 0.3720841500713705, 0.11736715777221272, 0.10504320393879923, 0.311376193265542, 0.06951306764168348, 0.33039672975228335, 0.5680418891516992, -0.043458669855133955, 0.5836727035688457, 0.01595080353672106, 0.20080027463792147, -0.21651494127487475, -0.45204814877089317, -0.013668372627397788, 0.06819407058111966, -0.5097285833448655, 0.25472384799332387, 0.5952731940671168, 0.3760259040438169, 0.3697620459716871, 0.3651932506413889, 0.048700581009303516, 0.3020066590354527, -0.08089244404904777, 0.1908140682111827, -0.07549076202964722, -0.10390774101609726, 0.2045134831116613, -0.012951242860900259, 0.16383995038493207, 0.09776485837941823, -0.0011766633313545112, 0.3487953635952729, -0.5886916122757936, 0.05675357298998752, -0.012007234107484823, 0.04398686272238996, 0.031912402931765206, 0.16133511693950497, -0.23079345146551125, -0.477636376633378, 0.33262899825111186, 0.37755246238404905, 0.1795864655889116, -0.19661520695752394, -0.31574474036004774, 0.03739263408806053, 0.10992264494830328]",0.6727272727272727,55,alpha004
0.06101997595423939,0.044940668372171255,1953,"[0.2049689440993789, 0.6226604278074866, -0.029914529914529916, -0.28131112609431097, -0.18349928876244667, 0.22617354196301565, 0.40661490202422534, 0.5854751747672293, 0.22472488623663014, 0.1968222702452384, 0.10176724860666549, 0.16479933866631818, 0.29949026594076816, 0.47104105571847504, 0.15744036092793573, 0.48620689655172405, 0.16638655462184873, 0.352649426029848, -0.08790322580645162, -0.2580213903743316, 0.3260002817977283, 0.28231368186874306, -0.4506968641114983, 0.25123152709359603, 0.453658536585366, 0.1852500273552905, 0.2658944658944659, 0.2444357334955055, 0.10472178163072995, 0.2041251778093883, -0.11529649026519091, 0.27616385096206253, -0.16515679442508716, 0.05020242914979757, 0.101417004048583, 0.05681818181818182, 0.1946607341490545, 0.266672476903462, 0.37006725548983066, 0.20120320855614976, -0.36466792972345324, 0.2990548371668105, 0.039118065433854904, -0.15078236130867706, 0.18773946360153257, 0.11876750700280113, -0.07560165302649705, -0.28767507002801124, 0.11145431145431146, 0.6050607287449392, 0.043114973262032084, -0.13040011271909133, -0.020593345817789703, -0.054358974358974355, 0.40280112044817934]",0.7272727272727273,55,alpha005
-0.015703250904521605,-0.01720924803248839,2061,"[-0.06531101891882723, 0.22153427967381453, -0.0433854907539118, 0.25969251336898397, 0.6349206349206349, -0.05784732100521574, 0.22770543823175401, -0.37766714082503555, 0.42366050260787097, 0.10560224089635854, 0.10218790218790218, 0.3576354679802955, 0.11740890688259109, -0.04812707444286391, 0.19351604278074866, 0.059017595307917885, -0.49161381254404507, 0.14729064039408865, -0.07675070028011205, -0.16477732793522268, 0.4592741935483872, -0.2533422459893048, 0.0675422138836773, 0.0932146829810901, 0.017595818815331014, 0.05363984674329502, 0.2230769230769231, 0.28197833460991356, 0.322007722007722, 0.19268292682926833, -0.09443046285151549, 0.5443338074917021, 0.16239002932551316, 0.48318612754233853, 0.17717770034843208, -0.6263157894736843, 0.08704453441295548, -0.04010695187165776, 0.3263626251390434, 0.17334494773519168, 0.40280366258812095, -0.15909090909090912, 0.5537263626251391, 0.05487804878048781, -0.25912754860123277, 0.44144144144144143, 0.3295019157088122, 0.016526610644257703, 0.057612835264565274, -0.284873949579832, -0.0061776061776061784, 0.08441295546558705, 0.03208556149732621, -0.1127579737335835, -0.3341055341055341, 0.30461538461538457, -0.18739495798319328]",0.6666666666666666,57,alpha006
0.09592610082152692,0.08709310942600304,2031,"[-0.03744295842423012, 0.45909441457677724, 0.4811697843118338, -0.09906731785876335, -0.14085794378847252, -0.18494795085333973, 0.37368675824396796, -0.03782937318458853, 0.19706787092787428, 0.2929617411657728, -0.15481545705554745, -0.12062989311523323, -0.1227698944692536, 0.19068048183952213, 0.3446128695929651, 0.022464102356687936, 0.014384035000166233, -0.333084196157339, 0.49735033345145885, 0.03205409668520257, 0.1551847512931212, 0.25659791869190124, 0.1269095491914221, -0.258250457031909, -0.03049864574604209, 0.5072473649101698, 0.07159827256222112, -0.0966781723676399, 0.00931054024248422, -0.05997804069322829, 0.2944712093845297, -0.15258077114334295, 0.1655564209068439, 0.09674498683578804, 0.05897190901964858, 0.22093993310265372, 0.1942825633405885, -0.024973033445175274, 0.2011103131788376, -0.018434547938235294, 0.17584514383785008, -0.20496372776307764, -0.24854842015930315, 0.0443273402463141, 0.16852950443323322, 0.398279718238233, 0.2688500372266173, -0.15545854839219558, -0.4337502501565097, 0.2768619976830128, 0.26828573738227995, 0.27276291628740046, 0.33071093535355695, 0.20498463203772266, 0.3689313229471002, 0.3622709130872906]",0.6428571428571429,56,alpha007
0.09097686119724707,0.07592151364362912,1947,"[0.6312535699411955, 0.259010433177348, 0.021267804958227374, 0.09272031540230556, 0.23087870546674022, 0.5080062570492417, 0.5186379738554865, 0.5858273907236848, -0.41483866407113973, 0.12406924363360972, 0.5330329486759964, 0.402741822353948, 0.5270494104051034, 0.2712367188176489, 0.7282142486249653, 0.014010508740343033, 0.25441661154049194, -0.05567884820368381, -0.4470274700134112, 0.293932737018335, 0.46167538387807533, -0.35352041185444094, -0.057526392691635474, 0.4312456135538502, -0.06862584397443443, 0.1867594581377907, 0.3725003440773038, -0.053633978373225456, 0.306005102948034, 0.016701860367910944, 0.2540545600349137, 0.048618978745573235, 0.09175149532005653, -0.15094913163823062, 0.17693792116505389, 0.45799490701332063, -0.08077023888377488, -0.20661426067765523, 0.14951087100336308, -0.41279467821203897, 0.011679088465030815, 0.12617100288475175, 0.14576546312928684, 0.14213340316023082, 0.04524760203556031, -0.13057221977818095, -0.3035314378197741, 0.28641308379701147, 0.4594198239103722, -0.3099557238041592, -0.5176460366591238, -0.5272716887254392, -0.31650995327322057, 0.41681263502520527]",0.6851851851851852,54,alpha008
-0.05255553264108843,-0.05916240037973033,2060,"[-0.22224694104560622, -0.2748414376321353, -0.0734945471787577, 0.17914438502673796, 0.06502824072099377, -0.1251778093883357, -0.011051537367326841, 0.22214319582740633, 0.07942152678994784, 0.1610644257703081, 0.10785070785070787, 0.032512315270935954, -0.031185031185031187, 0.09649122807017542, 0.23997326203208558, 0.2166422287390029, -0.04735729386892177, 0.2379310344827586, -0.012605042016806725, -0.16497975708502025, -0.2028225806451613, 0.06818181818181819, 0.12138836772983115, 0.11902113459399331, -0.24756097560975612, -0.04707170224411604, -0.02401500938086304, 0.02505744611007769, 0.21261261261261263, -0.02369337979094077, 0.17890359995623153, -0.11284969179706021, 0.08357771260997067, -0.23782513572644035, -0.09111498257839724, -0.1967611336032389, 0.15951417004048585, -0.02573529411764706, 0.17552836484983317, -0.22456445993031363, 0.26796856008427195, -0.21356951871657756, -0.418020022246941, 0.3653310104529618, -0.23044096728307253, -0.19108582266477003, 0.07279693486590037, -0.04761904761904762, -0.2243740377603112, -0.1504201680672269, 0.04453024453024454, 0.07753036437246963, 0.2620320855614973, 0.005816407905455871, -0.002574002574002574, 0.0858119658119658, 0.06806722689075631]",0.5087719298245614,57,alpha009
-0.061164906262333625,-0.06526530804787493,2060,"[-0.3664071190211346, -0.20900030202355782, -0.05855855855855855, 0.19919786096256686, -0.09677911881950715, -0.04954954954954954, -0.0955246744720429, 0.2650545282124229, 0.030583214793741105, 0.1568627450980392, 0.050965250965250966, 0.032512315270935954, -0.12353649195754458, 0.03579895685158843, 0.1286764705882353, 0.15945747800586507, -0.001409443269908386, 0.2379310344827586, -0.10672268907563026, -0.12692307692307694, -0.17661290322580647, 0.19752673796791445, 0.06398048696001458, 0.11902113459399331, -0.12369337979094078, -0.1434044882320744, -0.0450281425891182, 0.00032826348615822297, 0.018018018018018018, -0.14982578397212545, 0.04694167852062588, -0.1600284495021337, -0.06781524926686217, -0.2211328093347379, -0.024216027874564464, -0.18866396761133603, 0.17854251012145747, -0.03877005347593583, 0.1911012235817575, -0.19216027874564467, 0.24122842557329227, -0.2717245989304813, -0.46785317018909905, 0.24076655052264817, -0.1346609767662399, -0.20222854433380746, 0.0722495894909688, 0.08823529411764706, -0.211895308321854, -0.0484593837535014, 0.08030888030888031, 0.02044534412955466, 0.24064171122994651, -0.029080675422138838, -0.002574002574002574, -0.11863247863247862, -0.08067226890756303]",0.5614035087719298,57,alpha010
0.026383538480852807,0.01924431852451554,1959,"[0.29885057471264365, 0.4438502673796792, -0.052503052503052504, 0.058321479374110946, -0.29379582011160954, 0.049312470365101946, 0.20957799905168323, 0.10280112044817928, -0.07438867438867439, -0.2961320612166669, -0.04322135901083269, -0.014935988620199146, -0.04412133382163102, 0.16825513196480937, 0.12473572938689216, 0.26502463054187186, -0.17030812324929973, -0.1194331983805668, -0.040322580645161296, -0.09224598930481284, 0.05947467166979363, -0.29299221357063404, -0.31393728222996525, 0.10125889436234263, 0.5091932457786118, -0.0025166867272130434, 0.4486486486486487, 0.08536585365853659, 0.006455848561111719, 0.04480796586059744, -0.20381231671554248, -0.12827161494206304, 0.10226480836236937, 0.013967611336032389, -0.03502024291497976, 0.005681818181818182, -0.23337041156840932, -0.006097560975609757, 0.0749534073413824, 0.28743315508021394, -0.22313681868743046, -0.10679907671614032, 0.16690374585111423, -0.11190137505926978, 0.2205801860974275, -0.06778711484593837, -0.32987602301272184, -0.26134453781512607, 0.16628056628056628, 0.4291497975708502, 0.21925133689839574, 0.26679174484052537, -0.0453024453024453, 0.19726495726495727, 0.6644257703081232]",0.5272727272727272,55,alpha011
-0.004366985388209625,-0.007973582560767646,2060,"[0.06918798665183537, 0.2716701902748414, 0.2375533428165007, 0.36330213903743314, 0.18531522120959254, 0.053579895685158835, 0.15548747127694496, -0.04006638217164532, -0.04504504504504504, 0.3543417366946779, 0.22779922779922782, 0.07339901477832511, -0.08917824707298391, -0.1161688003793267, -0.0982620320855615, -0.3566715542521994, 0.28132487667371386, 0.22906403940886697, 0.19187675070028015, 0.1236842105263158, -0.18830645161290324, -0.07352941176470588, -0.2842534831214724, 0.2164627363737486, -0.19041811846689902, -0.19594964422550626, -0.04390243902439025, -0.08217529270160849, -0.15675675675675677, 0.05993031358885018, 0.21107342159973738, -0.02963489805595068, -0.022727272727272724, -0.07641196013289037, 0.09094076655052266, -0.03117408906882591, 0.1327935222672065, -0.1270053475935829, 0.09632925472747497, 0.3860627177700349, 0.159711530670124, -0.02005347593582888, 0.20266963292547271, 0.12700348432055752, 0.12731152204836413, 0.17543859649122803, 0.35577449370552816, 0.23137254901960785, -0.08224617129892231, -0.09887955182072829, 0.3500643500643501, 0.06194331983805668, 0.03977272727272728, -0.04821989779684384, -0.0064350064350064354, 0.004444444444444444, 0.23305322128851544]",0.5789473684210527,57,alpha012
-0.029781663768365815,-0.03493207834875454,1859,"[-0.17971909863689328, -0.08528575834406599, -0.0625000070324861, -0.11529567722552726, 0.33153510608065795, 0.08646914396221358, -0.4019717337252222, 0.032074442045897905, -0.16780315705720666, 0.306779262772725, 0.29850487631294603, -0.2578211587660382, 0.3873276045266168, -0.02466368100474619, 0.10280565735985395, 0.21250417877559072, -0.38635236790900734, -0.2032005526736195, 0.10753649040323554, -0.2496296115289127, -0.43248439689235524, -0.16704205381071244, 0.07859019688158343, -0.08613364875803042, 0.10865682551213986, 0.2178196264545279, 0.3620628359765186, -0.10431753992403929, 0.057714914876072214, 0.04758585276721157, -0.06248418610648441, 0.026727411638157537, -0.03109328157733439, -0.1520989517752424, 0.45227934854173457, 0.19721964591781416, -0.21213642108407174, 0.04051197065782577, -0.025883483735070205, -0.1169701990790321, 0.20742412201104016, 0.6212850410696632, -0.057447111702589815, -0.3867437554624636, -0.4021016008478451, 0.6601855112127005, 0.0594340137557371, 0.19180606297604824, 0.1732845582017855, 0.17298904755777544, 0.03284860055592343, 0.316777602619156]",0.5384615384615384,52,alpha013
-0.026177369184733963,-0.028687667730405767,1958,"[-0.4835164835164835, 0.21524064171122997, 0.6483516483516484, -0.2994310099573257, 0.13053944632892, -0.21740161213845421, 0.19559032716927452, 0.018487394957983194, 0.06023166023166024, 0.3955665024630541, -0.045628624575992996, -0.1206733048838312, 0.2125668449197861, 0.028225806451612902, -0.5754756871035941, 0.21379310344827585, -0.10924369747899161, -0.0757085020242915, 0.5028225806451613, -0.1537433155080214, 0.07636022514071296, -0.035817575083426034, -0.13693379790940768, 0.0990695128626163, 0.28067542213883684, 0.23580260422365687, 0.17297297297297298, 0.13135888501742163, -0.08502024291497975, 0.49217638691322896, 0.2921554252199413, 0.48026902195932264, 0.08031358885017423, -0.5937246963562753, 0.041700404858299595, -0.005681818181818182, 0.3441601779755284, 0.19790940766550527, 0.5073332793128597, -0.002005347593582888, 0.3890989988876529, 0.31759581881533105, -0.2821242294926506, 0.4535324798482693, 0.24083196496989598, -0.10896358543417368, -0.09245604083947818, -0.37535014005602246, 0.10604890604890606, -0.07327935222672065, 0.15975935828877008, -0.18180112570356474, -0.3644787644787645, 0.16717948717948716, -0.14089635854341737]",0.5818181818181818,55,alpha014
0.005676614630939127,0.0042917683260835825,1960,"[0.03723800611354987, 0.4005014751882478, 0.505571674337867, -0.23676566857312045, 0.09061063744341245, -0.159336100704794, 0.44810621855730953, 0.2294278316432348, 0.007851213093032324, -0.2870165152391156, 0.23224253593472932, -0.07562825983878615, -0.13821342072154869, 0.06617781962709343, -0.13061713998475694, 0.6698694462962707, -0.05392912225480855, 0.12673347569736682, 0.15027737664721313, -0.012871949900294345, -0.2817205312916771, 0.1621982432998154, -0.24549176850710708, -0.21577221198428506, -0.24367816762387923, 0.22358413433953034, 0.14006179660932355, 0.030580240924246077, 0.2888876734640826, 0.268610715979137, -0.05461876832844574, 0.16142625660784216, 0.07318348255375129, -0.18300521304878448, 0.271370008951212, -0.2619306392403941, 0.04138391392834796, 0.45255730395073, 0.045298002549235016, 0.4684940730657035, -0.4451612903225806, -0.32353325523959636, -0.1505899159068593, 0.6027982147195637, 0.4937055281882868, -0.05015762129042806, 0.05301556855709972, 0.18099040814224124, 0.2954954954954955, -0.09424507878048057, 0.5879010695187166, -0.1982269339391654, 0.2785787939913384, 0.2670998788213801, 0.1416363182523334]",0.6181818181818182,55,alpha015
-0.040346919024558205,-0.0433090436406717,1859,"[-0.21623703024241855, -0.1656539414596347, 0.003795742460099663, 0.15967252103131616, 0.34844135237233126, -0.0565430359465449, -0.20288433534811998, 0.14276332333846217, -0.037970947821401105, -0.15555747989374688, -0.0695094136786003, -0.21972217744397157, 0.26522067887138817, -0.050171686804246454, 0.18351228828613733, 0.1140493367763731, 0.16662516619872467, -0.09630639611090731, 0.18343726263668178, -0.23558638896252457, -0.2669039245913375, -0.2079482118445723, 0.02244239146925775, 0.22967493947888185, 0.009941143904631845, 0.08307339007431537, 0.40094874488368604, -0.1837183841896125, 0.14871278618425093, 0.015599810062550729, -0.18307935676216724, 0.048706399669581006, -0.22021573874033606, -0.15422277481060798, 0.431733046029239, 0.17444170900745418, 0.061857399033192505, -0.3761407005194983, -0.1378829697886474, -0.09633983763134164, 0.2872050460402901, 0.5504393410047773, -0.07273493142850254, -0.3588891993737703, -0.18878771278799647, 0.29605310488791126, -0.08535845171568972, 0.3699492580869366, 0.12174405044429513, 0.25317111970840955, 0.16216220012179855, -0.022149024404805272]",0.5192307692307693,52,alpha016
-0.007089058749426839,-0.014894843763554409,1939,"[0.17279411764705885, 0.10622710622710621, -0.2515410146989094, 0.10099573257467995, 0.05950687529634897, -0.12185870080606921, 0.6212885154061625, -0.015186615186615189, 0.14778325123152705, -0.0395010395010395, 0.15836889521100045, 0.24732620320855614, 0.3412756598240469, 0.07004933051444678, 0.36354679802955653, 0.22100840336134459, 0.18987854251012146, -0.07943548387096776, -0.241644385026738, 0.11407129455909945, 0.1239154616240267, -0.2736933797909408, -0.07389162561576354, -0.016135084427767357, 0.2800087536929642, -0.2962676962676963, 0.11864111498257843, 0.038844512528723056, 0.11545756282598386, 0.1598240469208211, 0.09699376063528078, -0.2013937282229966, -0.09352226720647773, 0.09696356275303646, -0.24264705882352944, 0.028253615127919914, 0.22891986062717776, 0.2227534235475245, 0.134024064171123, -0.16751946607341492, 0.4113240418118468, -0.10881934566145092, -0.018966334755808438, -0.02353585112205802, 0.09663865546218488, 0.0772222672392837, -0.1061624649859944, 0.11505791505791506, 0.10526315789473685, -0.0982620320855615, -0.12382739212007506, -0.0005148005148005149, 0.005811965811965812, -0.08795518207282914]",0.5925925925925926,54,alpha017
-0.02770846412585687,-0.031341861020854414,1958,"[0.31546804348249746, 0.34696101585891975, 0.1603543365779572, -0.020041507804005602, -0.09892755585609284, 0.17598578450381253, 0.18312283934101867, 0.09142543127261371, 0.10877961225632204, 0.07049545925391916, -0.06961090393578995, 0.08004744241244842, 0.07521939225154906, -0.3028969767277843, -0.07719966849754138, 0.37757246846538345, -0.2683115994354259, -0.15347236597221814, -0.025816863738246352, -0.22090305945192656, 0.09965281430788836, -0.057200094694385244, -0.22448803873990056, 0.18490626222311402, -0.0008446739550385905, -0.08166393776873665, 0.24692479833823944, 0.044262439431453776, 0.06905608848176391, -0.10505721692399789, 0.21162665957115148, -0.3281731333841431, -0.08791879466058469, -0.3680081110026615, 0.14254619540350688, -0.1682133888935293, -0.1649027372732477, -0.045832790873605096, 0.35978926023728586, 0.007357245637490348, 0.13247248817789886, 0.20104577071931315, -0.1047077025819885, -0.1447540022027928, 0.19638461847486935, -0.11814999397199777, -0.14290346864445122, 0.03825941479765163, -0.1334020264514058, 0.12572759167063033, 0.20852847474379438, 0.05892840620089819, -0.005021890957147516, 0.011633879363556216, 0.25665453515160713]",0.5272727272727272,55,alpha018
0.03375759319467963,0.014489033378175467,1712,"[0.27977684091867544, 0.16181771906058792, 0.2749015143521183, -0.2340320898592836, 0.06003583570155471, 0.27553924215196945, 0.28618999401906403, 0.2753477503047833, 0.6287487633858119, 0.2758621665315205, 0.40982283734310065, -0.1976068544980092, -0.16456039484506174, -0.24752765211340577, -0.11148197872795385, -0.5239383872553677, 0.028238564372220807, 0.3354917653782567, 0.01806437756966738, 0.49502405751787415, 0.12683057477172974, 0.04009203851311335, 0.3270011642187853, -0.2430747674571225, -0.011921662000506846, -0.07067846905434996, 0.08675406285163462, -0.04516456275142646, -0.1475403978581745, -0.09396574646738347, 0.1850189763284648, 0.27335819053612515, 0.2749164494617466, -0.06968720806669301, 0.27615356574042993, 0.3220411012102581, 0.2885779181416776, -0.268493311911964, 0.26478006082780425, -0.07676407919612413, 0.10847809504618436, 0.36390585450029594, 0.38770150853121427, 0.042197004142443845, -0.1811183294097595, -0.2726688088811744, 0.23463682052978188, 0.42003422781423067]",0.6458333333333334,48,alpha019
0.046857545169136906,0.04211310286111947,1961,"[0.023804226918798663, -0.08723262032085562, 0.08974358974358974, -0.14722617354196302, -0.001641317430791115, 0.052868658131816015, -0.07325746799431009, 0.273109243697479, 0.10682110682110685, -0.07339901477832511, 0.0042674253200568986, -0.04717875770507349, 0.3465909090909091, 0.3504398826979471, 0.002536997885835095, 0.2492610837438423, 0.046778711484593845, 0.055870445344129556, -0.0125, 0.4231283422459894, 0.07335834896810507, 0.14527252502780869, -0.17787456445993033, 0.1395730706075534, 0.0981238273921201, 0.19181529707845496, 0.05276705276705277, -0.04163763066202092, -0.09793194003720318, 0.005452821242294926, -0.06048387096774193, 0.13248521189530835, 0.04494773519163764, 0.015789473684210527, 0.04554655870445345, 0.03308823529411765, 0.32725250278086765, -0.013240418118466902, 0.10039705048213272, 0.07921122994652408, -0.09899888765294772, 0.22822299651567948, 0.23684210526315785, -0.028449502133712654, 0.012588943623426383, 0.3507002801120448, 0.13653674742727495, 0.0072829131652661075, 0.24761904761904763, 0.0910931174089069, 0.07787433155080214, -0.08836772983114449, 0.0023166023166023165, 0.2622222222222222, 0.0700280112044818]",0.7272727272727273,55,alpha020
-0.07588863353527261,-0.07397203916162828,2061,"[0.2304201257343515, 0.03381452048448578, -0.5062807009916321, -0.2165063509461097, 0.23791906697374687, 0.21459876881973805, 0.3465024809359069, -0.2605842192811105, 0.33935187358708147, -0.10019588657362391, -0.17407557509341026, 0.23411969177151234, 0.113420409692337, -0.11482655074037017, -0.03713053286162529, -0.07235917866241734, 0.08986064433619867, 0.1019294382875251, 0.4273246726830629, -0.3747458063565059, -0.08144797069187522, -0.26052505285945304, -0.11059108623041583, -0.029413582210268813, 0.0, 0.20833407014311206, -0.2431439503933484, 0.06728747675165511, 0.13991172065016416, 0.14537972933144117, 0.1890477075741352, -0.11355499479153378, 0.16778704559238683, -0.06293005499593471, 0.025677629550654776, -0.21022325722438137, -0.11395071102426824, -0.15877683720748895, 0.09803406821968519, -0.10631548679075013, 0.16988971662985197, -0.05954131395280835, 0.09714593963903514, 0.33471934069760156, -0.08609609277389156, -0.1546720562224365, -0.46861575512653547, -0.04042260417272217, -0.05402611893775603, 0.4215502915345731, -0.26367978122530944, 0.00455802844097073, -0.07277271705343243, -0.5060110451598224, -0.47759420860834156, -0.3900142447541001, -0.1415074189190259]",0.5614035087719298,57,alpha021
-0.012829060016813497,-0.010095340436735135,1943,"[0.6116310160427808, 0.09157509157509157, -0.36652441915599804, -0.29073202757413286, 0.03437648174490279, 0.2027027027027027, 0.2873949579831933, -0.21904761904761907, -0.33103448275862063, 0.06510559142138089, 0.25462304409672826, -0.30715240641711233, -0.1946480938416422, 0.2869626497533474, 0.305911330049261, -0.05910364145658264, -0.07672064777327935, 0.04959677419354839, -0.11864973262032086, -0.11013133208255162, 0.2489432703003337, -0.044599303135888516, -0.2370005473453749, -0.38742964352720455, 0.10931174089068825, -0.2555984555984556, -0.14337979094076658, 0.01783564941459678, 0.20151730678046467, -0.31011730205278587, -0.0757637144477757, -0.11620209059233452, -0.4390688259109312, 0.08178137651821864, -0.1266711229946524, -0.217797552836485, 0.47508710801393733, 0.16311482051697593, -0.044451871657754015, 0.12347052280311456, -0.2815331010452962, 0.4971550497866287, 0.1880037932669511, 0.2386425834701697, -0.14789915966386555, -0.1477189854955028, -0.06862745098039216, 0.44350064350064355, 0.01700404858299595, 0.48028074866310166, -0.4245778611632271, 0.06126126126126127, -0.07487179487179485, -0.09663865546218488]",0.5370370370370371,54,alpha022
-0.034588902879459954,-0.03820556606238031,2061,"[0.21862748463226678, -0.0624908479702201, -0.21371634905790043, -0.1569965740101855, -0.0021135462232488183, -0.17182216779239956, 0.2636025974238178, 0.12057103393129377, 0.11759127548601231, 0.1320348321124142, -0.1864926394438628, 0.22925556505426442, -0.07826689202902685, -0.19747402550810753, 0.059601151373853564, -0.005575503358424014, -0.016789540016977154, 0.18944056001808893, 0.11886623189198178, -0.03823906058132899, -0.09875263073548052, -0.11873484273693181, -0.17421427573683845, 0.23463433552532115, -0.5193697508530177, 0.17581476549384709, 0.08421247697118449, 0.08175545692066385, -0.01291884573846114, 0.07487629877775238, 0.29663874046079297, -0.012221664934742756, 0.04330573197368782, -0.05897288549494546, 0.08174848677420625, -0.1505424327238401, -0.09513381241013089, -0.28023044393215907, 0.1020512561362553, 0.0205327396067069, 0.28571457379260545, 0.008148158598720267, -0.06845884543653732, 0.3180610775250437, 0.09653689060490601, -0.06608354813406736, -0.10569352518804496, 0.14822848002302813, -0.13169531051162905, -0.06336692840067193, -0.12576100851522376, -0.08165637800872082, 0.06355578153206941, -0.2523331763007374, -0.23140340542884982, -0.07319541934082797, -0.03545901361199934]",0.5614035087719298,57,alpha023
0.05952761564443915,0.03718767640140093,2058,"[0.19978106185002736, -0.08592570220477198, 0.2532005689900426, 0.3663101604278075, 0.19413919413919414, 0.7299668089141772, 0.10777984462194988, 0.4009009009009009, 0.32788051209103836, 0.10504201680672269, 0.5366795366795367, 0.5901477832512314, 0.012583433636065214, 0.5130393551446183, 0.7493315508021391, 0.28906608131670275, -0.14146102149999615, 0.8532019704433496, -0.39915966386554624, 0.49797570850202433, -0.1532412549374566, -0.07810307625096774, 0.09924687296014853, 0.17087551557511416, -0.5639899736007032, 0.5637657361795292, 0.5632270168855537, 0.41013295459976584, 0.2908622908622909, 0.3921602787456447, 0.053288105919684865, 0.21077588798806782, 0.3405425219941349, 0.39402799056978705, 0.5550522648083626, 0.6030364372469637, 0.3738866396761134, 0.08689839572192513, 0.06874304783092325, 0.10000000000000002, 0.2876706780854818, 0.7035427807486632, 0.46651835372636263, 0.17421602787456447, -0.20768136557610237, 0.13889220803284197, 0.17462707156826335, 0.4163981400839921, 0.07835669718823435, 0.03474362702925686, 0.5667953667953668, 0.531578947368421, 0.6400401069518716, 0.19334865634104115, 0.5778635778635779, 0.6998290598290597, 0.2901960784313726]",0.8771929824561403,57,alpha024
-0.04876473550273044,-0.053627145428510256,1943,"[0.22534270734541267, 0.11002232583360187, -0.2801588757327409, -0.024742723216635322, 0.17220115789595788, 0.17145906960733742, 0.20360122955840912, 0.06797116600158348, -0.0017258391035558996, -0.0017516972188768368, 0.11799585955612765, 0.4020740659970795, 0.1611750470546356, 0.016213740197572938, 0.28483431784032, -0.15175508025585482, -0.08516025389213644, -0.13693657982627824, -0.11788314032797033, 0.1768350195948847, 0.04093892560653777, -0.23476600373768247, 0.0202573235074451, -0.025429296306438552, -0.05877524436087925, 0.1384417543930238, 0.03137118449559949, 0.2072136324151655, -0.08844102018286931, 0.02898285863147671, -0.2273832871600378, -0.10361205101463275, -0.3607188169195277, 0.046572848154173646, -0.05650756992761911, 0.005786780007992281, 0.006801241593457104, 0.2445075279124953, -0.11569005440802492, -0.11218699566782521, 0.24209152624978406, -0.08337782128026949, -0.1138182482875291, 0.11344028352472145, -0.07438537672099851, -0.16751762923677327, -0.18534604257946302, -0.14253526201113995, 0.052290269712832106, 0.20566845759348015, -0.0344601090877545, 0.0453345467590021, 0.05647787725735646, 0.006164191892287508]",0.5370370370370371,54,alpha025
-0.0014225657817705792,-0.008691809957293966,2059,"[0.025930631108765707, 0.059579671084830706, -0.2669438477064645, 0.6047375625651287, 0.24881491992834193, 0.28727742829055336, -0.06354777049505485, -0.14363737270542198, 0.2956546473873548, -0.03606264802155652, 0.1528943748277306, 0.3472045256033656, 0.08535591197799272, 0.0149572801329613, -0.13616984813675956, 0.1215684933694877, -0.028356800499028008, 0.5906921943408611, -0.02946960500699288, 0.32326443857016873, -0.0014137150992924038, -0.21170810337621657, -0.2867476543416815, -0.037251973743668315, -0.3984830010525508, 0.0222222899628832, -0.0072310696251558166, 0.11384105648327522, 0.4276419807944439, 0.042137453688570886, 0.06607864334507169, 0.27959192744666844, 0.1654580249636079, 0.03951482303089728, 0.20704707567013653, 0.06904953835870734, 0.6079250542776741, -0.15271296737265394, -0.07629700608471196, 0.11423595188655891, 0.024592192126593557, 0.45765045703961904, -0.6011834964794824, 0.1759372944154866, -0.021955866400007042, 0.4111576204780761, 0.2120894808028911, 0.014180456983203166, -0.32135347501296796, 0.30662422352514024, 0.22094726144824073, 0.2546617205200525, 0.399197090151628, -0.08857378087790924, 0.16915963607502124, 0.11033092294333417, 0.2861755845701003]",0.6666666666666666,57,alpha026
-0.023558618398605694,-0.029069773472987413,2061,"[-0.06408409350540495, -0.2867729192910433, -0.32874712753748525, 0.12737740406802273, -0.12697457398365986, 0.005109494495708048, 0.1572070363806331, 0.21175782307429514, -0.5201160257855953, 0.21444438569900384, -0.19876099706061146, 0.10149152393221852, -0.07308816827558579, -0.03572887190468934, 0.03917971816562902, -0.12351131643867984, 0.013041013273932528, -0.21550272794507866, -0.0889065595185696, 0.08776656106644934, -0.01614366007501894, -0.06645930483723025, -0.05346613749494028, 0.6095219666786236, -0.10222791458759076, 0.10458505336092264, 0.09967105174025309, -0.14358418702733966, 0.19756112180217625, 0.01984710465093612, 0.2122499837864602, 0.618589574131742, 0.17647548048225128, -0.08278184006763016, 0.2323221287929577, 0.1937617940610338, -0.19053020329181636, -0.08414636071623356, 0.478928582225562, 0.0, 0.17862394185842506, 0.051977769818905194, 0.10298924468034514, 0.006506000486323554, 0.03396178054056622]",0.5555555555555556,45,alpha027
-0.0013180312160041877,-0.007548335306148647,2061,"[0.0658075900674243, -0.06851604278074867, -0.17887667887667885, -0.2982456140350877, -0.053069263595579376, 0.29634898055950687, 0.1519677572309151, 0.1854341736694678, 0.1510939510939511, 0.18669950738916252, -0.026151657730605096, 0.02963489805595068, 0.19351604278074866, -0.1785190615835777, 0.16264975334742776, 0.14236453201970442, 0.061344537815126055, 0.009716599190283401, 0.07822580645161291, -0.16945187165775402, 0.24052532833020643, 0.1581757508342603, -0.20836236933797914, 0.10071154898741107, 0.06472795497185742, -0.09246088193456614, 0.0020592020592020595, 0.03693379790940768, 0.08589561221140168, -0.11806543385490753, 0.11217008797653959, -0.1994165788833968, -0.104006968641115, -0.08421052631578947, -0.042105263157894736, -0.049799465240641716, -0.03982202447163515, 0.05365853658536586, 0.3587229560003241, 0.14338235294117646, 0.03225806451612903, 0.2625435540069687, 0.04623044096728307, -0.3072546230440967, -0.00930487137383689, -0.06526610644257703, 0.09034924236285553, -0.1913165266106443, 0.023938223938223938, 0.32489878542510126, 0.035093582887700536, 0.03189493433395873, 0.08571428571428573, -0.05367521367521367, 0.20532212885154064]",0.6181818181818182,55,alpha028
0.020271492595284588,0.004157555779109294,1859,"[-0.0973710227855827, -0.20830519388479124, 0.00036456614646474385, -0.18170176154906442, -0.03608091196592949, 0.28100772832661053, 0.05543920546199999, 0.1423098111251443, 0.1308034503421194, 0.07171514944449706, 0.07541288973764587, -0.2307123039234266, 0.22126402891056, 0.21723901619999592, 0.5074173986367367, -0.06881245900445317, -0.16552418066168068, -0.03699184495916166, 0.3322207469876948, -0.4000348724348309, 0.5687674648257522, 0.6143018450814177, -0.049261088466396104, 0.005281125055747426, 0.1900528091773469, 0.035354642886840454, 0.05601380169243049, -0.4903723463546439, 0.11348438318328805, 0.012549020799124877, -0.04627848694484729, 0.06461087639535988, -0.12456112585146677, 0.20567615872434622, 0.05333798881599539, -0.13183073308463078, 0.5238255131444904, -0.007790763588043417, 0.19034341106884628, 0.13682713213736755, 0.08293786365735131, -0.21147797694258372, -0.06263575334659936, -0.12360188402341771, -0.11923982690420847, -0.019070950440299956, 0.1000557145432846, -0.1292102004676609, -0.32194802814535306, -0.08885456388545401, -0.026338296608624027, 0.06206220473371286]",0.5384615384615384,52,alpha029
0.00970048488011022,-0.0019735874114602744,1959,"[-0.1258894362342638, 0.01270053475935829, -0.3253968253968254, -0.3029871977240398, -0.05722726775358354, 0.3862019914651494, 0.039118065433854904, 0.4162464985994398, 0.22651222651222655, 0.2177339901477832, -0.1088740562424773, -0.4480796586059744, 0.322192513368984, 0.6447947214076246, -0.16772374911909796, 0.05566502463054186, -0.08011204481792718, 0.21497975708502026, -0.180241935483871, -0.03542780748663102, 0.013133208255159476, 0.25739710789766407, -0.4790940766550524, 0.20634920634920634, 0.06041275797373359, 0.30845825582667685, -0.047876447876447875, 0.0637630662020906, 0.011489222015537806, 0.3681839734471313, -0.14186217008797652, 0.3235556275828539, -0.29390243902439034, -0.16680161943319838, -0.14554655870445346, -0.027072192513368988, 0.05272525027808676, 0.01707317073170732, -0.13686087026983226, 0.03375668449197861, -0.11902113459399331, 0.028919860627177708, -0.024893314366998574, 0.1728307254623044, 0.4712643678160919, 0.17955182072829132, -0.12470626367393242, -0.35182072829131655, 0.07927927927927929, -0.06558704453441296, 0.19953208556149735, -0.13452157598499065, 0.16241956241956243, 0.10837606837606836, -0.12324929971988796]",0.5454545454545454,55,alpha030
-0.037544524996619005,-0.04346385431288131,1547,"[-0.25620456344151654, 0.21134634861011942, 0.05808953480361145, 0.29437123021659556, 0.5365272934866748, 0.19210526315789475, -0.16453271582758502, -0.5374780665544143, -0.10188573081708686, -0.2645161290322581, -0.04495360930486325, 0.3935951863874024, -0.05638956751563535, 0.31427477204122933, -0.08482430241461604, 0.23660597702814154, 0.26350057488693596, -0.17129986397230482, -0.28210063357413157, 0.11369530021124626, -0.08310104529616727, 0.22055772081487912, -0.21417004048582997, 0.334670697407653, -0.5808390220139781, 0.2071098789932394, 0.2632687788671907, 0.6808155080213905, -0.44187340355752175, 0.35551877476135696, -0.07183925091156868, 0.10503853067295202, 0.2624880276394429, 0.13193277310924373, -0.29839134707277665, -0.4477904626150316, -0.2921492921492922, 0.11923076923076925, -0.3065095690487549, -0.10950549368861177, -0.3503217503217504, 0.007179487179487179, 0.4450203153338357]",0.5116279069767442,43,alpha031
-0.0665812742627956,-0.02720114071283658,2061,"[0.008803913567590301, 0.8114973262032086, 0.605006105006105, 0.37980085348506404, 0.037750300908195644, 0.3456614509246088, 0.37292555713608344, 0.24313725490196078, -0.05611325611325611, -0.028571428571428564, -0.42575774154721524, -0.23257467994310096, 0.09926470588235295, -0.21700879765395892, 0.448907681465821, 0.4940886699507388, -0.4803921568627451, 0.0028340080971659917, 0.5362903225806452, 0.7266042780748663, 0.25853658536585367, -0.2040044493882091, -0.41742160278745655, -0.11932129173508485, 0.03696060037523453, -0.057446110077689023, 0.26666666666666666, 0.0, -0.2338330233067075, 0.1417733522996681, 0.02346041055718475, 0.05890932663479458, 0.38188153310104533, -0.48846153846153856, 0.3301619433198381, 0.6550802139037434, -0.29076751946607343, -0.029268292682926838, -0.11595494692488455, 0.15207219251336898, 0.06384872080088987, 0.29756097560975614, -0.42271218587008064, -0.29065908013276437, 0.3765736179529283, 0.16834733893557424, -0.6131593874078276, 0.5179271708683474, 0.1608751608751609, 0.27712550607287456, 0.04879679144385027, 0.025703564727954976, 0.09806949806949808, 0.23623931623931624, 0.2016806722689076]",0.6545454545454545,55,alpha032
-0.012986295031673424,-0.01842049743712921,1962,"[0.07222840497454602, 0.23357301048926052, -0.0024453637683587975, -0.3007947391727474, 0.014451502055733902, 0.2387475878196053, 0.09260137798898097, 0.11800983976799778, 0.18899260714966287, 0.22816313003472, -0.07991680864662516, 0.04957306060641212, 0.30470783777195476, -0.05393012935224147, 0.033137099401037866, 0.21880006422335996, -0.15177635980167295, -0.06722689385732891, 0.08189612740774299, -0.12505225534277836, 0.2500704566899007, 0.1589315771960857, -0.21665958359940415, 0.10981790880010127, -0.02064274042250806, -0.05867221710223387, 0.0690544041081077, 0.018385397099487978, 0.13451541027843686, -0.0707975157336766, 0.19979828537479913, -0.20073747058643882, -0.1402301045832297, -0.1898638240758095, 0.15090138495935132, -0.09780974311826585, -0.1121994907389413, 0.0020038334508765236, 0.24342400192815286, -0.041813026829979144, 0.0017811426981902368, 0.29527336792808745, -0.07960614917378217, -0.08134709396516887, 0.21054074328495032, -0.05631435299781809, -0.13025857862259396, -0.17314562265000785, -0.03952365830718426, 0.07443416011064187, 0.17583152510350342, 0.11759742699803007, 0.034251871656442036, 0.020865403806832022, 0.09374344292813193]",0.5818181818181818,55,alpha033
-0.038630224901066025,-0.042527404242942636,1862,"[-0.05010953653949767, -0.028232204452171714, 0.19056090379304136, 0.09321079960916216, 0.017370596447088167, 0.10774974610478291, 0.09882934716358928, -0.05527886126236586, 0.03414547448625874, 0.2443794477150327, 0.17821783376477382, -0.13921195771881945, 0.06433326875969547, -0.19609216379763664, -0.013260451530635027, -0.03770921633436155, -0.22331894821387804, 0.31649074293236223, 0.31416175519799633, -0.034242399008979, -0.1782096973425238, -0.03330675081066876, -0.2600558297978568, 0.03539709129593233, 0.11221956267081044, 0.09225213449854675, -0.03628602150632898, 0.022729355791547966, -0.1415893371042391, -0.18127943911318695, -0.22828508263017938, 0.0213627629576753, 0.09696565253851798, 0.10258122194328688, -0.20786688333605374, 0.22415892396487053, -0.30569948613527353, 0.1717846059440726, 0.15047486790968634, -0.1356253714332473, 0.06771019045788838, -0.39666029408497233, 0.08321659054588133, -0.26635873770900803, -0.0400672472998688, 0.07529442064629362, 0.10455994749966503, 0.34358288770053474, -0.24242424349111644, -0.0603759031339823, -0.016413062301772214, -0.14357753327578898]",0.5,52,alpha034
-0.004540094256811653,-0.021799062391351046,2029,"[0.1332431250456856, 0.06745702477755046, 0.43944485165382585, -0.25457875457875456, -0.26524972675191055, -0.1772887073634723, 0.15798573066728216, 0.08120347720643273, 0.4706211931143279, 0.38280345277855554, 0.17955374764132093, -0.030294863122569782, 0.13965619540941027, 0.470499755861561, 0.5080239469385827, -0.17092511278581168, 0.4128749636697407, -0.32885154061624655, 0.11301839820881135, -0.1963839149865809, -0.11030333455407756, 0.23219814343673112, -0.03360035686211783, -0.4328918144592306, 0.27322579774230027, 0.1674562598586892, 0.07081098998575396, -0.08266651842678761, 0.1149154922480928, 0.14323230112703797, -0.0015419288679990996, -0.1298129900261933, -0.15437601347286112, -0.1357852721818968, -0.05911230332991712, -0.035564131783735596, 0.08914537320151555, -0.02781177011313707, 0.14040441173622317, 0.18620268110764276, 0.3690147919627322, -0.34104113081681575, 0.45595801423562465, 0.013292200198923182, 0.046952811374694585, 0.19296565118436623, 0.10943741244674295, -0.2623216817290133, -0.3984309486742198, 0.18871379908697494, 0.265113958034158, 0.3275401069518717, -0.040940909143382616, -0.12989701507289317, 0.10616453920267789, 0.25646420908315926]",0.5892857142857143,56,alpha035
0.004302786170063326,-0.011838321492680874,1763,"[-0.2605500237079184, 0.2285714285714286, 0.29523809523809524, 0.2901477832512315, -0.3977459240617135, -0.2330488383119962, 0.3860294117647059, 0.3321114369501466, -0.27188160676532763, 0.15566502463054185, -0.10644257703081232, 0.23340080971659918, 0.1899193548387097, -0.07453208556149733, 0.34709193245778613, -0.03670745272525028, -0.18588850174216032, 0.12643678160919541, 0.14971857410881803, -0.44917387022650185, 0.1456885456885457, 0.08013937282229966, 0.3021118284276179, 0.3527738264580369, 0.12866568914956011, -0.004942873348999271, -0.3949477351916377, 0.35242914979757084, 0.3366396761133604, 0.002005347593582888, -0.09588431590656285, -0.02439024390243903, 0.07219836317964509, -0.001336898395721925, 0.09899888765294772, 0.3928571428571429, 0.2503556187766714, -0.0433854907539118, 0.020251778872468526, 0.03165266106442577, -0.2929260189611863, -0.05350140056022409, 0.12277992277992279, 0.06761133603238867, -0.13368983957219252, 0.4052532833020638, 0.3204633204633205, 0.3292307692307692, 0.18739495798319328]",0.6326530612244898,49,alpha036
-0.03213002534144972,-0.022614924412643386,1762,"[0.16219100380972898, -0.052554141205565424, 0.15654973453269075, 0.31235374051434583, -0.220191521434721, -0.1376407834213288, 0.2788598421280138, -0.05994500559019267, -0.1845351419280351, 0.09286858057879209, -0.11390543605898887, -0.19593946644623544, 0.10001008216970853, -0.17250313956355248, 0.29084768313541737, 0.08390831011588809, -0.1928036272517281, 0.01779603161706342, -0.08296185808563478, -0.25958960678089377, -0.03733264799329395, -0.002614151431016324, 0.19933228981934303, -0.1947836409657564, -0.07134343514769265, -0.4029016167084652, 0.008541422907261342, -0.2414700931471829, 0.1560111414181847, 0.00902557258135854, 0.021581933607794368, 0.037296852678101615, 0.21456654449011678, 0.14493481251370385, 0.35068981731587884, 0.41087298062320365, -0.059869591410655496, -0.19430942638032547, 0.3685652250391468, -0.1920437054840065, -0.06444291759336714, -0.019193052028258828, -0.03874372538209321, 0.093044450986273, -0.010196406505209983, 0.11974475318116239, 0.39013716702236134, 0.16717948717948716, 0.42079455771775814]",0.5102040816326531,49,alpha037
0.03925782068613147,0.024729806286440444,1953,"[0.3551665725578769, 0.6236631016042781, 0.184981684981685, -0.0954300280260937, -0.03074734653682022, 0.25177809388335703, 0.32669511616880037, 0.6024231403525965, 0.23294723294723296, 0.3290640394088669, 0.037531458584090155, 0.07467994310099572, 0.44151069518716585, 0.6140029325513195, -0.08626096767045359, 0.5019704433497535, -0.1008403361344538, 0.19412955465587045, -0.09354838709677421, -0.26871657754010697, 0.1277673545966229, 0.04872080088987764, -0.4400696864111499, 0.27367268746579093, 0.4223264540337711, 0.18284276179013018, 0.20633286308138013, 0.3191637630662022, 0.10537257905678957, 0.22594985517731003, -0.042155425219941346, 0.11806174540150718, -0.11507469848451984, -0.007490257613722374, 0.17875398575450965, -0.0046791443850267385, -0.02736373748609566, 0.33327526132404184, 0.1966615347216595, 0.30347593582887705, -0.3631104705971176, 0.39912891986062726, 0.00521574205784732, -0.03532479848269321, 0.12041598248494799, 0.08053785298831502, -0.19844421035572482, -0.25406162464985993, 0.17657657657657658, 0.29493927125506075, 0.052807486631016046, -0.09305816135084428, -0.04710424710424711, 0.05299145299145299, 0.2470588235294118]",0.6727272727272727,55,alpha038
0.009822680457642194,-0.006124163846670454,1712,"[0.4715384615384615, 0.4445302445302446, 0.06429363270839453, -0.26700224365619757, 0.19158269251409757, 0.5137032085561497, 0.5636513633791129, 0.04580690627202255, 0.5832512315270935, 0.22913165266106442, 0.46417004048583, -0.21312632430117323, -0.030414438502673797, -0.06585674757467777, 0.08476084538375972, -0.2853658536585366, 0.5325670498084292, 0.5105305132498525, 0.12528723055038843, 0.24633204633204633, 0.3383275261324043, 0.22376627639785532, 0.2411095305832148, -0.4160557184750733, 0.07657402155416904, 0.009059233449477353, 0.15526315789473685, 0.2767486601889783, -0.001002673796791444, -0.0002224694104560623, 0.27439024390243905, -0.01223563730653918, 0.3195454176778732, -0.3263626251390434, 0.11202090592334496, 0.08369391277816417, -0.14153627311522046, -0.17788724685276408, 0.3669467787114846, -0.2669961915566, -0.4103928856621966, 0.42779922779922785, 0.5183235579008951, 0.0855614973262032, -0.3050799759442338, -0.19073359073359075, 0.07218612705843774, 0.5720288549639627]",0.6666666666666666,48,alpha039
-0.010469797304975739,-0.01891355357194729,1953,"[-0.06832298136645965, 0.11931818181818182, 0.5445665445665445, 0.2510668563300142, 0.04015756647335595, -0.1384542437174016, 0.592460881934566, 0.04901960784313727, 0.20025740025740027, 0.07881773399014776, 0.11565816828974723, -0.3703176861071597, 0.15274064171122995, -0.31524926686217003, -0.43157152924594777, 0.49605911330049257, -0.2736694677871148, -0.11234817813765183, 0.3483870967741936, -0.286096256684492, 0.398686679174484, 0.1221357063403782, -0.2266550522648084, 0.03284072249589491, 0.4300187617260789, 0.13776124302440093, 0.3127413127413128, 0.12770034843205577, -0.09267972425867164, 0.5929350403034612, 0.33980938416422285, 0.31366988088485537, 0.16951219512195126, -0.3331983805668016, 0.041093117408906886, -0.13970588235294118, 0.3192436040044494, 0.2874564459930314, 0.28320233368446646, 0.3088235294117647, 0.5946607341490544, 0.058536585365853676, -0.34637268847795155, 0.35348506401137975, 0.17679255610290093, 0.06946778711484594, 0.0018637063447046432, -0.15518207282913166, 0.1966537966537967, 0.20040485829959515, 0.029411764705882356, 0.3061913696060038, 0.37271557271557276, 0.5131623931623931, 0.2411764705882353]",0.7454545454545455,55,alpha040
-0.008188075511245068,-0.01598147263960399,2061,"[-0.10201612903225808, -0.15795832074901844, 0.18160265528686578, -0.06717914438502674, -0.18376068376068375, -0.2773826458036984, -0.056570740781267094, 0.2996680891417733, 0.1434329065908013, 0.19523809523809524, 0.15804375804375803, 0.21231527093596053, -0.027245869351132507, 0.03105737316263632, 0.1911764705882353, -0.14699413489736068, 0.1478505990133897, 0.15467980295566497, 0.06526610644257703, 0.006477732793522267, 0.08467741935483872, -0.20955882352941177, 0.24671669793621018, 0.14571746384872078, -0.21428571428571433, 0.10071154898741107, 0.06810506566604127, -0.0747346536820221, 0.012870012870012871, 0.04094076655052265, 0.09267972425867164, -0.11522048364153627, 0.10850439882697946, -0.19325824487480756, -0.09233449477351918, -0.08522267206477734, -0.04068825910931174, -0.04913101604278075, -0.03982202447163515, 0.06271777003484322, 0.36779839559192934, 0.14538770053475936, 0.03314794215795328, 0.26916376306620216, 0.03247984826932195, -0.301090564248459, -0.002736726874657909, -0.05798319327731092, 0.09099748804797018, -0.19103641456582635, 0.02187902187902188, 0.34028340080971664, 0.029411764705882356, 0.028142589118198877, 0.08751608751608753, -0.03111111111111111, 0.21288515406162464]",0.5964912280701754,57,alpha041
0.024158422501587985,0.012129587161029385,1962,"[0.37806230658911993, 0.5955882352941176, 0.3504273504273504, -0.012921581434589085, -0.07561002297844403, 0.3029871977240398, 0.1585062251802899, 0.134733893557423, 0.5057915057915059, 0.357433184137473, 0.04256483203851625, 0.015530527672863111, 0.3098262032085562, 0.34075703561683607, 0.05392450733315654, 0.46945812807881765, -0.33277310924369746, 0.2969635627530364, -0.07903225806451614, -0.20287433155080214, 0.2381086416333025, 0.17419354838709677, -0.47029099860136847, 0.12643678160919541, 0.2358348968105066, 0.33362512309880726, 0.17877598338068687, 0.19198606271777008, 0.11981617244775139, 0.05820638976498385, 0.26173020527859236, 0.16652485731427186, 0.1686484604587664, 0.154251012145749, 0.036639676113360324, 0.001336898395721925, -0.016240266963292546, 0.07143168263232876, 0.3212187515298168, 0.25167112299465244, -0.014015572858731925, 0.29304412240872435, -0.0028449502133712657, 0.06199988156229441, 0.04817298526021058, 0.17450980392156865, -0.0025119520298193016, -0.052664752562793835, 0.2827723797605249, 0.38582995951417004, 0.4899732620320856, 0.14652908067542217, 0.1564993564993565, -0.0147008547008547, 0.23098473402124492]",0.7818181818181819,55,alpha042
0.05196964567741549,0.034771918798569425,2023,"[-0.15886687467625646, 0.4341793657418057, 0.6751380217291582, -0.13995424352834834, -0.1927868739305455, -0.23184282802711073, 0.26797159812353744, -0.01898209220239217, 0.4259626766544295, 0.3460622930154507, 0.17182306407975653, -0.08669951570085714, 0.02051464614573501, 0.40819407125068335, 0.6107851974021742, -0.061623077377772825, 0.3951196544896239, -0.07398585630202341, 0.00020258299084558752, 0.05366691542801464, -0.2676586374382195, 0.16968561230108575, 0.1431752961576483, -0.3747658432459611, 0.06350944667199004, 0.3785305583032218, -0.09747019401913727, 0.17140295349965054, 0.26390594162322994, -0.07772305069142496, 0.17122192013346835, -0.32618264019293475, 0.1865499468563466, -0.0010460253589421012, -0.01670886290131248, 0.05204536676377759, 0.16932720966848708, 0.0781041407854527, 0.04549615058765735, -0.14453632834450889, 0.2249540843452878, -0.1541556467968888, -0.22317200310143673, -0.01863835375607185, -0.046950027418605766, 0.14978096441041108, 0.19363444599034937, -0.14333781227380304, -0.40532999192534486, 0.15861981355738936, 0.061572747411252064, 0.008359107977458447, -0.2697072262089818, 0.21136018676145832, -0.04484769696281948, 0.2954865076465677]",0.5714285714285714,56,alpha043
-0.032870633892216186,-0.037626244832039475,2061,"[0.0550694242211363, 0.5965909090909092, 0.39438339438339437, -0.10170697012802274, -0.1417004048582996, -0.15339023233760074, 0.07965860597439543, 0.3434173669467787, -0.012870012870012871, -0.10147783251231525, 0.0285589232957654, -0.055002370791844474, 0.0023395721925133692, -0.03922287390029325, -0.07470049330514447, 0.41133004926108363, -0.13781512605042018, 0.1048582995951417, -0.027016129032258068, -0.14772727272727273, -0.18686679174484055, -0.02246941045606229, -0.24564459930313592, -0.32457580733442803, -0.23039399624765483, 0.22836196520407048, -0.014414414414414415, 0.060801393728223005, 0.15614399824926142, 0.40564248458985297, -0.00219941348973607, 0.0076979175107365705, -0.09407665505226483, -0.2374493927125506, 0.1931174089068826, -0.20153743315508021, -0.20222469410456062, 0.4407665505226482, 0.09018718094157688, 0.05782085561497327, -0.07497219132369298, -0.16393728222996518, 0.07752489331436699, 0.42650545282124225, 0.5446086480569239, -0.12521008403361344, -0.17170407584474517, -0.12605042016806722, 0.6030888030888031, 0.00020242914979757084, 0.546457219251337, -0.09699812382739213, 0.19021879021879023, 0.20888888888888887, 0.04313725490196079]",0.4909090909090909,55,alpha044
0.016232735716361288,0.008893464159273735,1938,"[0.2971256684491979, -0.02564102564102564, -0.003793266951161688, 0.1817485501696028, 0.027975343764817445, -0.295637743006164, 0.1380952380952381, 0.09935649935649937, 0.11379310344827585, -0.11303206040048144, -0.09340919867235657, -0.29812834224598933, -0.17375366568914952, 0.14150810429880195, 0.4950738916256156, 0.21764705882352942, 0.152834008097166, -0.14879032258064517, -0.14371657754010697, -0.1352720450281426, -0.03314794215795328, -0.19895470383275266, -0.20032840722495895, -0.05647279549718576, 0.1125943757522705, 0.03577863577863578, 0.24756097560975612, 0.16577306050990262, -0.10146989094357514, 0.2657624633431085, -0.07916700429462767, 0.02264808362369338, -0.0910931174089069, 0.18886639676113362, -0.09057486631016043, -0.03759733036707453, 0.24843205574912894, 0.23182886313912973, 0.09391711229946524, 0.22180200222469412, 0.1937282229965157, 0.05950687529634897, 0.10668563300142248, 0.09578544061302681, 0.34145658263305323, 0.007211733246900576, -0.22997198879551825, 0.20154440154440154, 0.02165991902834008, -0.02573529411764706, 0.11857410881801128, -0.04864864864864865, 0.17538461538461536, 0.17478991596638654]",0.5925925925925926,54,alpha045
0.03820973637395451,0.020022082241842758,2060,"[-0.04908247190486166, -0.19164544843133766, 0.21270799391196737, 0.3712482003247206, -0.13397282541141675, 0.19311738079062257, -0.14899369852152206, 0.16206323345673704, 0.39237560383506304, 0.050097943286811955, 0.14915339933253555, -0.22271770159368695, -0.05832669544902575, 0.4977762727875425, -0.10801609559745538, 0.06292014209714505, 0.1157855463762986, 0.35465802250219863, -0.22833974124789377, 0.4075938212388997, -0.3257918827675009, -0.5603693789193427, 0.12259689288250608, 0.33961024181130484, -0.2515597601469084, 0.27611422286560805, 0.35445247715792294, -0.01206600103109968, -0.2088147590655498, 0.28673352998231166, 0.06998280598037815, 0.3697067513231813, -0.31398573766188587, -0.003969379235246174, -0.04602550748156476, 0.4122255692075235, -0.0731211329476109, 0.08309856102237734, 0.25317560415766893, 0.07892042449421093, 0.05506379812144288, 0.31263006343134364, -0.5507132934910273, 0.12171612389003693, 0.19591793788175285, 0.055381480029575096, 0.24122532033850386, -0.31441407276126615, -0.18652985469773162, -0.10727978097782272, 0.42511638197549884, 0.2297222346536933, -0.11072314746526755, -0.265053404607526, -0.7096927292269802, -0.06746990849399866, 0.445896321370523]",0.5614035087719298,57,alpha046
0.0795399656953956,0.05956937975160179,1957,"[0.3005128205128205, 0.6163101604278075, -0.3876678876678876, 0.138217164532954, -0.01980523033154612, 0.34186818397344704, 0.4352773826458037, 0.30560224089635857, 0.2362934362934363, 0.12364532019704431, -0.1721194879089616, -0.06567093409198671, 0.37867647058823534, 0.40945747800586507, -0.06878083157152924, 0.17290640394088666, -0.21120448179271709, 0.5904858299595142, -0.11814516129032258, 0.1751336898395722, 0.16998123827392123, 0.18620689655172412, -0.4114982578397214, 0.11275314723590585, 0.5724202626641651, 0.04256483203851625, 0.29343629343629346, 0.31219512195121957, -0.09443046285151549, 0.26481744902797527, 0.03995601173020528, 0.18158982254274372, 0.28031358885017427, 0.33400809716599195, 0.05121457489878543, 0.09258021390374332, 0.19377085650723025, 0.019686411149825788, 0.1524187667125841, 0.4137700534759359, -0.2462736373748609, -0.05261324041811848, 0.017543859649122806, -0.06258890469416785, 0.2911877394636015, 0.29523809523809524, -0.11563082408232721, -0.395798319327731, 0.29343629343629346, 0.48987854251012153, 0.36463903743315507, -0.0225140712945591, 0.12792792792792793, 0.07282051282051281, 0.4722689075630252]",0.7272727272727273,55,alpha047
-0.03416035290970283,-0.04206389535717415,2060,"[-0.047884216772381846, -0.2023887406424507, 0.020663433497915586, 0.18416508698523096, 0.03687702313927188, -0.30309505041269946, -0.14370491980448158, 0.28198026931911635, 0.18347082465782769, 0.19355507465465016, -0.07481865302549416, 0.05150579472787867, -0.10816124205651734, -0.1146917234031574, 0.029286715503079323, 0.08451670944381978, -0.030778255421170096, 0.11513110966977215, 0.09157717687048318, -0.10510703303935914, -0.07535313474832522, 0.06816064229439071, -0.17794789911516115, -0.11922569993963991, -0.18198354651755513, 0.17446329003906114, 0.04871564163185705, 0.08702669484327, -0.04408956339002335, 0.20796825165406263, 0.0849628206572636, -0.010205720203238795, -0.05887731546495759, -0.1861341632879232, -0.09815192306074691, -0.12667327092000516, -0.16775019508168432, -0.13489414404489827, -0.2415570192026749, -0.20637569938561204, 0.13308555441112, -0.14439295005174052, -0.021161809000134844, 0.4065705499211374, 0.18777349612023692, -0.14846359406812154, 0.057940016380134914, 0.05631515087489061, -0.04018184274521862, -0.08376767470351089, 0.017953547616538442, 0.07351293649486047, -0.004358317390013165, -0.04815119351570201, 0.07727170287903244, 0.03661766564066771, 0.1686536642781698]",0.5263157894736842,57,alpha049
-0.0181046856413468,-0.023820244196482345,1530,"[0.14595221952798437, -0.004504541722433081, -0.24668165483207374, 0.24668952068662678, -0.16672491564600714, -0.19585695650505305, 0.16831197243602752, -0.09386122520511557, 0.2894148695685193, -0.042994051191984094, -0.07765107734175279, -0.17272840989529045, 0.17667179226987684, 0.5300555712648244, 0.21851622806758256, 0.5445728710138055, 0.19148958011333875, 0.634516114076353, -0.08597975638596442, 0.22193162499144728, -0.06571687570200503, -0.24662047321212455, 0.3063502740840529, -0.325555428735807, -0.46049815427480967, 0.5815415406951383, -0.12374475451405116, -0.3597109422433916, 0.4397239177060044, 0.11371565199085852, -0.4226344831540363, 0.1784236732317297, 0.3532621351603265, 0.09205155465521217, -0.16083016218210178, -0.06065461732735531, 0.37946021469292623, 0.36224430008743347, 0.3937123330581844, -0.0985164081373675, 0.2327396063563681, 0.1488259063141077, 0.04873403467605213]",0.5581395348837209,43,alpha050
-0.03416035290970283,-0.04206389535717415,2060,"[-0.047884216772381846, -0.2023887406424507, 0.020663433497915586, 0.18416508698523096, 0.03687702313927188, -0.30309505041269946, -0.14370491980448158, 0.28198026931911635, 0.18347082465782769, 0.19355507465465016, -0.07481865302549416, 0.05150579472787867, -0.10816124205651734, -0.1146917234031574, 0.029286715503079323, 0.08451670944381978, -0.030778255421170096, 0.11513110966977215, 0.09157717687048318, -0.10510703303935914, -0.07535313474832522, 0.06816064229439071, -0.17794789911516115, -0.11922569993963991, -0.18198354651755513, 0.17446329003906114, 0.04871564163185705, 0.08702669484327, -0.04408956339002335, 0.20796825165406263, 0.0849628206572636, -0.010205720203238795, -0.05887731546495759, -0.1861341632879232, -0.09815192306074691, -0.12667327092000516, -0.16775019508168432, -0.13489414404489827, -0.2415570192026749, -0.20637569938561204, 0.13308555441112, -0.14439295005174052, -0.021161809000134844, 0.4065705499211374, 0.18777349612023692, -0.14846359406812154, 0.057940016380134914, 0.05631515087489061, -0.04018184274521862, -0.08376767470351089, 0.017953547616538442, 0.07351293649486047, -0.004358317390013165, -0.04815119351570201, 0.07727170287903244, 0.03661766564066771, 0.1686536642781698]",0.5263157894736842,57,alpha051
0.03371172541966425,0.0163264404652376,1722,"[0.3350140056022409, 0.24041184041184044, 0.060352260588339694, -0.006893533209322683, 0.008653903162614707, 0.4828277780708031, 0.5073313782991201, 0.20126849894291754, 0.3054187192118226, -0.07591036414565827, 0.5568095558525241, 0.023387096774193553, -0.21356951871657756, 0.10769735928166678, 0.47185761957730815, -0.4839271731926827, -0.032571507079346924, 0.5919324577861165, 0.1885429777949297, -0.19305019305019303, 0.21602787456446, -0.0346865083707189, 0.3793266951161688, -0.3959307137882549, 0.3867595818815331, -0.18546103941979014, 0.0742914979757085, 0.2062753036437247, 0.011697860962566845, 0.05272525027808676, 0.5949477351916377, -0.0556680982092213, 0.6533511707505655, -0.19777530589543937, 0.42891986062717774, 0.011853959222380275, 0.021337126600284494, 0.04707170224411604, 0.06261819848264846, -0.2836885179483024, -0.3062697210638987, 0.49935649935649934, 0.15870445344129555, -0.08155080213903744, 0.07579737335834899, -0.014414414414414415, 0.11625919130421984, 0.1554621848739496]",0.6875,48,alpha052
-0.0023837708043509564,-0.009549997869325522,2052,"[-0.1101072840203275, -0.19903352461491997, 0.06780464675201517, -0.06985294117647059, -0.19963369963369965, -0.25201517306780463, -0.23733450049239524, 0.18681839734471314, 0.11450924608819343, 0.1470588235294118, 0.17014157014157016, 0.013300492610837433, 0.022212495896706423, -0.059743954480796585, 0.3335561497326203, -0.09127565982404691, -0.09556025369978859, 0.083743842364532, -0.02941176470588236, 0.059514170040485835, 0.15403225806451612, -0.12266042780748664, 0.018011257035647283, -0.10745272525027807, -0.16393728222996518, -0.04597701149425287, 0.2964352720450282, -0.1537367326841011, 0.0028314028314028314, 0.0026132404181184675, 0.3001422475106686, -0.02394499762920815, -0.004032258064516129, 0.09942468195446075, -0.32961672473867604, 0.022672064777327933, 0.019230769230769235, -0.019385026737967916, 0.010011123470522802, -0.006097560975609757, 0.36585365853658536, 0.16243315508021391, -0.19955506117908786, 0.32299651567944254, 0.10573731626363203, -0.2136083451872925, -0.047619047619047616, -0.192436974789916, 0.2888744834292197, -0.06918767507002802, -0.17992277992277994, -0.051417004048583, 0.05648395721925135, 0.12495309568480302, 0.06126126126126127, 0.10085470085470086, -0.02941176470588236]",0.5087719298245614,57,alpha053
-0.0023920550962451084,-0.0113324644046902,2061,"[-0.1463709677419355, -0.1516158260344307, 0.1699857752489331, -0.02840909090909091, -0.3107448107448107, -0.24774774774774772, -0.07561002297844403, 0.3639165481270744, 0.11830251303935514, 0.1431372549019608, 0.1312741312741313, 0.24088669950738908, -0.044096728307254626, 0.027027027027027025, 0.18315508021390375, -0.05535190615835778, 0.17618040873854826, 0.09162561576354677, -0.08375350140056023, -0.00465587044534413, 0.07943548387096776, -0.0768716577540107, 0.24803001876172615, 0.1768631813125695, -0.2331010452961673, 0.055281882868089764, 0.1056285178236398, -0.07561002297844403, -0.029601029601029602, 0.012543554006968645, 0.13338439654229128, -0.07278330962541488, 0.09310850439882698, -0.12259946519730978, -0.21550522648083625, -0.08623481781376519, -0.11275303643724698, -0.07352941176470588, -0.22313681868743046, 0.015331010452961676, 0.35596791183858684, 0.13569518716577542, -0.06829810901001113, 0.20766550522648086, -0.006164058795637743, -0.3290659080132764, -0.08319649698960044, -0.06610644257703081, 0.18402074386192369, -0.21512605042016805, -0.010296010296010296, 0.34271255060728745, 0.029077540106951877, 0.056848030018761736, 0.11814671814671815, 0.05025641025641025, 0.1473389355742297]",0.5087719298245614,57,alpha054
-0.010251925943222754,-0.014285489228963208,2061,"[-0.040942090418261884, 0.6848262032085561, 0.199023199023199, -0.02963489805595068, -0.20910384068278803, -0.4532954006638217, -0.09174964438122332, 0.2123249299719888, 0.12046332046332048, -0.47192118226600976, -0.020024072655651603, -0.0002370791844476055, 0.3114973262032086, 0.2921554252199413, -0.10965468639887244, 0.4551724137931034, 0.0700280112044818, 0.12287449392712552, 0.23870967741935487, 0.06951871657754011, -0.10844277673545967, -0.038042269187986644, -0.008362369337979096, -0.23371647509578544, -0.04615384615384616, 0.21391837181310866, -0.15212355212355214, 0.1482578397212544, 0.002079002079002079, 0.572072072072072, -0.1660557184750733, 0.2091402641601167, 0.03153310104529618, -0.05202429149797571, 0.25728744939271253, 0.08155080213903744, 0.17908787541713014, 0.19059233449477356, 0.13702293169111093, -0.20889037433155083, -0.04471635150166852, 0.018815331010452966, -0.05429113323850165, 0.6204362256993836, 0.19157088122605362, 0.2067226890756303, -0.2904950976420063, -0.1338935574229692, 0.048391248391248386, 0.07388663967611336, 0.36062834224598933, 0.040150093808630404, 0.3158301158301159, 0.06393162393162392, 0.21792717086834737]",0.6,55,alpha055
-0.023155425032126045,-0.029199115990408305,1932,"[-0.10494652406417114, -0.19291819291819293, -0.14888572783309625, -0.11631469526206367, 0.30464675201517305, 0.11474632527264104, 0.08907563025210086, 0.0069498069498069494, -0.012807881773399012, -0.032498085129664074, 0.005689900426742531, 0.2697192513368984, -0.1224340175953079, 0.18520084566596193, 0.16699507389162557, -0.0005602240896358543, 0.021255060728744942, 0.07540322580645163, -0.04879679144385027, 0.2968105065666042, 0.14705228031145717, -0.1628919860627178, 0.09359605911330049, 0.04915572232645404, -0.16292811029653134, -0.013642213642213644, -0.01829268292682927, 0.11697122223438013, -0.1512565196775723, 0.093841642228739, -0.17948302406612107, -0.11254355400696867, -0.12004048582995952, -0.07611336032388663, -0.09893048128342247, -0.014015572858731925, 0.05627177700348433, 0.3297139615914432, 0.04846256684491979, 0.0967741935483871, 0.19459930313588855, 0.03200568990042674, -0.29468942626837363, 0.006568144499178982, -0.08263305322128851, 0.1687869702617292, -0.17927170868347342, 0.054311454311454316, 0.3378542510121458, 0.0912433155080214, 0.042026266416510326, 0.0815958815958816, -0.1569230769230769, -0.010084033613445379]",0.5370370370370371,54,alpha057
0.0006912246396292535,-0.005232421452247396,2061,"[0.3403664241415429, -0.005580479264689791, 0.3136557610241821, 0.030346135609293504, -0.040336134453781515, 0.039639639639639644, 0.22118226600985216, -0.11084363715942663, 0.013513513513513513, 0.09057486631016043, -0.3112170087976539, 0.14672304439746298, -0.06600985221674875, -0.04257703081232493, -0.09595141700404858, 0.08548387096774195, 0.0250668449197861, 0.3305816135084428, 0.1332591768631813, -0.11062717770034845, 0.014230979748221127, -0.20919324577861168, -0.17277601488127803, -0.10012870012870013, -0.04668989547038328, -0.11456395666921981, -0.234945471787577, 0.3049853372434017, -0.16068389919779597, -0.11219512195121953, -0.24271255060728744, -0.07995951417004049, -0.14572192513368984, -0.1657397107897664, -0.038501742160278754, 0.3767117737622559, -0.02774064171122995, 0.1804226918798665, 0.05435540069686412, 0.14035087719298245, -0.3444760550023708, 0.12753147235905857, -0.3582633053221289, 0.17721416416821975, -0.1142857142857143, 0.007722007722007722, 0.2524291497975708, -0.06350267379679145, 0.03433395872420263, 0.2453024453024453, -0.005811965811965812, -0.04145658263305322]",0.46153846153846156,52,alpha060
-0.07755930305834892,-0.07738149027219154,2061,"[0.04524139283588641, 0.18285659000358706, 0.2357985243408793, 0.31515761822352373, 0.3051708565716593, -0.31107570906147075, -0.015467205622243648, 0.025565499628245683, 0.5280724328578091, -0.23297385490117717, 0.2927700218845599, -0.07312724241271308, 0.23363502938075878, 0.060380736442456, -0.540080477987277, -0.09419253221589767, -0.0771945727741749, -0.38844929803367795, -0.4645820984297111, 0.1767841650395718, -0.12015620848509842, -0.0350205157094262, 0.15947323018612516, 0.351884807771755, 0.0, -0.3099817124784408, -0.3453280063804049, 0.075306803143448, 0.051512219636993165, 0.12306676790620971, 0.11772296144836791, -0.11168311546321534, 0.3552113669456164, 0.16074018972887077, -0.011987507534823763, 0.29128763250176765, -0.28499398669032056, 0.2844435844500243, 0.33607796579781835, 0.13859178573504743, -0.4692192173586388, -0.6059616675035312, 0.17084843923544982, -0.1279619826583191, -0.10387320127797167, -0.002311973422224185, -0.3047534952624709, -0.34444444444444444, -0.1212678125181665]",0.4897959183673469,49,alpha061
0.004838716356051028,-0.01261102694011275,2061,"[0.43589223723721, 0.2419405191058637, -0.17372281285407365, 0.06515640556793827, -0.33404950056228333, -0.03131633202010096, -0.10188534162169866, 0.20448636095023992, 0.1387375951238592, 0.3353784988318981, -0.02849939866903205, 0.152828012432548, 0.36736692219492445, 0.2764704402696264, 0.1907641932953064, -0.11886623189198178, 0.06837042661456096, -0.42573465914816006, -0.4218307438660538, 0.17130776102358533, 0.22386426104510715, 0.6652962104349068, -0.10195071517641653, -0.1409494236270006, -0.09789284745582581, 0.1076244005001263, 0.21757512627648798, 0.23069992029138897, -0.10729938440986903, 0.27631697068141176, -0.06603192314614627, 0.053157743395375066, 0.009188889386147732, 0.17776310919785848, -0.18565266430812644, -0.08169505684973767, 0.2552323596704955, 0.019665642186229598, -0.15978437267653553, -0.4805169629931268, 0.03423683940087304, -0.23981049687234987, -0.11858190977053464, -0.1817382314014382, -0.27735454108129076, -0.37312164811314036, 0.24046440329433522, -0.05381220025006314, -0.4067363020210856, 0.13421887304828983, 0.010842263355923122, 0.11661083947816417, -0.13372956996714633, 0.250319488948253]",0.5370370370370371,54,alpha062
0.020232895534824928,0.000845499935121295,2061,"[0.025813694431308626, -0.2329658980940595, 0.10438777340033652, 0.41577535720514225, 0.2552536780429229, 0.414962501379366, 0.5589641647198301, 0.06269867707187052, 0.17327582002091801, 0.18876042629143516, -0.1131449153587527, 0.15811388300841897, 0.35802877981553916, -0.446439548737219, -0.34061548344581344, -0.38348249442368526, 0.25153940432201594, 0.052252333929229164, -0.08964214570007953, 0.2030000618646977, 0.5262605167117432, 0.17553312213289868, -0.037731385127734496, 0.11715583722580122, 0.3382958977642419, -0.11134983352076111, 0.23872154869029352, 0.06747944699918496, 0.20160645150967416, -0.08606813495767336, 0.12042544718422037, 0.11881770515720091, 0.23250820789990004, -0.05563486402641868, 0.33739723499592483, 0.14009234472983567, -0.1929864319354372, -0.31579308846976806, -0.20906556137589477, -0.09197090092274489, 0.03537054060515274, 0.39267672624930106, -0.19758171222190382, -0.7268973606788075, 0.39821028185046725, -0.054840849710708184, -0.006924880085198111, 0.4189360564690732, 0.1810065623686569, -0.07777777777777778, 0.1212678125181665]",0.6274509803921569,51,alpha064
-0.008968880439357627,-0.02356372466487458,2061,"[0.36774958904091287, 0.1523804916696559, -0.38852523320140964, -0.4433932278376512, 0.1967675871773127, 0.3118315179038567, 0.07345366923764791, 0.14846149779161805, 0.1253447873320455, -0.3533925434959975, 0.20240154780688277, 0.5362596023594806, -0.2802966691779788, 0.4334052792184489, -0.08939981748151894, 0.37931587716573156, -0.5275043787166296, -0.20793098402510163, 0.047646289000663096, -0.1398542545729439, -0.004225771273642584, 0.37268673830075727, 0.15004689698410664, -0.09863939238321438, 0.04631416786472737, 0.5608545472127794, 0.040238422575800806, 0.01565816601005048, -0.5103522636768433, -0.05000376199861049, -0.1349202105077783, 0.2833443901719923, -0.1102666726337728, 0.14201432049934526, -0.5249230948643892, 0.0986097842803762, 0.01563706789083239, 0.14328877907269919, 0.06288888408487711, 0.12461119656980671, 0.3480962266573544, 0.07029594915666378, -0.19377278632539324, -0.07151985398521515, -0.3438244265127957, 0.13511320473331348, 0.39903477982950963, 0.24261153421983578, 0.32416937596528994, -0.3541688016605732, -0.14752513427184574, 0.6555555555555554, -0.2999957281083349]",0.6037735849056604,53,alpha065
0.01956061166278002,0.011352274703377284,1952,"[-0.2526794547037075, 0.6350267379679144, 0.0024423752383471832, 0.1327722129058695, -0.03228630918979508, -0.0532432145632082, 0.3262209577999051, 0.10563183379056318, 0.4079032084247621, 0.10492610837438422, -0.05164961434660872, 0.374888855297049, 0.31219186204093463, 0.29118917518274895, -0.24994714028908036, 0.3936445404904768, 0.07591568055594217, 0.25851510737090466, 0.024402542207628376, 0.4712566844919786, -0.03011398286534411, -0.221159195939666, -0.5307544949017297, 0.5605583739369958, -0.24093446783604894, -0.3877216044227178, -0.17814390674025585, 0.24703832752613247, -0.06927117572666677, 0.3302708796033504, 0.3132618471593184, 0.4792283381282849, 0.10637278480860085, 0.0885717182389744, 0.03522267206477733, 0.4247743467097134, 0.2944580750220688, 0.26832774546313726, -0.3037400241251404, 0.0894200246486448, -0.15292155957102363, -0.37154186365979497, -0.23189093227572702, 0.30802063442812566, -0.18664477285166942, 0.2192165484245357, -0.36053484721299695, 0.002801316625680523, -0.15959843008787022, 0.42354608981474823, -0.38001336898395727, 0.2956048598401847, -0.21708622561046245, 0.035909714822336625, 0.2750700280112045]",0.6181818181818182,55,alpha066
-0.056919658213336166,-0.05976744872328801,2061,"[-0.09694832119277356, -0.2855607214982003, -0.45600408013264077, 0.15118698638429395, 0.2886751345948128, -0.06642342844420464, 0.21328779037041315, 0.16336323201073885, 0.057735026918962574, -0.2624701295206159, 0.17372281285407365, -0.027004023899363846, -0.03411320625696441, 0.0018878849059619969, 0.03314967720658979, -0.12452652864874282, -0.15453665891097948, -0.22466127631532376, 0.05400804779872769, -0.29274111060992425, -0.17182094133247394, -0.34309923758984645, -0.24122532033850386, -0.29060004238816256, 0.4775942086083415, -0.2727428722967374, -0.1129717001820226, -0.20414343407159016, 0.26569371377681855, -0.16374339003342916, -0.5864383064754833, -0.1703019686454025, 0.059727781009960255, 0.30619474421812065, 0.32416937596528994, 0.0, -0.15062893357603013, 0.08090541863769485, -0.23008949665421116, 0.18263436652138607, 0.004153706552326891, -0.08634894527947166, 0.25414689310486127, -0.11968127433753245, 0.3753527530324201, -0.23598770623475518, -0.01703665689090955, 0.1925243804447558, -0.04570070809225681, 0.07004617236491784, -0.3355483450428337, 0.24753612115029044, 0.24392966917061054, 0.03975219941212229]",0.5370370370370371,54,alpha068
-0.030334224582466825,-0.025221076317607973,1109,"[0.21916971916971917, 0.29160739687055476, 0.20306513409961688, -0.3831637178009196, 0.43842364532019695, 0.4150441278986954, -0.32420669103719957, -0.3078939424861793, -0.4906827125011693, -0.29931245225362874, -0.3458128078817733, -0.6540188827761544, -0.12698541370707264, -0.004269222492911267, 0.03724696356275304, 0.24120653910135703, -0.11715551139758842, 0.1368339089566344, 0.2655052264808363, 0.10518212398731137, 0.29044117647058826, -0.385539488320356, 0.42770034843205584, 0.5428571428571427, -0.1808155080213904, 0.4385026737967915, 0.09174484052532834, 0.13462033462033463, -0.2594871794871795, 0.1823529411764706]",0.5666666666666667,30,alpha072
0.03406790126932426,0.021986281808047344,2061,"[0.01661444400887253, -0.4179363883066712, -0.34027852368936023, 0.04051580836418426, -0.09431940973635172, 0.12480381234558334, 0.27348483695436576, 0.4850298292413933, -0.06269867707187052, -0.06615701550312039, 0.48193159734149926, -0.20577945474985762, 0.10722219284950192, -0.2803210959154001, -0.15953099543397556, 0.022213082915965965, 0.0067510059748409615, -0.442079909806088, 0.0038511419125246676, 0.5378528742004771, -0.44041516463602765, 0.03780826423017844, 0.2303429303405372, 0.09004503377814965, 0.44860030765130415, -0.11537607810372098, 0.34066498437460135, 0.3425430779805023, 0.3166904926578665, 0.07248803762927498, -0.03130553142242842, 0.2556618399498321, 0.2547133540542467, 0.0045526875257463646, 0.19107050140703696, 0.3137551600827678, -0.04630991085218428, -0.20381464344701458, 0.21414512583907888, -0.3260773253630123, 0.24779731389167603, 0.28015354632860223, 0.0609393686772609, -0.10605127050744705, -0.20266980709997023, 0.36821732795813833, -0.03244428422615251, 0.06513126321486326, 0.19012520149931003, -0.05694947974514994, -0.1098339294730552, 0.311316321621857]",0.6153846153846154,52,alpha074
-0.04487079312412301,-0.03679589241710599,2061,"[-0.18394180184548978, -0.18275888409759783, 0.1867897929731142, 0.13046299099971617, 0.15537971921347113, 0.15118698638429395, -0.42277048227136294, 0.17193151398661652, 0.06991126899682786, 0.10022717484922009, 0.406083545780725, 0.2442274735232083, -0.31843917593777593, 0.4618802153517006, -0.38427445296769325, -0.42662359780351605, -0.028883564343935002, -0.3380887890836212, -0.46861575512653547, 0.24380761133440934, 0.029160592175990218, 0.42231003608848877, 0.5929095488526732, 0.06057113921992522, -0.20845580717403378, 0.1338923854009157, 0.21134445588139786, -0.3231221049956844, 0.2295342031445927, -0.3144444204243855, 0.14122602277911428, -0.21397631371007908, 0.05773502691896258, -0.1676288018351213, 0.308933038776905, 0.1278042968526915, 0.15495331599543496, -0.46622539675915387, -0.2504897164340598, 0.4223486455268661, -0.17881839930914695, 0.45591884250404285, -0.6767938778503281, 0.2155872222545182]",0.5909090909090909,44,alpha075
-0.0517388944227865,-0.0712745211311434,1898,"[0.5849266794367154, -0.22156363028666973, 0.34754062534921454, -0.38762446657183497, -0.015173067804646752, 0.10032227311964464, 0.23296849646230702, 0.20485647955563513, 0.42006784112047263, 0.17639760153452183, 0.23848917940707376, 0.41568914956011727, -0.24137566525433296, 0.20591133004926104, -0.6106442577030812, -0.3368591532225414, -0.023790322580645163, -0.40307486631016043, -0.27185741088180115, 0.5652947719688542, -0.17108013937282232, -0.2882167811306917, 0.20018761726078801, -0.1815297078454973, 0.11814671814671815, 0.039825711841667145, 0.3835211729948572, 0.10715979137031767, 0.5154903844636752, -0.063287549178806, -0.3104664840263655, -0.1439271255060729, 0.1362348178137652, 0.22894385026737968, 0.07195372878599142, 0.5027874564459931, 0.05955757231990925, -0.2523395721925134, 0.35354322167819846, 0.1400969741878817, 0.10969196184743545, -0.4256152160270776, -0.31836847620484665, -0.3575231297526754, -0.24511789968398026, -0.4187675070028012, 0.4687258687258687, -0.29869932727155035, 0.38435828877005346, 0.20018761726078801, -0.559217320285755, -0.4530689072885038, 0.005322128851540616]",0.5471698113207547,53,alpha078
0.012562040777873323,0.008104885470205842,1863,"[-0.18325123152709355, -0.09399277820330451, 0.27027027027027023, 0.22285443338074917, 0.2408963585434174, 0.18043758043758046, -0.011822660098522165, 0.02527628843418317, 0.07728781412991939, 0.2740641711229947, -0.25439882697947214, 0.1427766032417195, 0.1679802955665024, 0.07815126050420168, 0.057287449392712554, 0.07137096774193549, -0.042446524064171126, 0.26885553470919327, 0.09944382647385984, -0.11933797909407667, 0.18007662835249041, 0.06303939962476549, -0.035124193018929856, -0.037065637065637064, 0.04912891986062719, 0.054601159864317766, -0.16311047889995256, 0.1730205278592375, -0.24787294384571754, -0.10383275261324043, -0.1091093117408907, -0.11133603238866398, -0.04612299465240642, 0.020244716351501667, -0.004529616724738676, 0.293088080382465, 0.19084224598930483, 0.00778642936596218, 0.1402439024390244, 0.09317211948790896, -0.3032242769084874, -0.02955665024630542, -0.0196078431372549, 0.17543148853415444, -0.161624649859944, -0.03423423423423424, 0.3605263157894737, 0.10494652406417114, -0.09080675422138838, 0.14877734877734877, -0.033846153846153845, 0.10588235294117648]",0.5769230769230769,52,alpha083
0.047497973326083485,0.03245744930983733,2032,"[0.09823185515599676, 0.24398436459652223, 0.6666143430501157, 0.09712891244150551, 0.12118851036014734, 0.2614745790459059, 0.009253769948666182, 0.31426708608344645, 0.4677909870059494, 0.37382470433977305, 0.5278975283298447, 0.37386349875164204, 0.22274747392404362, 0.2844706586588261, 0.3638094678239532, 0.2010724310005873, 0.5662480688177497, 0.3178415744509156, -0.005449709691763884, -0.34935358000292593, -0.34298213731025484, 0.31901537151728415, -0.00045677847461419123, -0.4641299397455997, 0.27382560359557945, 0.35939596981012273, 0.15865506152471964, 0.6239696903549856, 0.3718121803044264, 0.005159760116540154, 0.4078207995521923, -0.12748880012228508, 0.22844618124675148, 0.054365763162537106, -0.05698889713429953, 0.1904594798776179, -0.078427727058904, 0.31845232533468554, 0.35112439513233545, 0.20030823227752798, 0.22203416869776416, -0.13070421940105978, -0.10183534499705346, 0.07973831084864638, 0.007456283789448456, -0.053504077305792506, 0.2604989159161181, -0.1901806157828563, -0.26705693730570873, 0.34011597521114034, 0.3666056211011738, 0.020710352167069884, -0.16419591206715783, 0.031962169757151646, -0.019493845189268454, 0.289376007432798]",0.7321428571428571,56,alpha084
-0.008338390998491709,-0.013156798623912747,1924,"[0.6656410256410256, 0.4790108436208413, -0.31644532528491554, 0.44564864699266343, -0.048381362008438636, -0.1264892421165739, -0.35486131961736944, 0.240937520332876, 0.30285858779323827, -0.06664113376500998, -0.14912280701754385, 0.03208556149732621, -0.10777126099706744, 0.2099439727861775, 0.6182266009852215, 0.24656405737188794, 0.11882591093117409, 0.2149193548387097, -0.15441176470588236, -0.4153846153846154, -0.31849546890142133, 0.32615531140155374, -0.15228709605582616, -0.45230955302264336, 0.0036132713370531444, 0.12894504791320222, -0.45340885414510673, 0.12894046229318284, 0.5852189173789952, -0.055214180051104365, -0.5034059076593501, -0.15672096932018653, 0.15182186234817815, 0.7254415718587603, -0.21223262032085563, -0.12658509454949946, 0.49424889722415305, 0.07435036036378062, 0.3638642872151397, -0.14304783092324808, 0.21046212834110525, -0.5407231810376232, 0.3084400189663347, 0.012588943623426383, 0.1327731092436975, -0.343327120978851, -0.15014005602240896, -0.09182229849509393, -0.3639676113360324, 0.08155080213903744, -0.15403377110694186, 0.2370437374548407, -0.15674204017427876, 0.2416212834484915]",0.5185185185185185,54,alpha085
0.032679990551233475,0.02229132435338789,2061,"[0.09394899606030288, 0.1758544106801308, 0.3923489887048633, -0.13206309278036843, -0.113420409692337, 0.18285659000358706, 0.045714147500896765, 0.09086217008485094, 0.07864451964806421, 0.008247860988423224, -0.2855754187258886, -0.19809463917055262, 0.1782993478379727, -0.09551697751950035, 0.29920100533594873, 0.18232322463624387, 0.17604545453939868, -0.09571859726038533, 0.03654408413779289, -0.13233947356603876, 0.5572226583556127, 0.2007058892128547, -0.17388017698576702, 0.05536365323582664, 0.06497221227363151, -0.27362168201519566, 0.09091429076557912, 0.0868094762538291, 0.297032030862771, -0.17372281285407365, 0.39849423328191874, -0.12037147650974113, 0.008307413104653782, 0.3044745717966556, 0.11882184103986773, -0.49852724275079086, -0.31649774837411704, 0.1817081647666311, 0.2940221311467447, -0.0955175077703425, -0.15931934100801765, 0.2144443856990039, -0.06839855680567693, -0.06077371254627639, -0.19060351098199613, -0.4573295603800236, -0.023598770623475516, 0.41731322384677144, 0.2206300210252589, 0.30619474421812065, 0.057310504662205504, -0.19299228773543156, 0.484733524490881, 0.3188935899216566, 0.0914659120760047]",0.6181818181818182,55,alpha086
-0.025077288017569904,-0.03657652742761704,1951,"[0.22188794348399668, 0.8108288770053476, -0.08337151584774617, 0.4712786843155502, -0.06708985604523521, 0.06275209181378986, 0.6319100058451013, 0.36923939289266317, 0.3108421736039514, 0.398127629722241, 0.20395432478220854, 0.03558297387690229, 0.12353728540672106, 0.3852639296187682, -0.22694587478866274, 0.3859996125581727, 0.04343257709506341, 0.22718299892433902, -0.2602118333891342, -0.4431628465672767, -0.021317568894939874, 0.11416491122343708, -0.46126369268446255, 0.4619387330171179, 0.2962789434121595, -0.11896814574384125, 0.25360453981651415, -0.014901312635409756, 0.27211034742007856, 0.20509184521302082, -0.4068200722169476, 0.29841553475547133, -0.05223916758802682, -0.1777215417685055, 0.08889339278122708, 0.29235270455102064, -0.1439697409919883, 0.17001439153031833, 0.18884746870463165, 0.3820825726108449, -0.11459724360258727, 0.21115470414083037, -0.08253291166145414, 0.0739774753272258, -0.046524356869184456, 0.06192210946343359, -0.37651444826184693, -0.42392828786504544, 0.2009267618652741, 0.19771209151961877, -0.18827860426850299, -0.170592105849097, -0.06866790557765189, 0.21005820859659138, 0.4897730648962983]",0.6181818181818182,55,alpha094
-0.024526626896402996,-0.021314631482351153,2061,"[-0.0503579746698444, 0.030386856273138196, 0.19393000362114804, -0.34539578111788666, 0.2843744692541431, 0.15234842169315221, 0.32834601841823485, 0.15670935878004125, 0.019224993357615752, 0.151082367962227, 0.22278319716975173, 0.5549515363326356, -0.05763904177042349, 0.059458839001056314, 0.1086157705902556, -0.2664777921982842, -0.2826383798805686, -0.2295342031445927, -0.2146768144472778, 0.36762775582381946, -0.08786687791935092, -0.2829643248412219, 0.19012520149931003, -0.050677204330618654, 0.42983478774750744, 0.23328473740792174, 0.14971942770159005, -0.08175191193132877, 0.34113206256964407, 0.16773074595619666, 0.07973661509306258, -0.3399889072874661, 0.11945556201992051, 0.3307992927672071, 0.4244999675729204, 0.31693284552319373, -0.2956801223154232, 0.19389664238554713, -0.30658330991377586, -0.19258222162991082, 0.2217026088787088, -0.47432763908213854, -0.14763640862887106, -0.42591642227273874, -0.22418832092301744, 0.005678885630303184, 0.2847473987257497, 0.03646422752776584, -0.11246692635530467, 0.18125276302049612, -0.29017115870147825, -0.349754259914075, 0.18765722879626873]",0.5849056603773585,53,alpha095
0.010863921956122515,7.355950767762763e-05,2061,"[0.41620520566995944, -0.46739013817212566, -0.233306781796103, -0.2865911773310138, 0.18267860345058892, 0.44716344378412193, -0.03291028406702852, 0.5020964452534338, 0.3305179408778126, -0.25966027923484003, 0.28655252331102754, 0.08907520473518414, -0.22695563301600724, 0.5436236708668005, -0.33493014885969796, 0.21769215452532148, -0.23145502494313788, -0.20774640255594334, -0.021657404091210496, 0.3087782910966996, 0.208176211258572, -0.24782813713684043, 0.216574040912105, -0.1719739212061805, -0.17909782822812811, -0.1309989094829201, 0.24377204397717436, 0.609772897851787, 0.4720574988929131, 0.2871945209695117, -0.24777925220471803, -0.09188889386147732, 0.1635519061527317, -0.03462440042599056, 0.021009701578763442, 0.07892042449421093, -0.14159262374085313, -0.12862393885688164, 0.18780428471223895, 0.3216656669799078, 0.37646848476066846, 0.47309001790593214, -0.1076570402443623, 0.2660339475677687, -0.14945888061534496, -0.4391148870151803, 0.5485047344504753, 0.03656056647380545, 0.22493385271060934, 0.36779067864751835, -0.5490075829869093, -0.35297675928110706, -0.15495968363463283]",0.5283018867924528,53,alpha099
0.011756577457887465,0.01889176926507613,2061,"[0.05443548387096775, 0.21368166717003928, -0.14153627311522046, -0.08656417112299465, 0.05128205128205128, 0.31744902797534374, 0.012802275960170697, -0.2453769559032717, -0.02892366050260787, -0.11960784313725492, -0.16576576576576577, -0.2669950738916256, 0.08764635080424554, -0.012091038406827879, -0.33121657754010697, 0.0469208211143695, -0.012121212121212121, -0.11231527093596057, 0.14229691876750702, 0.08724696356275304, -0.05201612903225807, 0.19184491978609627, -0.2176360225140713, -0.14126807563959956, 0.2418118466898955, -0.15325670498084293, 0.043339587242026266, 0.13447860816281867, -0.05791505791505792, -0.035365853658536596, -0.0747346536820221, 0.0047415836889521095, -0.20601173020527858, 0.11174134997163926, 0.13362369337979096, 0.14554655870445346, -0.1481781376518219, 0.11697860962566847, 0.2200222469410456, 0.03379790940766551, -0.2888744834292197, 0.02306149732620321, -0.1203559510567297, -0.2277003484320558, 0.08345187292555711, 0.1522048364153627, -0.16146688560481665, 0.07535014005602242, 0.1148205169759339, 0.15658263305322132, -0.0005148005148005149, -0.06072874493927126, -0.17212566844919788, -0.08198874296435274, -0.029343629343629347, -0.011282051282051281, -0.0669467787114846]",0.543859649122807,57,alpha101
